name,url,price,chipset,ram,internal_memory,screen_size,screen_resolution,screen_tech,refresh_rate,camera_main_resolution,camera_count,battery_capacity,security,cpu,brand,os,price_category,screen_resolution_k,chip_model
iPhone 17 Pro 256GB | Chính hãng,https://cellphones.com.vn/iphone-17-pro.html,34590000.0,Chip A19 Pro,12.0,256.0,6.3,1206 x 2622,Super Retina XDR,120.0,48,5.0,3582.0,Face ID,Chip A19 Pro,Apple,iOS,Premium,HD,A19 Bionic
iPhone 17 Pro Max 256GB | Chính hãng,https://cellphones.com.vn/iphone-17-pro-max.html,37990000.0,Chip A19 Pro,12.0,256.0,6.9,1320 x 2868,Super Retina XDR,120.0,48,5.0,4685.0,Face ID,Chip A19 Pro,Apple,iOS,Premium,HD,A19 Bionic
Samsung Galaxy S26 Ultra 12GB 256GB,https://cellphones.com.vn/dien-thoai-samsung-galaxy-s26-ultra.html,32990000.0,Snapdragon 8 Elite Gen 5 dành cho Galaxy,12.0,256.0,6.9,1440 x 3120,Dynamic AMOLED 2X,120.0,200,4.0,5000.0,Vân tay,Snapdragon 8 Elite Gen 5 dành cho Galaxy (3nm),Samsung,Android,Premium,FHD,Snapdragon 8 elite gen 5 dành cho galaxy
Samsung Galaxy S26 12GB 256GB,https://cellphones.com.vn/dien-thoai-samsung-galaxy-s26.html,22990000.0,Exynos 2600,12.0,256.0,6.3,1080 x 2340,Dynamic AMOLED 2X,120.0,50,3.0,4300.0,Vân tay,Exynos 2600 (2nm),Samsung,Android,Premium,HD,Exynos 2600
iPhone Air 256GB | Chính hãng,https://cellphones.com.vn/iphone-air-256gb.html,24990000.0,Chip A19 Pro,12.0,256.0,6.5,1260 x 2736,Super Retina XDR,120.0,48,1.0,3561.0,"Vân tay, Face ID",Chip A19 Pro,Apple,iOS,Premium,HD,A19 Bionic
iPhone 17 256GB | Chính hãng,https://cellphones.com.vn/iphone-17-256gb.html,24690000.0,Apple A19,12.0,256.0,6.3,1206 x 2622,Super Retina XDR OLED,120.0,48,3.0,3561.0,"Vân tay, Face ID",Apple A19,Apple,iOS,Premium,HD,A19 Bionic
Samsung Galaxy Z Flip7 12GB 256GB,https://cellphones.com.vn/dien-thoai-samsung-galaxy-z-flip-7.html,23990000.0,Snapdragon 8 Elite,12.0,256.0,6.9,1080 x 2340,Dynamic AMOLED 2X,120.0,50,2.0,4300.0,"Vân tay, Face ID",Snapdragon 8 Elite,Samsung,Android,Premium,HD,Snapdragon 8 elite
Samsung Galaxy Z Fold7 12GB 256GB,https://cellphones.com.vn/dien-thoai-samsung-galaxy-z-fold-7.html,41990000.0,Snapdragon 8 Elite 3nm for Galaxy,12.0,256.0,8.0,1080 x 2340,Dynamic AMOLED 2X,120.0,200,3.0,4400.0,"Vân tay, Face ID",Snapdragon® 8 Elite 3nm for Galaxy,Samsung,Android,Premium,HD,Snapdragon 8 elite
iPhone 15 128GB | Chính hãng VN/A,https://cellphones.com.vn/iphone-15.html,18090000.0,Apple A16 Bionic 6 nhân,6.0,128.0,6.1,1179 x 2556,Super Retina XDR OLED,60.0,48,2.0,3349.0,"Vân tay, Face ID",Apple A16 Bionic 6 nhân,Apple,iOS,Premium,HD,A16 Bionic
Samsung Galaxy S25 Ultra 12GB 256GB,https://cellphones.com.vn/dien-thoai-samsung-galaxy-s25-ultra.html,28990000.0,Snapdragon 8 Elite dành cho Galaxy,12.0,256.0,6.9,1440 x 3120,Dynamic AMOLED 2X,120.0,200,4.0,5000.0,"Vân tay, Face ID",Snapdragon 8 Elite dành cho Galaxy (3nm),Samsung,Android,Premium,FHD,Snapdragon 8 elite dành cho galaxy
Xiaomi 14T Pro 12GB 512GB,https://cellphones.com.vn/xiaomi-14t-pro.html,12990000.0,MediaTek Dimensity 9300,12.0,512.0,6.67,1220 x 2712,AMOLED,144.0,50,3.0,5000.0,"Vân tay, Face ID",MediaTek Dimensity 9300+,Xiaomi,Android,High,HD,Dimensity 9300
OPPO Reno15 F 5G 8GB 256GB,https://cellphones.com.vn/dien-thoai-oppo-reno15-f.html,11990000.0,Qualcomm Snapdragon 6 Gen 1 5G,8.0,256.0,6.57,1080 x 2372,AMOLED,120.0,50,3.0,7000.0,"Vân tay, Face ID",Qualcomm Snapdragon 6 Gen 1 5G,OPPO,Android,High,HD,Snapdragon 6 gen 1
OPPO Reno15 5G 12GB 256GB,https://cellphones.com.vn/dien-thoai-oppo-reno15.html,16990000.0,Qualcomm Snapdragon 7 Gen4 5G,12.0,256.0,6.59,1256 x 2760,AMOLED,120.0,50,3.0,6500.0,"Vân tay, Face ID",Qualcomm Snapdragon 7 Gen4 5G,OPPO,Android,Premium,HD,Snapdragon 7 gen4
iPhone 17e 256GB | Chính hãng,https://cellphones.com.vn/iphone-17e.html,17990000.0,Apple A19,12.0,256.0,6.1,1170 x 2532,Super Retina XDR,120.0,48,2.0,3561.0,Face ID,Apple A19,Apple,iOS,Premium,HD,A19 Bionic
Samsung Galaxy S26 Ultra 12GB 512GB,https://cellphones.com.vn/dien-thoai-samsung-galaxy-s26-ultra-12gb-512gb.html,34990000.0,Snapdragon 8 Elite Gen 5 dành cho Galaxy,12.0,512.0,6.9,1440 x 3120,Dynamic AMOLED 2X,120.0,200,4.0,5000.0,Vân tay,Snapdragon 8 Elite Gen 5 dành cho Galaxy (3nm),Samsung,Android,Premium,FHD,Snapdragon 8 elite gen 5 dành cho galaxy
Điện thoại iPhone 16 Pro Max 256GB,https://cellphones.com.vn/iphone-16-pro-max.html,31390000.0,Apple A18 Pro,8.0,256.0,6.9,1320 x 2868,Super Retina XDR OLED,120.0,48,3.0,4685.0,Face ID,Apple A18 Pro,Apple,iOS,Premium,HD,A18 Bionic
Nubia Neo 3 GT 12GB 256GB,https://cellphones.com.vn/dien-thoai-nubia-neo-3-gt-12gb-256gb.html,6690000.0,Unisoc T9100,12.0,256.0,6.8,1080 x 2392,OLED,120.0,50,2.0,6000.0,Vân tay,Unisoc T9100,Nubia,Android,Medium,HD,Unisoc t9100
OPPO Find X8 16GB 512GB,https://cellphones.com.vn/dien-thoai-oppo-find-x8.html,19490000.0,MediaTek Dimensity 9400,16.0,512.0,6.59,1256 x 2760,AMOLED,120.0,50,3.0,5630.0,"Vân tay, Face ID",MediaTek Dimensity 9400,OPPO,Android,Premium,HD,Dimensity 9400
Samsung Galaxy A17 5G 8GB 128GB,https://cellphones.com.vn/dien-thoai-samsung-galaxy-a17-5g.html,5890000.0,Exynos 1330,8.0,128.0,6.7,1080 x 2340,Super AMOLED,90.0,50,3.0,5000.0,"Vân tay, Face ID",Exynos 1330,Samsung,Android,Medium,HD,Exynos 1330
iPhone 16e 128GB | Chính hãng VN/A,https://cellphones.com.vn/iphone-16e.html,12490000.0,Chip A18,12.0,128.0,6.1,1170 x 2532,Super Retina XDR,60.0,48,4.0,3561.0,"Vân tay, Face ID",Chip A18,Apple,iOS,High,HD,A18 Bionic
Xiaomi Redmi Note 15 6GB 128GB,https://cellphones.com.vn/dien-thoai-xiaomi-redmi-note-15.html,5690000.0,MediaTek Helio G100Ultra,6.0,128.0,6.77,1080 x 2392,AMOLED,120.0,108,2.0,6000.0,"Vân tay, Face ID",MediaTek Helio G100-Ultra,Xiaomi,Android,Medium,HD,Helio G100ULTRA
Điện thoại Meizu Mblu 22 Pro NFC 6GB 256GB,https://cellphones.com.vn/dien-thoai-meizu-mblu-22-pro-6gb-256gb.html,2990000.0,MediaTek Helio G81,6.0,256.0,6.79,720 x 1640,TFT LCD,120.0,50,2.0,5000.0,"Vân tay, Face ID",MediaTek Helio G81,Meizu,Android,Low,HD,Helio G81
Samsung Galaxy A56 5G 8GB 128GB,https://cellphones.com.vn/dien-thoai-samsung-galaxy-a56.html,8990000.0,Exynos 1580,8.0,128.0,6.7,1080 x 2340,Super AMOLED,120.0,50,3.0,5000.0,"Vân tay, Face ID",Exynos 1580,Samsung,Android,High,HD,Exynos 1580
Xiaomi 15T 5G 12GB 512GB,https://cellphones.com.vn/dien-thoai-xiaomi-15t-5g.html,13990000.0,MediaTek Dimensity 8400Ultra,12.0,512.0,6.83,1080 x 2400,AMOLED,120.0,50,3.0,5500.0,"Vân tay, Face ID",MediaTek Dimensity 8400-Ultra,Xiaomi,Android,High,HD,Dimensity 8400ultra
Samsung Galaxy S25 FE 8GB 128GB,https://cellphones.com.vn/dien-thoai-samsung-galaxy-s25-fe.html,14050000.0,Exynos 2400,8.0,128.0,6.7,1080 x 2340,Dynamic AMOLED 2X,120.0,50,3.0,4900.0,"Vân tay, Face ID",Exynos 2400,Samsung,Android,High,HD,Exynos 2400
OPPO Find X9 12GB 256GB,https://cellphones.com.vn/dien-thoai-oppo-find-x9.html,22990000.0,Dimensity 9500 5G,12.0,256.0,6.59,1256 x 2760,AMOLED,120.0,50,4.0,7025.0,"Vân tay, Face ID",Dimensity 9500 5G,OPPO,Android,Premium,HD,Dimensity 9500
iPhone 17 Pro 512GB | Chính hãng,https://cellphones.com.vn/iphone-17-pro-512gb.html,40990000.0,Chip A19 Pro,12.0,512.0,6.3,1206 x 2622,Super Retina XDR,120.0,48,5.0,3582.0,Face ID,Chip A19 Pro,Apple,iOS,Premium,HD,A19 Bionic
iPhone 16 128GB | Chính hãng VN/A,https://cellphones.com.vn/iphone-16.html,20790000.0,Apple A18,8.0,128.0,6.1,1179 x 2556,Super Retina XDR OLED,60.0,48,2.0,3561.0,"Vân tay, Face ID",Apple A18,Apple,iOS,Premium,HD,A18 Bionic
iPhone 17 Pro Max 512GB | Chính hãng,https://cellphones.com.vn/iphone-17-pro-max-512gb.html,43490000.0,Chip A19 Pro,12.0,512.0,6.9,1320 x 2868,Super Retina XDR,120.0,48,5.0,4685.0,Face ID,Chip A19 Pro,Apple,iOS,Premium,HD,A19 Bionic
Nubia Neo 3 4G 8GB 128GB,https://cellphones.com.vn/dien-thoai-nubia-neo-3-4g.html,4090000.0,Unisoc T8100,8.0,128.0,6.8,1080 x 2400,IPS LCD,60.0,50,2.0,6000.0,Vân tay,Unisoc T8100,Nubia,Android,Medium,HD,Unisoc t8100
iPhone 15 256GB | Chính hãng VN/A,https://cellphones.com.vn/iphone-15-256gb.html,20790000.0,Apple A16 Bionic 6 nhân,6.0,256.0,6.1,1179 x 2556,Super Retina XDR OLED,60.0,48,2.0,3349.0,"Vân tay, Face ID",Apple A16 Bionic 6 nhân,Apple,iOS,Premium,HD,A16 Bionic
Samsung Galaxy A36 5G 8GB 128GB,https://cellphones.com.vn/dien-thoai-samsung-galaxy-a36.html,7490000.0,Snapdragon 6 Gen 3,8.0,128.0,6.7,1080 x 2340,Super AMOLED,120.0,50,3.0,5000.0,"Vân tay, Face ID",Snapdragon 6 Gen 3,Samsung,Android,Medium,HD,Snapdragon 6 gen 3
iPhone 14 128GB | Chính hãng VN/A,https://cellphones.com.vn/iphone-14.html,13890000.0,Apple A15 Bionic 6 nhân,6.0,128.0,6.1,1170 x 2532,OLED,60.0,12,2.0,3279.0,Face ID,Apple A15 Bionic 6 nhân,Apple,iOS,High,HD,A15 Bionic
Nubia V80 Design 8GB 128GB,https://cellphones.com.vn/dien-thoai-nubia-v80-design.html,3590000.0,Unisoc T7280,8.0,128.0,6.75,1080 x 2400,IPS LCD,120.0,50,3.0,5000.0,Mật khẩu,Unisoc T7280,Nubia,Android,Medium,HD,Unisoc t7280
Xiaomi POCO X7 Pro 5G 12GB 256GB,https://cellphones.com.vn/dien-thoai-poco-x7-pro-5g.html,9090000.0,Dimensity 8400Ultra,12.0,256.0,6.67,1220 x 2712,AMOLED,120.0,50,1.0,6000.0,Vân tay,Dimensity 8400-Ultra,Xiaomi,Android,High,HD,Dimensity 8400ultra
Samsung Galaxy S24 Plus 12GB 256GB,https://cellphones.com.vn/samsung-galaxy-s24-plus.html,16290000.0,Exynos 2400,12.0,256.0,6.7,1440 x 3120,Dynamic AMOLED 2X,120.0,50,3.0,4900.0,"Vân tay, Face ID",Exynos 2400,Samsung,Android,Premium,FHD,Exynos 2400
iPhone 16 Pro Max 512GB | Chính hãng VN/A,https://cellphones.com.vn/iphone-16-pro-max-512gb.html,37990000.0,Apple A18 Pro,12.0,512.0,6.9,1320 x 2868,Super Retina XDR OLED,120.0,48,3.0,4685.0,Face ID,Apple A18 Pro,Apple,iOS,Premium,HD,A18 Bionic
Nubia V80 Max 8GB 256GB,https://cellphones.com.vn/dien-thoai-nubia-v80-max.html,3590000.0,Unisoc T7250,8.0,256.0,6.9,1080 x 2400,IPS LCD,120.0,50,3.0,6000.0,Mật khẩu,Unisoc T7250,Nubia,Android,Medium,HD,Unisoc t7250
HONOR X8d 8GB 128GB,https://cellphones.com.vn/dien-thoai-honor-x8d.html,7790000.0,Snapdragon 6s 4G thế hệ 2,8.0,128.0,6.77,1080 x 2392,AMOLED,120.0,108,2.0,6800.0,"Vân tay, Face ID",Snapdragon 6s 4G thế hệ 2,Honor,Android,Medium,HD,Snapdragon 6
Samsung Galaxy A26 5G 8GB 128GB,https://cellphones.com.vn/dien-thoai-samsung-galaxy-a26.html,6470000.0,Exynos 1380,8.0,128.0,6.7,1080 x 2340,Super AMOLED,60.0,50,3.0,5000.0,"Vân tay, Face ID",Exynos 1380 (Quartz),Samsung,Android,Medium,HD,Exynos 1380
Samsung Galaxy A07 4GB 128GB,https://cellphones.com.vn/dien-thoai-samsung-galaxy-a07.html,3190000.0,MediaTek Helio G99,4.0,128.0,6.7,720 x 1600,IPS LCD,90.0,50,2.0,5000.0,"Vân tay, Face ID",MediaTek Helio G99,Samsung,Android,Medium,HD,Helio G99
iPhone 13 128GB | Chính hãng VN/A,https://cellphones.com.vn/iphone-13.html,12290000.0,Apple A15,4.0,128.0,6.1,1170 x 2532,Super Retina XDR OLED,60.0,12,2.0,3240.0,"Vân tay, Face ID",Apple A15,Apple,iOS,High,HD,A15 Bionic
Xiaomi Redmi Note 14 6GB 128GB,https://cellphones.com.vn/dien-thoai-xiaomi-redmi-note-14.html,4290000.0,MediaTek Helio G99Ultra,6.0,128.0,6.67,1080 x 2400,AMOLED,120.0,108,3.0,5500.0,"Vân tay, Face ID",MediaTek Helio G99-Ultra,Xiaomi,Android,Medium,HD,Helio G99ULTRA
Xiaomi Redmi Note 14 5G 8GB 256GB,https://cellphones.com.vn/dien-thoai-xiaomi-redmi-note-14-5g.html,6490000.0,MediaTek Dimensity 7025 Ultra,8.0,256.0,6.67,1080 x 2400,AMOLED,60.0,108,3.0,5110.0,Vân tay,MediaTek Dimensity 7025 - Ultra,Xiaomi,Android,Medium,HD,Dimensity 7025 ultra
Xiaomi 15T Pro 5G 12GB 512GB,https://cellphones.com.vn/dien-thoai-xiaomi-15t-pro-5g.html,19490000.0,MediaTek Dimensity 9400,12.0,512.0,6.83,1080 x 2400,AMOLED,120.0,50,3.0,5500.0,"Vân tay, Face ID",MediaTek Dimensity 9400+,Xiaomi,Android,Premium,HD,Dimensity 9400
iPhone 16 Plus 128GB | Chính hãng VN/A,https://cellphones.com.vn/iphone-16-plus.html,24790000.0,Apple A18,8.0,128.0,6.7,1290 x 2796,Super Retina XDR OLED,60.0,48,2.0,4674.0,"Vân tay, Face ID",Apple A18,Apple,iOS,Premium,HD,A18 Bionic
OPPO FIND N5,https://cellphones.com.vn/dien-thoai-oppo-find-n5.html,44180000.0,Qualcomm Snapdragon 8 Elite,16.0,512.0,8.12,2 x 480,AMOLED,60.0,50,3.0,5600.0,Vân tay,Qualcomm Snapdragon® 8 Elite,OPPO,Android,Premium,HD,Snapdragon 8 elite
Xiaomi 17 Ultra 5G 16GB 512GB,https://cellphones.com.vn/dien-thoai-xiaomi-17-ultra.html,36990000.0,Qualcomm Snapdragon 8 Elite Gen 5,16.0,512.0,6.9,1080 x 2400,LTPO AMOLED,120.0,200,2.0,6000.0,Vân tay,Qualcomm Snapdragon 8 Elite Gen 5,Xiaomi,Android,Premium,HD,Snapdragon 8 elite gen 5
OPPO Reno10 Pro+ 5G 12GB 256GB,https://cellphones.com.vn/oppo-reno10-pro-plus.html,10490000.0,Snapdragon 8 plus Gen 1 8 nhân,12.0,256.0,6.74,1240 x 2772,AMOLED,120.0,64,3.0,4700.0,"Vân tay, Face ID",Snapdragon 8 plus Gen 1 8 nhân,OPPO,Android,High,HD,Snapdragon 8 plus
Xiaomi Redmi Note 14 Pro Plus 5G 8GB 256GB,https://cellphones.com.vn/dien-thoai-xiaomi-redmi-note-14-pro-plus.html,7990000.0,Snapdragon 7s Gen 3,8.0,256.0,6.67,1220 x 2712,AMOLED,120.0,200,3.0,5110.0,"Vân tay, Face ID",Snapdragon® 7s Gen 3,Xiaomi,Android,Medium,HD,Snapdragon 7
Xiaomi POCO F8 Pro 5G 12GB 256GB,https://cellphones.com.vn/dien-thoai-poco-f8-pro-5g.html,14890000.0,Snapdragon 8 Elite,12.0,256.0,6.59,1156 x 2510,AMOLED,120.0,50,3.0,6210.0,"Vân tay, Face ID",Snapdragon® 8 Elite,Xiaomi,Android,High,HD,Snapdragon 8 elite
HONOR X9c 5G 12GB 256GB,https://cellphones.com.vn/dien-thoai-honor-x9c-5g.html,7290000.0,Qualcomm Snapdragon 6 Gen 1,12.0,256.0,6.78,1264 x 2736,AMOLED,120.0,108,2.0,6600.0,"Vân tay, Face ID",Qualcomm Snapdragon 6 Gen 1,Honor,Android,Medium,HD,Snapdragon 6 gen 1
iPhone 17 512GB | Chính hãng,https://cellphones.com.vn/iphone-17-512gb.html,30990000.0,Apple A19,12.0,512.0,6.3,1206 x 2622,Super Retina XDR OLED,120.0,48,3.0,3561.0,"Vân tay, Face ID",Apple A19,Apple,iOS,Premium,HD,A19 Bionic
iPhone 17 Pro Max 1TB | Chính hãng,https://cellphones.com.vn/iphone-17-pro-max-1tb.html,50490000.0,Chip A19 Pro,12.0,1024.0,6.9,1320 x 2868,Super Retina XDR,120.0,48,5.0,4685.0,Face ID,Chip A19 Pro,Apple,iOS,Premium,HD,A19 Bionic
OPPO A6 Pro 8GB 256GB,https://cellphones.com.vn/dien-thoai-oppo-a6-pro.html,9290000.0,MediaTek Helio G100 tối đa 22GHz,8.0,256.0,6.57,1080 x 2372,AMOLED,120.0,50,2.0,7000.0,Vân tay,"MediaTek Helio G100, tối đa 2.2GHz",OPPO,Android,High,HD,Helio G100
OPPO Find X9 Pro 16GB 512GB,https://cellphones.com.vn/dien-thoai-oppo-find-x9-pro.html,32990000.0,Dimensity 9500 5G,16.0,512.0,6.78,1080 x 2412,AMOLED,120.0,200,4.0,7500.0,Vân tay,Dimensity 9500 5G,OPPO,Android,Premium,HD,Dimensity 9500
iPhone 17 Pro Max 2TB | Chính hãng,https://cellphones.com.vn/iphone-17-pro-max-2tb.html,62790000.0,Chip A19 Pro,12.0,2048.0,6.9,1320 x 2868,Super Retina XDR,120.0,48,5.0,4685.0,Face ID,Chip A19 Pro,Apple,iOS,Premium,HD,A19 Bionic
HONOR X9d 12GB 512GB,https://cellphones.com.vn/dien-thoai-honor-x9d.html,11490000.0,Snapdragon 6 Gen 4,12.0,512.0,6.79,1200 x 2640,AMOLED,120.0,108,2.0,8300.0,"Vân tay, Face ID",Snapdragon 6 Gen 4,Honor,Android,High,HD,Snapdragon 6 gen 4
iPhone 14 Pro Max 256GB | Chính hãng VN/A,https://cellphones.com.vn/iphone-14-pro-max-256gb.html,27990000.0,Apple A16 Bionic 6 nhân,6.0,256.0,6.7,1290 x 2796,Super Retina XDR OLED,120.0,48,3.0,4323.0,Face ID,Apple A16 Bionic 6 nhân,Apple,iOS,Premium,HD,A16 Bionic
Samsung Galaxy S24 Ultra 12GB 256GB,https://cellphones.com.vn/samsung-galaxy-s24-ultra.html,25290000.0,Snapdragon 8 Gen 3 For Galaxy,12.0,256.0,6.8,1440 x 3120,Dynamic AMOLED 2X,120.0,200,4.0,5000.0,"Vân tay, Face ID",Snapdragon 8 Gen 3 For Galaxy,Samsung,Android,Premium,FHD,Snapdragon 8 gen 3
Samsung Galaxy A06 5G 4GB 128GB,https://cellphones.com.vn/dien-thoai-samsung-galaxy-a06-5g.html,2950000.0,MaliG57,4.0,128.0,6.7,720 x 1600,PLS LCD,90.0,50,2.0,5000.0,"Vân tay, Face ID",Mali-G57,Samsung,Android,Low,HD,Malig5 7
Samsung Galaxy S25 256GB,https://cellphones.com.vn/dien-thoai-samsung-galaxy-s25.html,18490000.0,Snapdragon 8 Elite dành cho Galaxy,12.0,256.0,6.2,1080 x 2340,Dynamic AMOLED 2X,120.0,50,3.0,4000.0,"Vân tay, Face ID",Snapdragon 8 Elite dành cho Galaxy (3nm),Samsung,Android,Premium,HD,Snapdragon 8 elite dành cho galaxy
Xiaomi Redmi Note 15 Pro 12GB 256GB,https://cellphones.com.vn/dien-thoai-xiaomi-redmi-note-15-pro.html,10090000.0,MediaTek Helio G200Ultra,12.0,256.0,6.77,1080 x 2392,AMOLED,120.0,200,2.0,6500.0,Mật khẩu,MediaTek Helio G200-Ultra,Xiaomi,Android,High,HD,Helio G200ULTRA
Samsung Galaxy S26 Ultra 16GB 1TB,https://cellphones.com.vn/dien-thoai-samsung-galaxy-s26-ultra-16gb-1tb.html,45490000.0,Snapdragon 8 Elite Gen 5 dành cho Galaxy,16.0,1024.0,6.9,1440 x 3120,Dynamic AMOLED 2X,120.0,200,4.0,5000.0,Vân tay,Snapdragon 8 Elite Gen 5 dành cho Galaxy (3nm),Samsung,Android,Premium,FHD,Snapdragon 8 elite gen 5 dành cho galaxy
iPhone 14 256GB | Chính hãng VN/A,https://cellphones.com.vn/iphone-14-256gb.html,16390000.0,Apple A15 Bionic 6 nhân,6.0,256.0,6.1,1170 x 2532,OLED,60.0,12,2.0,3279.0,Face ID,Apple A15 Bionic 6 nhân,Apple,iOS,Premium,HD,A15 Bionic
TECNO Spark 40 Pro+ 8GB 256GB,https://cellphones.com.vn/dien-thoai-tecno-spark-40-pro-plus.html,4890000.0,MediaTek Helio G200,8.0,256.0,6.78,720 x 1600,AMOLED,144.0,50,1.0,5200.0,"Vân tay, Face ID",MediaTek Helio G200,Tecno,Android,Medium,HD,Helio G200
ZTE Nubia Z60S Pro 16GB 512GB,https://cellphones.com.vn/dien-thoai-zte-nubia-z60s-pro-16gb-512gb.html,10990000.0,Snapdragon 8 Gen 2,16.0,512.0,6.78,1440 x 2160,AMOLED,120.0,50,3.0,5100.0,"Vân tay, Face ID",Snapdragon 8 Gen 2 (4 nm),ZTE,Android,High,FHD,Snapdragon 8 gen 2
iPhone 16e 256GB | Chính hãng VN/A,https://cellphones.com.vn/iphone-16e-256gb.html,14990000.0,Chip A18,12.0,256.0,6.1,1170 x 2532,Super Retina XDR,60.0,48,4.0,3561.0,"Vân tay, Face ID",Chip A18,Apple,iOS,High,HD,A18 Bionic
Xiaomi 15 Ultra 5G 16GB 512GB,https://cellphones.com.vn/dien-thoai-xiaomi-15-ultra.html,26990000.0,Snapdragon 8 Elite,16.0,512.0,6.73,1440 x 3200,AMOLED,120.0,200,4.0,5410.0,"Vân tay, Face ID",Snapdragon 8 Elite (Tiến trình sản xuất 3nm),Xiaomi,Android,Premium,FHD,Snapdragon 8 elite
iPhone 17 Pro 1TB | Chính hãng,https://cellphones.com.vn/iphone-17-pro-1tb.html,46590000.0,Chip A19 Pro,12.0,1024.0,6.3,1206 x 2622,Super Retina XDR,120.0,48,5.0,3582.0,Face ID,Chip A19 Pro,Apple,iOS,Premium,HD,A19 Bionic
Điện thoại Nubia Z70 Ultra 5G 12GB 256GB,https://cellphones.com.vn/dien-thoai-zte-z70-ultra-12gb-256gb.html,16990000.0,Snapdragon 8 Elite,12.0,256.0,6.85,1080 x 2400,AMOLED,144.0,64,3.0,6150.0,"Vân tay, Face ID",Snapdragon 8 Elite (3 nm),Nubia,Android,Premium,HD,Snapdragon 8 elite
HONOR 400 Pro 5G 12GB 512GB,https://cellphones.com.vn/dien-thoai-honor-400-pro-5g.html,14990000.0,Snapdragon 8 Gen 3,12.0,512.0,6.7,1280 x 2800,AMOLED,120.0,200,3.0,6000.0,"Vân tay, Face ID",Snapdragon 8 Gen 3,Honor,Android,High,HD,Snapdragon 8 gen 3
Xiaomi Redmi Note 15 Pro 5G 12GB 256GB,https://cellphones.com.vn/dien-thoai-xiaomi-redmi-note-15-pro-5g.html,11190000.0,MediaTek Dimensity 7400Ultra,12.0,256.0,6.83,1280 x 2772,AMOLED,120.0,200,2.0,6580.0,"Vân tay, Face ID",MediaTek Dimensity 7400-Ultra,Xiaomi,Android,High,HD,Dimensity 7400ultra
Xiaomi Redmi Note 15 5G 6GB 128GB,https://cellphones.com.vn/dien-thoai-xiaomi-redmi-note-15-5g.html,6990000.0,Snapdragon 6 Gen 3,6.0,128.0,6.77,1080 x 2392,AMOLED,120.0,108,2.0,5520.0,"Vân tay, Face ID",Snapdragon® 6 Gen 3,Xiaomi,Android,Medium,HD,Snapdragon 6 gen 3
Xiaomi Redmi 15 5G 8GB 256GB,https://cellphones.com.vn/dien-thoai-xiaomi-redmi-15-5g-8gb-256gb.html,6190000.0,Snapdragon 6s Gen 3,8.0,256.0,6.9,1080 x 2340,IPS LCD,144.0,50,1.0,7000.0,"Vân tay, Face ID",Snapdragon® 6s Gen 3,Xiaomi,Android,Medium,HD,Snapdragon 6
Samsung Galaxy S25 Ultra 512GB,https://cellphones.com.vn/dien-thoai-samsung-galaxy-s25-ultra-512gb.html,29810000.0,Snapdragon 8 Elite dành cho Galaxy,12.0,512.0,6.9,1440 x 3120,Dynamic AMOLED 2X,120.0,200,4.0,5000.0,"Vân tay, Face ID",Snapdragon 8 Elite dành cho Galaxy (3nm),Samsung,Android,Premium,FHD,Snapdragon 8 elite dành cho galaxy
HONOR 400 5G 12GB 256GB,https://cellphones.com.vn/dien-thoai-honor-400-5g.html,11990000.0,Snapdragon 7 Gen 3,12.0,256.0,6.55,1264 x 2736,AMOLED,120.0,200,2.0,6000.0,"Vân tay, Face ID",Snapdragon 7 Gen 3,Honor,Android,High,HD,Snapdragon 7 gen 3
Xiaomi Redmi 15C 4GB 128GB NFC,https://cellphones.com.vn/dien-thoai-xiaomi-redmi-15c.html,3390000.0,MediaTek Helio G81Ultra,4.0,128.0,6.9,720 x 1600,LCD,120.0,50,1.0,6000.0,"Vân tay, Face ID",MediaTek Helio G81-Ultra,Xiaomi,Android,Medium,HD,Helio G81ULTRA
iPhone 16 Plus 256GB | Chính hãng VN/A,https://cellphones.com.vn/iphone-16-plus-256gb.html,27790000.0,Apple A18,12.0,256.0,6.7,1290 x 2796,Super Retina XDR OLED,60.0,48,2.0,4674.0,"Vân tay, Face ID",Apple A18,Apple,iOS,Premium,HD,A18 Bionic
OPPO Reno12 5G 12GB 256GB,https://cellphones.com.vn/dien-thoai-oppo-reno12-5g.html,8990000.0,MediaTek Dimensity 7300,12.0,256.0,6.7,1080 x 2412,AMOLED,120.0,50,3.0,5000.0,"Vân tay, Face ID",MediaTek Dimensity 7300,OPPO,Android,High,HD,Dimensity 7300
iPhone 17e 512GB | Chính hãng,https://cellphones.com.vn/iphone-17e-512gb.html,24490000.0,Apple A19,12.0,512.0,6.1,1170 x 2532,Super Retina XDR,120.0,48,2.0,3561.0,Face ID,Apple A19,Apple,iOS,Premium,HD,A19 Bionic
OPPO Find X9 16GB 512GB,https://cellphones.com.vn/dien-thoai-oppo-find-x9-16gb-512gb.html,26990000.0,Dimensity 9500 5G,16.0,512.0,6.59,1256 x 2760,AMOLED,120.0,50,4.0,7025.0,"Vân tay, Face ID",Dimensity 9500 5G,OPPO,Android,Premium,HD,Dimensity 9500
Xiaomi Redmi Note 13 Pro 8GB 256GB,https://cellphones.com.vn/dien-thoai-xiaomi-redmi-note-13-pro-8gb-256gb.html,4990000.0,MediaTek Helio G99Ultra 8 nhân,8.0,256.0,6.67,1080 x 2400,AMOLED,120.0,200,3.0,5000.0,"Vân tay, Face ID",MediaTek Helio G99-Ultra 8 nhân,Xiaomi,Android,Medium,HD,Helio G99ULTRA
Meizu Lucky 08 5G 12GB 256GB,https://cellphones.com.vn/dien-thoai-meizu-lucky-08.html,5490000.0,Snapdragon 7s Gen 2,12.0,256.0,6.78,1264 x 2780,AMOLED,120.0,108,2.0,6000.0,"Vân tay, Face ID",Snapdragon 7s Gen 2,Meizu,Android,Medium,HD,Snapdragon 7
Samsung Galaxy A17 8GB 128GB,https://cellphones.com.vn/dien-thoai-samsung-galaxy-a17.html,4990000.0,MediaTek Helio G99,8.0,128.0,6.7,1080 x 2340,Super AMOLED,90.0,50,3.0,5000.0,"Vân tay, Face ID",MediaTek Helio G99,Samsung,Android,Medium,HD,Helio G99
Samsung Galaxy S25 Plus 256GB,https://cellphones.com.vn/dien-thoai-samsung-galaxy-s25-plus.html,22700000.0,Snapdragon 8 Elite dành cho Galaxy,12.0,256.0,6.7,1440 x 3120,Dynamic AMOLED 2X,120.0,50,3.0,4900.0,"Vân tay, Face ID",Snapdragon 8 Elite dành cho Galaxy (3nm),Samsung,Android,Premium,FHD,Snapdragon 8 elite dành cho galaxy
Xiaomi 15 5G 12GB 512GB,https://cellphones.com.vn/dien-thoai-xiaomi-15-12gb-512gb.html,19490000.0,Snapdragon 8 Elite,12.0,512.0,6.36,1200 x 2670,CrystalRes AMOLED,120.0,50,3.0,5240.0,"Vân tay, Face ID",Snapdragon 8 Elite (Tiến trình sản xuất 3nm),Xiaomi,Android,Premium,HD,Snapdragon 8 elite
Samsung Galaxy S26 Plus 12GB 512GB,https://cellphones.com.vn/dien-thoai-samsung-galaxy-s26-plus-12gb-512gb.html,29490000.0,Exynos 2600,12.0,512.0,6.7,1440 x 3120,Dynamic AMOLED 2X,120.0,50,3.0,4900.0,Vân tay,Exynos 2600 (2nm),Samsung,Android,Premium,FHD,Exynos 2600
iPhone Air 512GB | Chính hãng,https://cellphones.com.vn/iphone-air-512gb.html,30490000.0,Chip A19 Pro,12.0,512.0,6.5,1260 x 2736,Super Retina XDR,120.0,48,1.0,3561.0,"Vân tay, Face ID",Chip A19 Pro,Apple,iOS,Premium,HD,A19 Bionic
Nothing Phone 2A Plus 5G 12GB 256GB,https://cellphones.com.vn/dien-thoai-nothing-phone-2a-plus.html,7990000.0,MediaTek Dimensity 7350 Pro 5G,12.0,256.0,6.7,1080 x 2412,Flexible AMOLED On-cell,120.0,50,2.0,5000.0,Mật khẩu,MediaTek Dimensity 7350 Pro 5G,Nothing,Android,Medium,HD,Dimensity 7350 pro
Xiaomi 15 Ultra 5G 16GB 1TB,https://cellphones.com.vn/dien-thoai-xiaomi-15-ultra-1tb.html,28990000.0,Snapdragon 8 Elite,16.0,1024.0,6.73,1440 x 3200,AMOLED,60.0,200,4.0,5410.0,Mật khẩu,Snapdragon 8 Elite (Tiến trình sản xuất 3nm),Xiaomi,Android,Premium,FHD,Snapdragon 8 elite
OPPO Reno12 F 5G 8GB 256GB,https://cellphones.com.vn/dien-thoai-oppo-reno12-f.html,7120000.0,MediaTek Dimensity 6300,8.0,256.0,6.7,1080 x 2412,AMOLED,120.0,50,3.0,5000.0,"Vân tay, Face ID",MediaTek Dimensity 6300,OPPO,Android,Medium,HD,Dimensity 6300
Xiaomi 17 Ultra 5G 16GB 1TB,https://cellphones.com.vn/dien-thoai-xiaomi-17-ultra-16gb-1tb.html,39990000.0,Qualcomm Snapdragon 8 Elite Gen 5,16.0,1024.0,6.9,1080 x 2400,LTPO OLED,120.0,200,2.0,6000.0,Vân tay,Qualcomm Snapdragon 8 Elite Gen 5,Xiaomi,Android,Premium,HD,Snapdragon 8 elite gen 5
Samsung Galaxy S24 Ultra 12GB 512GB,https://cellphones.com.vn/samsung-galaxy-s24-ultra-512gb.html,23990000.0,Snapdragon 8 Gen 3,12.0,512.0,6.8,1440 x 3120,Dynamic AMOLED 2X,120.0,200,4.0,5000.0,"Vân tay, Face ID",Snapdragon 8 Gen 3,Samsung,Android,Premium,FHD,Snapdragon 8 gen 3
Samsung Galaxy S26 Plus 12GB 256GB,https://cellphones.com.vn/dien-thoai-samsung-galaxy-s26-plus.html,26990000.0,Exynos 2600,12.0,256.0,6.7,1440 x 3120,Dynamic AMOLED 2X,120.0,50,3.0,4900.0,Vân tay,Exynos 2600 (2nm),Samsung,Android,Premium,FHD,Exynos 2600
Xiaomi POCO X7 5G 12GB 512GB,https://cellphones.com.vn/dien-thoai-xiaomi-poco-x7-5g.html,8490000.0,Powerful Dimensity 7300Ultra,12.0,512.0,6.67,1220 x 2712,AMOLED,120.0,50,3.0,5110.0,"Vân tay, Face ID",Powerful Dimensity 7300-Ultra,Xiaomi,Android,High,HD,Dimensity 7300ultra
Samsung Galaxy A07 5G 4GB 128GB,https://cellphones.com.vn/dien-thoai-samsung-galaxy-a07-5g.html,4390000.0,MediaTek Dimensity 6300 5G,4.0,128.0,6.7,720 x 1600,PLS LCD,60.0,50,2.0,6000.0,Mật khẩu,MediaTek Dimensity 6300 5G,Samsung,Android,Medium,HD,Dimensity 6300
OPPO Reno14 5G 12GB 256GB,https://cellphones.com.vn/dien-thoai-oppo-reno14.html,15500000.0,MediaTek Dimensity 8350 5G tối đa 335GHz,12.0,256.0,6.59,1256 x 2760,AMOLED,120.0,50,3.0,6000.0,"Vân tay, Face ID","MediaTek Dimensity 8350 5G, tối đa 3.35GHz",OPPO,Android,Premium,HD,Dimensity 8350
Samsung Galaxy S25 FE 8GB 512GB,https://cellphones.com.vn/dien-thoai-samsung-galaxy-s25-fe-8gb-512gb.html,18590000.0,Exynos 2400,8.0,512.0,6.7,1080 x 2340,Dynamic AMOLED 2X,120.0,50,3.0,4900.0,"Vân tay, Face ID",Exynos 2400,Samsung,Android,Premium,HD,Exynos 2400
Tecno Pova 7 8GB 128GB,https://cellphones.com.vn/dien-thoai-tecno-pova-7.html,4490000.0,MediaTek Helio G100 Utimate,8.0,128.0,6.78,1080 x 2460,IPS LCD,120.0,50,0.0,7000.0,Mật khẩu,MediaTek Helio G100 Utimate,Tecno,Android,Medium,HD,Helio G100
Samsung Galaxy A06 4GB 128GB,https://cellphones.com.vn/dien-thoai-samsung-galaxy-a06.html,2790000.0,MediaTek Helio G85,4.0,128.0,6.7,720 x 1600,PLS LCD,60.0,50,2.0,5000.0,"Vân tay, Face ID",MediaTek Helio G85,Samsung,Android,Low,HD,Helio G85
Sony Xperia 1 VII 12GB 256GB,https://cellphones.com.vn/dien-thoai-sony-xperia-1-vii.html,27090000.0,Snapdragon 8 Elite,12.0,256.0,6.5,1080 x 2340,OLED,120.0,52,3.0,5000.0,Vân tay,Snapdragon® 8 Elite,Sony,Android,Premium,HD,Snapdragon 8 elite
Samsung Galaxy A07 8GB 256GB,https://cellphones.com.vn/dien-thoai-samsung-galaxy-a07-256gb.html,4290000.0,MediaTek Helio G99,8.0,256.0,6.7,720 x 1600,IPS LCD,90.0,50,2.0,5000.0,Vân tay,MediaTek Helio G99,Samsung,Android,Medium,HD,Helio G99
Samsung Galaxy A16 LTE 4GB 128GB,https://cellphones.com.vn/dien-thoai-samsung-galaxy-a16-lte.html,3490000.0,MediaTek Helio G99,4.0,128.0,6.7,1080 x 2340,Super AMOLED,90.0,50,3.0,5000.0,"Vân tay, Face ID",MediaTek Helio G99,Samsung,Android,Medium,HD,Helio G99
iPhone 11 128GB | Chính hãng VN/A,https://cellphones.com.vn/iphone-11-128gb.html,13990000.0,A13 Bionic,4.0,128.0,6.1,828 x 1792,IPS LCD,60.0,12,1.0,3110.0,Face ID,A13 Bionic,Apple,iOS,High,HD,A13 Bionic
Nubia Neo 2 5G,https://cellphones.com.vn/nubia-neo-2.html,4290000.0,Unisoc T820,8.0,256.0,6.72,1080 x 2400,IPS LCD,120.0,50,2.0,6000.0,Vân tay,Unisoc T820 (6 nm),Nubia,Android,Medium,HD,Unisoc t820
Samsung Galaxy S25 Plus 512GB,https://cellphones.com.vn/dien-thoai-samsung-galaxy-s25-plus-512gb.html,25490000.0,Snapdragon 8 Elite dành cho Galaxy,12.0,512.0,6.7,1440 x 3120,Dynamic AMOLED 2X,120.0,50,3.0,4900.0,"Vân tay, Face ID",Snapdragon 8 Elite dành cho Galaxy (3nm),Samsung,Android,Premium,FHD,Snapdragon 8 elite dành cho galaxy
iPhone Air 1TB | Chính hãng,https://cellphones.com.vn/iphone-air-1tb.html,35990000.0,Chip A19 Pro,12.0,1024.0,6.5,1260 x 2736,Super Retina XDR,120.0,48,1.0,3561.0,"Vân tay, Face ID",Chip A19 Pro,Apple,iOS,Premium,HD,A19 Bionic
Samsung Galaxy Z Fold 6 12GB 256GB,https://cellphones.com.vn/samsung-galaxy-z-fold-6.html,29990000.0,Snapdragon 8 Gen 3 for Galaxy Tăng lên 42 AI,12.0,256.0,7.6,1856 x 2160,Dynamic AMOLED 2X,120.0,50,3.0,4400.0,"Vân tay, Face ID",Snapdragon 8 Gen 3 for Galaxy Tăng lên 42% AI,Samsung,Android,Premium,FHD,Snapdragon 8 gen 3
Điện thoại Meizu Mblu Note 21 Pro NFC 8GB 256GB,https://cellphones.com.vn/dien-thoai-meizu-mblu-note-21-pro.html,3990000.0,Mediatek Helio G99,8.0,256.0,6.78,1080 x 2400,IPS LCD,120.0,64,2.0,5000.0,Mật khẩu,Mediatek Helio G99 (6 nm),Meizu,Android,Medium,HD,Helio G99
Samsung Galaxy S26 12GB 512GB,https://cellphones.com.vn/dien-thoai-samsung-galaxy-s26-12gb-512gb.html,25490000.0,Exynos 2600,12.0,512.0,6.3,1080 x 2340,Dynamic AMOLED 2X,120.0,50,3.0,4300.0,Vân tay,Exynos 2600 (2nm),Samsung,Android,Premium,HD,Exynos 2600
OPPO A58 8GB 128GB,https://cellphones.com.vn/oppo-a58-8gb-128gb.html,4500000.0,MediaTek Helio G85 8 nhân,8.0,128.0,6.72,1080 x 2412,LTPS LCD,60.0,50,2.0,5000.0,"Vân tay, Face ID",MediaTek Helio G85 8 nhân,OPPO,Android,Medium,HD,Helio G85
HONOR Magic V5 16GB 512GB,https://cellphones.com.vn/dien-thoai-honor-magic-v5.html,41990000.0,Qualcomm Snapdragon 8 Elite,16.0,512.0,6.43,1264 x 2736,OLED,120.0,64,3.0,5820.0,"Vân tay, Face ID",Qualcomm Snapdragon 8 Elite,Honor,Android,Premium,HD,Snapdragon 8 elite
Samsung Galaxy Z Fold7 12GB 512GB,https://cellphones.com.vn/dien-thoai-samsung-galaxy-z-fold-7-12gb-512gb.html,42290000.0,Snapdragon 8 Elite 3nm for Galaxy,12.0,512.0,8.0,1080 x 2340,Dynamic AMOLED 2X,120.0,200,3.0,4400.0,"Vân tay, Face ID",Snapdragon® 8 Elite 3nm for Galaxy,Samsung,Android,Premium,HD,Snapdragon 8 elite
OPPO A3 6GB 128GB,https://cellphones.com.vn/dien-thoai-oppo-a3.html,4500000.0,Snapdragon 6s 4G Gen1 tối đa 21GHz,6.0,128.0,6.67,720 x 1604,LCD,90.0,50,1.0,5100.0,"Vân tay, Face ID","Snapdragon 6s 4G Gen1, tối đa 2.1GHz",OPPO,Android,Medium,HD,Snapdragon 6
Xiaomi Redmi Note 13 6GB 128GB,https://cellphones.com.vn/xiaomi-redmi-note-13.html,3790000.0,Snapdragon 685,6.0,128.0,6.67,1080 x 2400,AMOLED,120.0,108,3.0,5000.0,"Vân tay, Face ID",Snapdragon 685,Xiaomi,Android,Medium,HD,Snapdragon 685
OPPO Reno13 F 5G 12GB 256GB,https://cellphones.com.vn/dien-thoai-oppo-reno13f-5g.html,8990000.0,Qualcomm Snapdragon 6 Gen1 5G tối đa 22GHz,12.0,256.0,6.67,1080 x 2400,AMOLED,120.0,50,3.0,5800.0,"Vân tay, Face ID","Qualcomm Snapdragon 6 Gen1 5G, tối đa 2.2GHz",OPPO,Android,High,HD,Snapdragon 6 gen1
Nothing Phone 3A 8GB 128GB,https://cellphones.com.vn/dien-thoai-nothing-phone-3a.html,8790000.0,Qualcomm SM7635 Snapdragon 7s Gen 3,8.0,128.0,6.77,1080 x 2392,AMOLED,120.0,50,3.0,5000.0,Vân tay,Qualcomm SM7635 Snapdragon 7s Gen 3,Nothing,Android,High,HD,M7635
OPPO A5i Pro 8GB 128GB,https://cellphones.com.vn/dien-thoai-oppo-a5i-pro.html,6290000.0,Snapdragon 6s 4G Gen1 tối đa 21GHz,8.0,128.0,6.67,720 x 1604,LCD,90.0,50,2.0,6000.0,Vân tay,"Snapdragon 6s 4G Gen1, tối đa 2.1GHz",OPPO,Android,Medium,HD,Snapdragon 6
TECNO CAMON 40 Pro 8GB 256GB,https://cellphones.com.vn/dien-thoai-tecno-camon-40-pro.html,5590000.0,Mediatek Helio G100 Ultimate,8.0,256.0,6.78,720 x 1600,AMOLED,60.0,50,2.0,5200.0,Mật khẩu,Mediatek Helio G100 Ultimate,Tecno,Android,Medium,HD,Helio G100
HONOR X7d 8GB 256GB,https://cellphones.com.vn/dien-thoai-honor-x7d.html,5890000.0,Qualcomm Snapdragon 685,8.0,256.0,6.77,1264 x 2736,TFT LCD,120.0,108,2.0,6500.0,"Vân tay, Face ID",Qualcomm Snapdragon 685,Honor,Android,Medium,HD,Snapdragon 685
OPPO A6 Pro 8GB 128GB,https://cellphones.com.vn/dien-thoai-oppo-a6-pro-8gb-128gb.html,8290000.0,MediaTek Helio G100 tối đa 22GHz,8.0,128.0,6.57,1080 x 2372,AMOLED,120.0,50,2.0,7000.0,Vân tay,"MediaTek Helio G100, tối đa 2.2GHz",OPPO,Android,High,HD,Helio G100
OPPO A3 8GB 256GB,https://cellphones.com.vn/dien-thoai-oppo-a3-8gb-256gb.html,5780000.0,Snapdragon 6s 4G Gen1 tối đa 21GHz,8.0,256.0,6.67,720 x 1604,LCD,90.0,50,1.0,5100.0,"Vân tay, Face ID","Snapdragon 6s 4G Gen1, tối đa 2.1GHz",OPPO,Android,Medium,HD,Snapdragon 6
OPPO A79 5G 8GB 256GB,https://cellphones.com.vn/oppo-a79.html,7060000.0,MediaTek Dimensity 6020 5G 8 nhân,8.0,256.0,6.72,1080 x 2400,AMOLED,90.0,50,2.0,5000.0,"Vân tay, Face ID",MediaTek Dimensity 6020 5G 8 nhân,OPPO,Android,Medium,HD,Dimensity 6020
Xiaomi Redmi 15C 8GB 256GB NFC,https://cellphones.com.vn/dien-thoai-xiaomi-redmi-15c-8gb-256gb.html,4490000.0,MediaTek Helio G81Ultra,8.0,256.0,6.9,720 x 1600,LCD,120.0,50,1.0,6000.0,"Vân tay, Face ID",MediaTek Helio G81-Ultra,Xiaomi,Android,Medium,HD,Helio G81ULTRA
Tecno Pova 7 8GB 256GB,https://cellphones.com.vn/dien-thoai-tecno-pova-7-256gb.html,4990000.0,MediaTek Helio G100 Utimate,8.0,256.0,6.78,1080 x 2460,IPS LCD,120.0,50,0.0,7000.0,Mật khẩu,MediaTek Helio G100 Utimate,Tecno,Android,Medium,HD,Helio G100
OPPO Find X5 Pro 5G 12GB 256GB,https://cellphones.com.vn/oppo-find-x5-pro.html,12990000.0,Qualcomm Snapdragon 8 Gen 1,12.0,256.0,6.7,1440 x 3216,AMOLED,120.0,50,3.0,5000.0,Vân tay,Qualcomm Snapdragon 8 Gen 1,OPPO,Android,High,FHD,Snapdragon 8 gen 1
TECNO SPARK 30 Pro 8GB 256GB Transformer,https://cellphones.com.vn/dien-thoai-tecno-spark-30-pro-8gb-256gb.html,3990000.0,MediaTek Helio G100,8.0,256.0,6.78,720 x 1600,AMOLED,60.0,108,1.0,5000.0,Vân tay,MediaTek Helio G100,Tecno,Android,Medium,HD,Helio G100
Samsung Galaxy S25 512GB,https://cellphones.com.vn/dien-thoai-samsung-galaxy-s25-512gb.html,20090000.0,Snapdragon 8 Elite dành cho Galaxy,12.0,512.0,6.2,1080 x 2340,Dynamic AMOLED 2X,120.0,50,3.0,4000.0,"Vân tay, Face ID",Snapdragon 8 Elite dành cho Galaxy (3nm),Samsung,Android,Premium,HD,Snapdragon 8 elite dành cho galaxy
Samsung Galaxy Z Flip7 12GB 512GB,https://cellphones.com.vn/dien-thoai-samsung-galaxy-z-flip-7-12gb-512gb.html,26990000.0,Snapdragon 8 Elite,12.0,512.0,6.9,1080 x 2340,Dynamic AMOLED 2X,120.0,50,2.0,4300.0,"Vân tay, Face ID",Snapdragon 8 Elite,Samsung,Android,Premium,HD,Snapdragon 8 elite
OPPO Find N3 16GB 512GB,https://cellphones.com.vn/oppo-find-n3.html,26990000.0,Snapdragon 8 Gen 2 8 nhân,16.0,512.0,7.82,2268 x 2440,OLED,120.0,64,3.0,4805.0,"Vân tay, Face ID",Snapdragon 8 Gen 2 8 nhân,OPPO,Android,Premium,2K,Snapdragon 8 gen 2
Điện thoại Masstel S7 4GB 128GB,https://cellphones.com.vn/dien-thoai-masstel-s7.html,1990000.0,Unisoc SC9863A,4.0,128.0,6.745,720 x 1600,IPS LCD,60.0,13,1.0,5000.0,"Vân tay, Face ID",Unisoc SC9863A,Other,Android,Low,HD,Sc986 3a
Nubia V80 Max 8GB 128GB,https://cellphones.com.vn/dien-thoai-nubia-v80-max-8gb-128gb.html,3290000.0,Unisoc T7250,8.0,128.0,6.9,1080 x 2400,IPS LCD,120.0,50,3.0,6000.0,Mật khẩu,Unisoc T7250,Nubia,Android,Medium,HD,Unisoc t7250
OPPO A3X 6GB 128GB,https://cellphones.com.vn/dien-thoai-oppo-a3x-6gb-128gb.html,4210000.0,Qualcomm Snapdragon 6s 4G Gen1,6.0,128.0,6.67,720 x 1604,LCD,60.0,8,1.0,5100.0,Mật khẩu,Qualcomm® Snapdragon® 6s 4G Gen1,OPPO,Android,Medium,HD,Snapdragon 6
Xiaomi Redmi Note 12 4GB 128GB,https://cellphones.com.vn/xiaomi-redmi-note-12.html,3790000.0,Qualcomm Snapdragon 685,4.0,128.0,6.67,1080 x 2400,AMOLED,120.0,50,3.0,5000.0,"Vân tay, Face ID",Qualcomm Snapdragon 685,Xiaomi,Android,Medium,HD,Snapdragon 685
Nubia Air 5G 8GB 256GB,https://cellphones.com.vn/dien-thoai-nubia-air-5g.html,5490000.0,Unisoc T8300,8.0,256.0,6.78,1080 x 2400,AMOLED,120.0,50,1.0,5000.0,"Vân tay, Face ID",Unisoc T8300,Nubia,Android,Medium,HD,Unisoc t8300
Sony Xperia 10 VII 8GB 128GB,https://cellphones.com.vn/dien-thoai-sony-xperia-10-vii.html,11690000.0,Snapdragon 6 Thế hệ 3,8.0,128.0,6.1,1080 x 2340,FHD+ OLED,120.0,50,2.0,5000.0,Vân tay,Snapdragon® 6 Thế hệ 3,Sony,Android,High,HD,Snapdragon 6
OPPO A6t 6GB 256GB,https://cellphones.com.vn/dien-thoai-oppo-a6t-6gb-256gb.html,5490000.0,Qualcomm Snapdragon 685,6.0,256.0,6.75,1080 x 2412,LCD,120.0,13,1.0,6100.0,Vân tay,Qualcomm Snapdragon 685,OPPO,Android,Medium,HD,Snapdragon 685
OPPO Find N3 Flip 12GB 256GB,https://cellphones.com.vn/oppo-find-n3-flip.html,13990000.0,MediaTek Dimensity 9200,12.0,256.0,6.8,1080 x 2520,AMOLED,120.0,50,3.0,4300.0,"Vân tay, Face ID",MediaTek Dimensity 9200,OPPO,Android,High,HD,Dimensity 9200
TECNO CAMON 40 8GB 128GB,https://cellphones.com.vn/dien-thoai-tecno-camon-40.html,4990000.0,Mediatek Helio G100 Ultimate,8.0,128.0,6.78,720 x 1600,AMOLED,120.0,50,2.0,5200.0,Mật khẩu,Mediatek Helio G100 Ultimate,Tecno,Android,Medium,HD,Helio G100
Nothing Phone 2A 5G 8GB 128GB,https://cellphones.com.vn/dien-thoai-nothing-phone-2a.html,6990000.0,MediaTek Dimensity 7200 Pro,8.0,128.0,6.7,1080 x 2412,Flexible AMOLED On-cell,120.0,50,2.0,5000.0,Mật khẩu,MediaTek Dimensity 7200 Pro (4nm TSMC process),Nothing,Android,Medium,HD,Dimensity 7200 pro
Nubia V70 Design 8GB 128GB,https://cellphones.com.vn/dien-thoai-nubia-v70-design-8gb-128gb.html,2790000.0,Unisoc T606,8.0,128.0,6.7,720 x 1600,IPS LCD,60.0,50,2.0,5000.0,Vân tay,Unisoc T606,Nubia,Android,Low,HD,Unisoc t606
Samsung Galaxy Z Flip6 12GB 256GB,https://cellphones.com.vn/samsung-galaxy-z-flip-6.html,19990000.0,Snapdragon 8 Gen 3 for Galaxy Tăng lên 42 AI,12.0,256.0,6.7,1080 x 2640,Dynamic AMOLED 2X,120.0,50,2.0,4000.0,"Vân tay, Face ID",Snapdragon 8 Gen 3 for Galaxy Tăng lên 42% AI,Samsung,Android,Premium,HD,Snapdragon 8 gen 3
OPPO Reno10 5G 8GB 256GB,https://cellphones.com.vn/oppo-reno10.html,8490000.0,MediaTek Dimensity 7050 5G 8 nhân,8.0,256.0,6.7,1080 x 2412,AMOLED,120.0,64,3.0,5000.0,"Vân tay, Face ID",MediaTek Dimensity 7050 5G 8 nhân,OPPO,Android,High,HD,Dimensity 7050
OPPO A5i 4GB 128GB,https://cellphones.com.vn/dien-thoai-oppo-a5i-4gb-128gb.html,3690000.0,Qualcomm Snapdragon 6s 4G Gen1,4.0,128.0,6.67,720 x 1604,LCD,90.0,8,1.0,5100.0,"Vân tay, Face ID",Qualcomm Snapdragon 6s 4G Gen1,OPPO,Android,Medium,HD,Snapdragon 6
Samsung Galaxy A25 5G 6GB 128GB,https://cellphones.com.vn/samsung-galaxy-a25.html,4690000.0,Exynos 1280 8 nhân,6.0,128.0,6.5,1080 x 2340,Super AMOLED,120.0,50,3.0,5000.0,"Vân tay, Face ID",Exynos 1280 8 nhân,Samsung,Android,Medium,HD,Exynos 1280 8
Samsung Galaxy S24 8GB 512GB,https://cellphones.com.vn/samsung-galaxy-s24-512gb.html,17190000.0,Exynos 2400,8.0,512.0,6.2,1080 x 2340,Dynamic AMOLED 2X,120.0,50,3.0,4000.0,"Vân tay, Face ID",Exynos 2400,Samsung,Android,Premium,HD,Exynos 2400
HONOR 400 5G 12GB 512GB,https://cellphones.com.vn/dien-thoai-honor-400-5g-12gb-512gb.html,12990000.0,Snapdragon 7 Gen 3,12.0,512.0,6.55,1264 x 2736,AMOLED,120.0,200,2.0,6000.0,"Vân tay, Face ID",Snapdragon 7 Gen 3,Honor,Android,High,HD,Snapdragon 7 gen 3
Điện thoại Meizu Mblu 21 6GB 128GB,https://cellphones.com.vn/dien-thoai-meizu-mblu-21-128gb.html,2690000.0,Spreadtrum T606,6.0,128.0,6.79,1080 x 2400,AMOLED,60.0,13,2.0,4900.0,Mật khẩu,Spreadtrum T606,Meizu,Android,Low,HD,T60 6
Nothing Phone 2A 5G 12GB 256GB,https://cellphones.com.vn/dien-thoai-nothing-phone-2a-12gb-256gb.html,8190000.0,MediaTek Dimensity 7200 Pro,12.0,256.0,6.7,1080 x 2412,Flexible AMOLED On-cell,120.0,50,2.0,5000.0,Mật khẩu,MediaTek Dimensity 7200 Pro (4nm TSMC process),Nothing,Android,High,HD,Dimensity 7200 pro
OPPO A6t 4GB 64GB,https://cellphones.com.vn/dien-thoai-oppo-a6t.html,3990000.0,Qualcomm Snapdragon 685,4.0,64.0,6.75,1080 x 2412,LCD,120.0,13,1.0,6100.0,Vân tay,Qualcomm Snapdragon 685,OPPO,Android,Medium,HD,Snapdragon 685
Nubia V70 Max 6GB 128GB,https://cellphones.com.vn/dien-thoai-nubia-v70-max-6gb-128gb.html,2590000.0,Unisoc T606,6.0,128.0,6.9,720 x 1640,IPS LCD,60.0,50,2.0,6000.0,Vân tay,Unisoc T606,Nubia,Android,Low,HD,Unisoc t606
TECNO Spark Go 2 4GB 64GB,https://cellphones.com.vn/dien-thoai-tecno-spark-go-2.html,2390000.0,Unisoc T7250,4.0,64.0,6.67,720 x 1600,LCD,120.0,13,1.0,5000.0,"Vân tay, Face ID",Unisoc T7250,Tecno,Android,Low,HD,Unisoc t7250
HONOR X6c 6GB 128GB,https://cellphones.com.vn/dien-thoai-honor-x6c.html,3990000.0,MediaTek Helio G81 Ultra,6.0,128.0,6.6,720 x 1604,TFT LCD,120.0,50,1.0,5300.0,"Vân tay, Face ID",MediaTek Helio G81 Ultra,Honor,Android,Medium,HD,Helio G81 ULTRA
Điện thoại Nubia A56 4GB 128GB,https://cellphones.com.vn/dien-thoai-nubia-a56-4gb-128gb.html,2190000.0,Unisoc T606,4.0,128.0,6.75,720 x 1600,IPS LCD,60.0,13,3.0,5000.0,Mật khẩu,Unisoc T606,Nubia,Android,Low,HD,Unisoc t606
Xiaomi Redmi Note 12 Pro 5G,https://cellphones.com.vn/xiaomi-redmi-note-12-pro-5g.html,6590000.0,MediaTek Dimensity 1080 8 nhân,8.0,256.0,6.67,1080 x 2400,AMOLED,60.0,50,3.0,5000.0,Vân tay,MediaTek Dimensity 1080 8 nhân,Xiaomi,Android,Medium,HD,Dimensity 1080
Samsung Galaxy Z Fold6 12GB 512GB,https://cellphones.com.vn/samsung-galaxy-z-fold-6-512gb.html,32490000.0,Snapdragon 8 Gen 3 for Galaxy Tăng lên 42 AI,12.0,512.0,7.6,1856 x 2160,Dynamic AMOLED 2X,120.0,50,3.0,4400.0,"Vân tay, Face ID",Snapdragon 8 Gen 3 for Galaxy Tăng lên 42% AI,Samsung,Android,Premium,FHD,Snapdragon 8 gen 3
TECNO CAMON 40 8GB 256GB,https://cellphones.com.vn/dien-thoai-tecno-camon-40-8gb-256gb.html,5290000.0,Mediatek Helio G100 Ultimate,8.0,256.0,6.78,720 x 1600,AMOLED,120.0,50,2.0,5200.0,"Vân tay, Face ID",Mediatek Helio G100 Ultimate,Tecno,Android,Medium,HD,Helio G100
Điện thoại Meizu Mblu 22 Pro NFC 4GB 128GB,https://cellphones.com.vn/dien-thoai-meizu-mblu-22-pro.html,2690000.0,MediaTek Helio G81,4.0,128.0,6.79,720 x 1640,TFT LCD,60.0,50,2.0,5000.0,"Vân tay, Face ID",MediaTek Helio G81,Meizu,Android,Low,HD,Helio G81
Điện thoại trẻ em Masstel Alfa 5,https://cellphones.com.vn/dien-thoai-masstel-alfa-5.html,1050000.0,ASR,8.0,128.0,3.5,240 x 320,IPS LCD,60.0,13,3.0,1750.0,Mật khẩu,ASR,Other,Android,Low,HD,ASR
TECNO CAMON 30 8GB 256GB,https://cellphones.com.vn/tecno-camon-30.html,4590000.0,Helio G99 Ultimate,8.0,256.0,6.78,1080 x 2436,AMOLED,120.0,50,2.0,5000.0,Vân tay,Helio G99 Ultimate(6nm),Tecno,Android,Medium,HD,Helio G99
Nubia V60 Design 6GB 256GB,https://cellphones.com.vn/dien-thoai-nubia-v60-design.html,2690000.0,Unisoc T606,6.0,256.0,6.6,720 x 1612,IPS LCD,90.0,50,2.0,5000.0,"Vân tay, Face ID",Unisoc T606,Nubia,Android,Low,HD,Unisoc t606
OPPO A6t 4GB 128GB,https://cellphones.com.vn/dien-thoai-oppo-a6t-4gb-128gb.html,4490000.0,Qualcomm Snapdragon 685,4.0,128.0,6.75,1080 x 2412,LCD,120.0,13,1.0,6100.0,Vân tay,Qualcomm Snapdragon 685,OPPO,Android,Medium,HD,Snapdragon 685
Samsung Galaxy Z Fold5 12GB 512GB,https://cellphones.com.vn/samsung-galaxy-z-fold-5.html,29990000.0,Snapdragon 8 Gen 2 for Galaxy 8 nhân,12.0,512.0,7.6,1812 x 2176,Dynamic AMOLED 2X,120.0,50,3.0,4400.0,"Vân tay, Face ID",Snapdragon 8 Gen 2 for Galaxy (4nm) 8 nhân,Samsung,Android,Premium,FHD,Snapdragon 8 gen 2
Điện thoại Meizu Mblu 22 3GB 64GB,https://cellphones.com.vn/dien-thoai-meizu-mblu-22.html,2290000.0,Unisoc SC9863A,3.0,64.0,6.79,1080 x 2400,IPS LCD,90.0,13,1.0,5000.0,"Vân tay, Face ID",Unisoc SC9863A(28 nm),Meizu,Android,Low,HD,Sc986 3a
HONOR Play 10 4GB 128GB,https://cellphones.com.vn/dien-thoai-honor-play-10-4gb-128gb.html,2590000.0,MediaTek Helio G81,4.0,128.0,6.74,720 x 1600,TFT LCD,90.0,13,1.0,5000.0,"Vân tay, Face ID",MediaTek Helio G81,Honor,Android,Low,HD,Helio G81
Điện thoại Meizu Mblu 21 4GB 64GB,https://cellphones.com.vn/dien-thoai-meizu-mblu-21.html,2290000.0,Spreadtrum T606,4.0,64.0,6.79,1080 x 2400,AMOLED,60.0,13,2.0,4900.0,Mật khẩu,Spreadtrum T606,Meizu,Android,Low,HD,T60 6
Honor X5c Plus 4GB 128GB,https://cellphones.com.vn/dien-thoai-honor-x5c-plus-4gb-128gb.html,3390000.0,MediaTek Helio G81,4.0,128.0,6.74,720 x 1600,TFT LCD,90.0,50,2.0,5130.0,"Vân tay, Face ID",MediaTek Helio G81,Honor,Android,Medium,HD,Helio G81
Honor X5c Plus 4GB 64GB,https://cellphones.com.vn/dien-thoai-honor-x5c-plus.html,3090000.0,MediaTek Helio G81,4.0,64.0,6.74,720 x 1600,TFT LCD,90.0,50,2.0,5130.0,"Vân tay, Face ID",MediaTek Helio G81,Honor,Android,Medium,HD,Helio G81
HONOR X5b 4GB 64GB,https://cellphones.com.vn/dien-thoai-honor-x5b.html,2160000.0,MediaTek Helio G36,4.0,64.0,6.56,720 x 1612,IPS LCD,90.0,13,1.0,5200.0,Vân tay,MediaTek Helio G36,Honor,Android,Low,HD,Helio G36
OPPO Reno8 5G,https://cellphones.com.vn/oppo-reno-8-5g.html,13990000.0,MediaTek Dimensity 1300 8 nhân,8.0,256.0,6.4,1080 x 2400,AMOLED,90.0,50,3.0,4500.0,Vân tay,MediaTek Dimensity 1300 8 nhân,OPPO,Android,High,HD,Dimensity 1300
iPhone 11 64GB | Chính hãng VN/A,https://cellphones.com.vn/iphone-11.html,7490000.0,A13 Bionic,4.0,64.0,6.1,828 x 1792,IPS LCD,60.0,12,1.0,3110.0,Face ID,A13 Bionic,Apple,iOS,Medium,HD,A13 Bionic
Xiaomi 15 5G 12GB 256GB,https://cellphones.com.vn/dien-thoai-xiaomi-15.html,17990000.0,Snapdragon 8 Elite,12.0,256.0,6.36,1200 x 2670,CrystalRes AMOLED,120.0,50,3.0,5240.0,"Vân tay, Face ID",Snapdragon 8 Elite (Tiến trình sản xuất 3nm),Xiaomi,Android,Premium,HD,Snapdragon 8 elite
Redmi Note 13 Pro 5G 12GB 512GB,https://cellphones.com.vn/dien-thoai-redmi-note-13-pro-5g.html,6990000.0,Snapdragon 7s Gen 2 8 nhân,12.0,512.0,6.67,1220 x 2712,AMOLED,120.0,200,3.0,5100.0,"Vân tay, Face ID",Snapdragon 7s Gen 2 8 nhân,Xiaomi,Android,Medium,HD,Snapdragon 7
OPPO Reno13 F 8GB 256GB,https://cellphones.com.vn/dien-thoai-oppo-reno13f-4g.html,8530000.0,MediaTek Helio G100 tối đa 22GHz,8.0,256.0,6.67,1080 x 2400,AMOLED,120.0,50,3.0,5800.0,"Vân tay, Face ID","MediaTek Helio G100, tối đa 2.2GHz",OPPO,Android,High,HD,Helio G100
Samsung Galaxy A16 5G 8GB 128GB,https://cellphones.com.vn/dien-thoai-samsung-galaxy-a16.html,4990000.0,MediaTek Dimensity 6300,8.0,128.0,6.7,1080 x 2340,Super AMOLED,90.0,50,3.0,5000.0,"Vân tay, Face ID",MediaTek Dimensity 6300(6nm),Samsung,Android,Medium,HD,Dimensity 6300
OPPO Reno14 F 5G 8GB 256GB,https://cellphones.com.vn/dien-thoai-oppo-reno14-f.html,10100000.0,Qualcomm Snapdragon 6 Gen 1 5G tối đa 22GHz,8.0,256.0,6.57,1080 x 2372,AMOLED,120.0,50,3.0,6000.0,"Vân tay, Face ID","Qualcomm Snapdragon 6 Gen 1 5G, tối đa 2.2GHz",OPPO,Android,High,HD,Snapdragon 6 gen 1
iPhone 16 Pro 1TB | Chính hãng VN/A,https://cellphones.com.vn/iphone-16-pro-1tb.html,37690000.0,Apple A18 Pro,12.0,1024.0,6.3,1206 x 2622,Super Retina XDR OLED,120.0,48,3.0,3582.0,"Vân tay, Face ID",Apple A18 Pro,Apple,iOS,Premium,HD,A18 Bionic
ZTE Nubia Z60S Pro 12GB 256GB,https://cellphones.com.vn/dien-thoai-zte-nubia-z60s-pro.html,9990000.0,Snapdragon 8 Gen 2,12.0,256.0,6.78,1440 x 2160,AMOLED,120.0,50,3.0,5100.0,"Vân tay, Face ID",Snapdragon 8 Gen 2 (4 nm),ZTE,Android,High,FHD,Snapdragon 8 gen 2
Samsung Galaxy S20,https://cellphones.com.vn/samsung-galaxy-s20.html,21490000.0,Exynos 990,8.0,128.0,6.2,1440 x 3200,"Dynamic AMOLED 2X, 120Hz(1080p), HDR, Gorilla Glass 6",60.0,64,3.0,4000.0,Vân tay,Exynos 990 (7 nm+),Samsung,Android,Premium,FHD,Exynos 990
Samsung Galaxy Note 10+,https://cellphones.com.vn/samsung-galaxy-note-10-plus.html,26990000.0,Samsung Exynos 9825,12.0,256.0,6.8,1440 x 3040,Dynamic AMOLED QHD+ Infinity-O,60.0,16,3.0,4300.0,Vân tay,Samsung Exynos 9825,Samsung,Android,Premium,FHD,Exynos 9825
iPhone 12 64GB | Chính hãng VN/A,https://cellphones.com.vn/iphone-12.html,7990000.0,Apple A14 Bionic,4.0,64.0,6.1,1170 x 2532,OLED,60.0,12,2.0,2815.0,Face ID,Apple A14 Bionic (5 nm),Apple,iOS,Medium,HD,A14 Bionic
Điện thoại Nubia Z70S Ultra 5G 12GB 256GB,https://cellphones.com.vn/dien-thoai-nubia-z70s-ultra-5g.html,19990000.0,Snapdragon 8 Elite,12.0,256.0,6.8,1080 x 2400,AMOLED,144.0,64,3.0,6600.0,"Vân tay, Face ID",Snapdragon 8 Elite (3nm),Nubia,Android,Premium,HD,Snapdragon 8 elite
Xiaomi 13 Pro,https://cellphones.com.vn/xiaomi-13-pro.html,24490000.0,Chip Snapdragon 8 Gen 2,12.0,256.0,6.73,1440 x 3200,AMOLED,60.0,50,3.0,4820.0,Vân tay,Chip Snapdragon® 8 Gen 2,Xiaomi,Android,Premium,FHD,Snapdragon 8 gen 2
TECNO CAMON 30S 8GB 256GB,https://cellphones.com.vn/dien-thoai-tecno-camon-30s.html,3990000.0,Mediatek G100,8.0,256.0,6.78,1080 x 2436,AMOLED,120.0,100,1.0,5000.0,Vân tay,Mediatek G100,Tecno,Android,Medium,HD,G10 0
Samsung Galaxy Note 10,https://cellphones.com.vn/samsung-galaxy-note-10-chinh-hang.html,13800000.0,Samsung Exynos 9825,8.0,256.0,6.3,1080 x 2280,Dynamic AMOLED FHD+ Infinity-O,60.0,16,3.0,3500.0,Mật khẩu,Samsung Exynos 9825,Samsung,Android,High,HD,Exynos 9825
realme 13+ 5G 8GB 256GB,https://cellphones.com.vn/dien-thoai-realme-13-plus-5g.html,6590000.0,Dimensity 7300 Energy 5G,8.0,256.0,6.67,1080 x 2400,OLED,120.0,50,2.0,5000.0,"Vân tay, Face ID",Dimensity 7300 Energy 5G,Realme,Android,Medium,HD,Dimensity 7300
Xiaomi POCO X5 Pro 8GB 256GB,https://cellphones.com.vn/poco-x5-pro-256gb.html,7390000.0,Snapdragon 778G 5G,8.0,256.0,6.67,1080 x 2400,AMOLED,120.0,108,3.0,5000.0,"Vân tay, Face ID",Snapdragon 778G 5G (6 nm),Xiaomi,Android,Medium,HD,Snapdragon 778g
Samsung Galaxy A54 5G 8GB 128GB,https://cellphones.com.vn/samsung-galaxy-a54.html,7390000.0,Exynos 1380,8.0,128.0,6.4,1080 x 2340,Super AMOLED,120.0,50,3.0,5000.0,Vân tay,Exynos 1380 (5 nm),Samsung,Android,Medium,HD,Exynos 1380
ASUS ROG Phone 6 16GB 512GB,https://cellphones.com.vn/asus-rog-phone-6.html,16990000.0,Snapdragon 8 Gen 1,16.0,512.0,6.78,1080 x 2448,AMOLED,144.0,50,3.0,6000.0,Vân tay,Snapdragon® 8+ Gen 1,Asus,Android,Premium,HD,Snapdragon 8 gen 1
Xiaomi 11T,https://cellphones.com.vn/xiaomi-mi-11t.html,10990000.0,MediaTek Dimensity 1200Ultra,8.0,128.0,6.67,1080 x 2400,AMOLED,60.0,108,3.0,5000.0,Vân tay,MediaTek Dimensity 1200-Ultra,Xiaomi,Android,High,HD,Dimensity 1200ultra
Samsung Galaxy Z Flip4 256GB,https://cellphones.com.vn/samsung-galaxy-z-flip-4-256gb.html,11490000.0,Snapdragon 8 Gen 1 8 nhân,8.0,256.0,6.7,1080 x 2640,Dynamic AMOLED 2X,120.0,12,2.0,3700.0,"Vân tay, Face ID",Snapdragon 8+ Gen 1 8 nhân,Samsung,Android,High,HD,Snapdragon 8 gen 1
Xiaomi 13 Lite,https://cellphones.com.vn/xiaomi-13-lite.html,8290000.0,Chip Snapdragon 7 Gen 1,8.0,256.0,6.55,1080 x 2400,AMOLED,120.0,50,3.0,4500.0,"Vân tay, Face ID",Chip Snapdragon 7 Gen 1 (4 nm),Xiaomi,Android,High,HD,Snapdragon 7 gen 1
Samsung Galaxy S21 Plus 5G,https://cellphones.com.vn/samsung-galaxy-s21-plus.html,25990000.0,Exynos 2100 8 nhân,8.0,128.0,6.7,1080 x 2400,Dynamic AMOLED,60.0,64,3.0,4800.0,Vân tay,Exynos 2100 8 nhân,Samsung,Android,Premium,HD,Exynos 2100 8
Samsung Galaxy S21 Ultra 5G,https://cellphones.com.vn/samsung-galaxy-s21-ultra.html,30990000.0,Exynos 2100 8 nhân,12.0,128.0,6.8,1440 x 3200,Dynamic AMOLED 2X,120.0,108,4.0,5000.0,"Vân tay, Face ID",Exynos 2100 8 nhân,Samsung,Android,Premium,FHD,Exynos 2100 8
TECNO SPARK 20PRO+ 8GB 256GB,https://cellphones.com.vn/tecno-spark-20-pro-plus.html,3990000.0,Mediatek Helio G99,8.0,256.0,6.78,1080 x 2436,AMOLED,120.0,108,2.0,5000.0,Vân tay,Mediatek Helio G99,Tecno,Android,Medium,HD,Helio G99
Xiaomi Redmi Note 11 Pro Plus 5G,https://cellphones.com.vn/xiaomi-redmi-note-11-pro-plus.html,6090000.0,MediaTek Dimensity 920 5G,8.0,256.0,6.67,1080 x 2400,AMOLED,120.0,108,3.0,4500.0,"Vân tay, Face ID",MediaTek Dimensity 920 5G (6 nm),Xiaomi,Android,Medium,HD,Dimensity 920
realme C55 6GB 128GB,https://cellphones.com.vn/realme-c55.html,3480000.0,Helio G88,6.0,128.0,6.72,1080 x 2400,IPS LCD,90.0,64,2.0,5000.0,"Vân tay, Face ID",Helio G88,Realme,Android,Medium,HD,Helio G88
Samsung Galaxy A21s 6GB,https://cellphones.com.vn/samsung-galaxy-a21s-6gb.html,4690000.0,Exynos 850,6.0,64.0,6.5,720 x 1600,TFT LCD,60.0,48,4.0,5000.0,Vân tay,Exynos 850,Samsung,Android,Medium,HD,Exynos 850
Samsung Galaxy Note 20 Ultra 5G 512GB,https://cellphones.com.vn/samsung-galaxy-note-20-ultra-5g-512-gb.html,32990000.0,Exynos 990,12.0,256.0,6.9,1440 x 3088,"Dynamic AMOLED 2X capacitive touchscreen, 16M colorsDynamic AMOLED 2X, 16M colors, Corning Gorilla Glass Victus, HDR10+, Always-on display, 120Hz@FHD/60Hz@QHD refresh rate",60.0,108,3.0,4500.0,Vân tay,Exynos 990 (7 nm+),Samsung,Android,Premium,FHD,Exynos 990
Oppo A52,https://cellphones.com.vn/oppo-a52.html,4990000.0,Qualcomm SM6125 Snapdragon 665,6.0,128.0,6.5,1176 x 2400,"LTPS IPS LCD, 16 triệu màu",60.0,12,4.0,5000.0,Vân tay,Qualcomm SM6125 Snapdragon 665 (11 nm),OPPO,Android,Medium,HD,M6125
Samsung Galaxy A50s,https://cellphones.com.vn/samsung-galaxy-a50s.html,6990000.0,Exynos 9610 8 nhân 64bit,4.0,64.0,6.4,1080 x 2340,Super AMOLED,60.0,48,3.0,4000.0,"Vân tay, Face ID",Exynos 9610 8 nhân 64-bit,Samsung,Android,Medium,HD,Exynos 9610 8
Xiaomi Redmi Note 9 Pro,https://cellphones.com.vn/xiaomi-redmi-note-9-pro.html,5750000.0,Qualcomm SM7125 Snapdragon 720G,6.0,64.0,6.66,1080 x 2400,IPS LCD,60.0,64,4.0,5020.0,Vân tay,Qualcomm SM7125 Snapdragon 720G (8 nm),Xiaomi,Android,Medium,HD,M7125
Oppo A92,https://cellphones.com.vn/oppo-a92.html,5740000.0,Qualcomm SM6125 Snapdragon 665,8.0,128.0,6.5,1080 x 2400,IPS LCD,60.0,48,4.0,5000.0,Vân tay,Qualcomm SM6125 Snapdragon 665 (11 nm),OPPO,Android,Medium,HD,M6125
Samsung Galaxy S 2019,https://cellphones.com.vn/samsung-galaxy-s-2019.html,20990000.0,Exynos,12.0,128.0,6.1,1080 x 2340,Dynamic AMOLED 2X,60.0,50,0.0,3500.0,Mật khẩu,Exynos,Samsung,Android,Premium,HD,Exynos
Samsung Galaxy A70,https://cellphones.com.vn/samsung-galaxy-a70.html,9290000.0,Snapdragon 675,6.0,128.0,6.7,1080 x 2340,"Super AMOLED 16 triệu màu, cảm ứng điện dung",60.0,32,3.0,4500.0,Face ID,Snapdragon 675,Samsung,Android,High,HD,Snapdragon 675
Oppo A31,https://cellphones.com.vn/oppo-a31-2020.html,4190000.0,MediaTek Helio P35 8 nhân,4.0,128.0,6.5,720 x 1600,"IPS LCD, 16 triệu màu",60.0,12,3.0,4230.0,Vân tay,MediaTek Helio P35 8 nhân,OPPO,Android,Medium,HD,Helio p35
Samsung Galaxy S8 Chính hãng,https://cellphones.com.vn/galaxy-s8-cty.html,15990000.0,Samsung Exynos 9 Octa 8895,12.0,64.0,5.8,1440 x 2960,"Cảm ứng điện dung Super AMOLED, 16 triệu màu",60.0,12,1.0,3000.0,Vân tay,Samsung Exynos 9 Octa 8895,Samsung,Android,Premium,FHD,Exynos 9
ASUS ZenFone Max Pro M2 3GB,https://cellphones.com.vn/asus-zenfone-max-pro-m2-3-gb-ram-chinh-hang.html,5290000.0,Snapdragon 660 AIE 14nm,8.0,32.0,6.3,1080 x 2280,IPS FHD+,60.0,12,2.0,5000.0,Vân tay,Snapdragon 660 AIE 14nm,Asus,Android,Medium,HD,Snapdragon 660
Nubia Neo 3 5G 8GB 256GB,https://cellphones.com.vn/dien-thoai-nubia-neo-3-5g.html,5090000.0,Unisoc T8300,8.0,256.0,6.8,1080 x 2400,IPS LCD,120.0,50,0.0,6000.0,Vân tay,Unisoc T8300,Nubia,Android,Medium,HD,Unisoc t8300
iPhone 14 Pro Max 128GB | Chính hãng VN/A,https://cellphones.com.vn/iphone-14-pro-max.html,25590000.0,Apple A16 Bionic 6core,6.0,128.0,6.7,1290 x 2796,Super Retina XDR OLED,120.0,48,3.0,4323.0,Face ID,Apple A16 Bionic 6-core,Apple,iOS,Premium,HD,A16 Bionic
iPhone 16 Pro 128GB | Chính hãng VN/A,https://cellphones.com.vn/iphone-16-pro.html,26590000.0,Apple A18 Pro,8.0,128.0,6.3,1206 x 2622,Super Retina XDR OLED,120.0,48,3.0,3582.0,"Vân tay, Face ID",Apple A18 Pro,Apple,iOS,Premium,HD,A18 Bionic
iPhone 16 Pro 256GB | Chính hãng VN/A,https://cellphones.com.vn/iphone-16-pro-256gb.html,28590000.0,Apple A18 Pro,12.0,256.0,6.3,1206 x 2622,Super Retina XDR OLED,120.0,48,3.0,3582.0,"Vân tay, Face ID",Apple A18 Pro,Apple,iOS,Premium,HD,A18 Bionic
iPhone 15 Plus 128GB | Chính hãng VN/A,https://cellphones.com.vn/iphone-15-plus.html,17690000.0,Apple A16 Bionic,6.0,128.0,6.7,1290 x 2796,Super Retina XDR OLED,60.0,48,2.0,4383.0,"Vân tay, Face ID",Apple A16 Bionic,Apple,iOS,Premium,HD,A16 Bionic
iPhone 15 Pro 128GB | Chính hãng VN/A,https://cellphones.com.vn/iphone-15-pro.html,23990000.0,Apple A17 Pro 6 nhân,8.0,128.0,6.1,1179 x 2556,Super Retina XDR OLED,120.0,48,3.0,3274.0,Face ID,Apple A17 Pro 6 nhân,Apple,iOS,Premium,HD,A17 Bionic
iPhone 14 Pro 128GB | Chính hãng VN/A,https://cellphones.com.vn/iphone-14-pro.html,22990000.0,Apple A16 Bionic 6 nhân,6.0,128.0,6.1,1179 x 2556,Super Retina XDR OLED,120.0,48,3.0,3200.0,Face ID,Apple A16 Bionic 6 nhân,Apple,iOS,Premium,HD,A16 Bionic
iPhone 16 Pro Max 1TB | Chính hãng VN/A,https://cellphones.com.vn/iphone-16-pro-max-1tb.html,42990000.0,Apple A18 Pro,12.0,1024.0,6.9,1320 x 2868,Super Retina XDR OLED,120.0,48,3.0,4685.0,Face ID,Apple A18 Pro,Apple,iOS,Premium,HD,A18 Bionic
iPhone 15 Pro Max 512GB | Chính hãng VN/A,https://cellphones.com.vn/iphone-15-pro-max-512gb.html,28490000.0,Apple A17 Pro 6 nhân,8.0,512.0,6.7,1290 x 2796,Super Retina XDR OLED,120.0,48,3.0,4422.0,Face ID,Apple A17 Pro 6 nhân,Apple,iOS,Premium,HD,A17 Bionic
iPhone 15 Pro 256GB | Chính hãng VN/A,https://cellphones.com.vn/iphone-15-pro-256gb.html,26290000.0,Apple A17 Pro 6 nhân,8.0,256.0,6.1,1179 x 2556,Super Retina XDR OLED,120.0,48,3.0,3274.0,Face ID,Apple A17 Pro 6 nhân,Apple,iOS,Premium,HD,A17 Bionic
iPhone 13 Pro Max 128GB | Chính hãng VN/A,https://cellphones.com.vn/iphone-13-pro-max.html,22990000.0,Apple A15 Bionic 6 nhân,6.0,128.0,6.7,1284 x 2778,Super Retina XDR OLED,120.0,12,3.0,4352.0,Face ID,Apple A15 Bionic 6 nhân,Apple,iOS,Premium,HD,A15 Bionic
iPhone 15 Plus 256GB | Chính hãng VN/A,https://cellphones.com.vn/iphone-15-plus-256gb.html,21290000.0,Apple A16 Bionic,6.0,256.0,6.7,1290 x 2796,Super Retina XDR OLED,60.0,48,2.0,4383.0,"Vân tay, Face ID",Apple A16 Bionic,Apple,iOS,Premium,HD,A16 Bionic
iPhone 16 256GB | Chính hãng VN/A,https://cellphones.com.vn/iphone-16-256gb.html,23490000.0,Apple A18,12.0,256.0,6.1,1179 x 2556,Super Retina XDR OLED,60.0,48,2.0,3561.0,"Vân tay, Face ID",Apple A18,Apple,iOS,Premium,HD,A18 Bionic
Xiaomi Redmi Note 13 Pro 5G 8GB 256GB,https://cellphones.com.vn/dien-thoai-xiaomi-redmi-note-13-pro-5g-8gb-256gb.html,6290000.0,Snapdragon 7s Gen 2 8 nhân,8.0,256.0,6.67,1220 x 2712,AMOLED,120.0,200,3.0,5100.0,"Vân tay, Face ID",Snapdragon 7s Gen 2 8 nhân,Xiaomi,Android,Medium,HD,Snapdragon 7
Xiaomi 14T 12GB 512GB,https://cellphones.com.vn/xiaomi-14t.html,11290000.0,MediaTek Dimensity 8300Ultra,12.0,512.0,6.67,1220 x 2712,AMOLED,144.0,50,3.0,5000.0,"Vân tay, Face ID",MediaTek Dimensity 8300-Ultra,Xiaomi,Android,High,HD,Dimensity 8300ultra
iPhone 13 256GB | Chính hãng VN/A,https://cellphones.com.vn/iphone-13-256gb.html,14990000.0,Apple A15,4.0,256.0,6.1,1170 x 2532,Super Retina XDR OLED,60.0,12,2.0,3240.0,"Vân tay, Face ID",Apple A15,Apple,iOS,High,HD,A15 Bionic
iPhone 16 Pro 512GB | Chính hãng VN/A,https://cellphones.com.vn/iphone-16-pro-512gb.html,33490000.0,Apple A18 Pro,12.0,512.0,6.3,1206 x 2622,Super Retina XDR OLED,120.0,48,3.0,3582.0,"Vân tay, Face ID",Apple A18 Pro,Apple,iOS,Premium,HD,A18 Bionic
Xiaomi Redmi Note 13 Pro 4G 8GB 128GB,https://cellphones.com.vn/xiaomi-redmi-note-13-pro.html,4690000.0,MediaTek Helio G99Ultra 8 nhân,8.0,128.0,6.67,1080 x 2400,AMOLED,120.0,200,3.0,5000.0,"Vân tay, Face ID",MediaTek Helio G99-Ultra 8 nhân,Xiaomi,Android,Medium,HD,Helio G99ULTRA
iPhone 14 Pro 256GB | Chính hãng VN/A,https://cellphones.com.vn/iphone-14-pro-256gb.html,24990000.0,Apple A16 Bionic,6.0,256.0,6.1,1179 x 2556,Super Retina XDR OLED,120.0,48,3.0,3200.0,Face ID,Apple A16 Bionic,Apple,iOS,Premium,HD,A16 Bionic
iPhone 12 Pro Max 256GB I Chính hãng VN/A,https://cellphones.com.vn/iphone-12-pro-max-256gb.html,27590000.0,Apple A14 Bionic,6.0,256.0,6.7,1284 x 2778,OLED,60.0,12,3.0,3687.0,Face ID,Apple A14 Bionic (5 nm),Apple,iOS,Premium,HD,A14 Bionic
Samsung Galaxy M55 5G 8GB 256GB,https://cellphones.com.vn/dien-thoai-samsung-galaxy-m55-5g-8gb-256gb.html,6990000.0,Qualcomm Snapdragon 7 Gen 1,8.0,256.0,6.7,1080 x 2400,Super AMOLED Plus,120.0,50,3.0,5000.0,Vân tay,Qualcomm Snapdragon 7 Gen 1 (4 nm),Samsung,Android,Medium,HD,Snapdragon 7 gen 1
Samsung Galaxy S24 FE 5G 8GB 128GB,https://cellphones.com.vn/dien-thoai-samsung-galaxy-s24-fe.html,11490000.0,Exynos 2400e,8.0,128.0,6.7,1080 x 2400,Dynamic AMOLED,120.0,50,2.0,4700.0,"Vân tay, Face ID",Exynos 2400e (4nm),Samsung,Android,High,HD,Exynos 2400
iPhone 14 Plus 128GB | Chính hãng VN/A,https://cellphones.com.vn/iphone-14-plus.html,15990000.0,Apple A15 Bionic,6.0,128.0,6.7,1284 x 2778,Super Retina XDR OLED,60.0,12,2.0,4325.0,"Vân tay, Face ID",Apple A15 Bionic,Apple,iOS,Premium,HD,A15 Bionic
Samsung Galaxy S25 Ultra 1TB,https://cellphones.com.vn/dien-thoai-samsung-galaxy-s25-ultra-1tb.html,35490000.0,Snapdragon 8 Elite dành cho Galaxy,12.0,1024.0,6.9,1440 x 3120,Dynamic AMOLED 2X,120.0,200,4.0,5000.0,Vân tay,Snapdragon 8 Elite dành cho Galaxy (3nm),Samsung,Android,Premium,FHD,Snapdragon 8 elite dành cho galaxy
Samsung Galaxy A55 5G 8GB 128GB,https://cellphones.com.vn/samsung-galaxy-a55.html,7590000.0,Exynos 1480 4nm 24GHz,8.0,128.0,6.6,1080 x 2340,Super AMOLED,120.0,50,3.0,5000.0,"Vân tay, Face ID",Exynos 1480 4nm 2.4GHz,Samsung,Android,Medium,HD,Exynos 1480 4
Xiaomi Redmi Note 13 Pro Plus 5G 8GB 256GB,https://cellphones.com.vn/xiaomi-redmi-note-13-pro-plus.html,6490000.0,Mediatek Dimensity 7200 Ultra,8.0,256.0,6.67,1220 x 2712,AMOLED,120.0,200,3.0,5000.0,"Vân tay, Face ID",Mediatek Dimensity 7200 Ultra (4 nm),Xiaomi,Android,Medium,HD,Dimensity 7200 ultra
iPhone 13 Pro Max 256GB | Chính hãng VN/A,https://cellphones.com.vn/iphone-13-pro-max-256gb.html,23990000.0,Apple A15 Bionic 6 nhân,6.0,256.0,6.7,1284 x 2778,Super Retina XDR OLED,120.0,12,3.0,4352.0,Face ID,Apple A15 Bionic 6 nhân,Apple,iOS,Premium,HD,A15 Bionic
OPPO A58 4G 6GB 128GB,https://cellphones.com.vn/oppo-a58.html,4090000.0,Helio G85 tối đa 20GHz,6.0,128.0,6.72,1080 x 2400,IPS LCD,60.0,50,2.0,5000.0,"Vân tay, Face ID","Helio G85, tối đa 2.0GHz",OPPO,Android,Medium,HD,Helio G85
Xiaomi POCO X6 Pro 5G 8GB 256GB,https://cellphones.com.vn/dien-thoai-xiaomi-poco-x6-pro.html,7540000.0,Dimensity 8300Ultra,8.0,256.0,6.67,1220 x 2712,AMOLED,120.0,64,3.0,5000.0,"Vân tay, Face ID",Dimensity 8300-Ultra,Xiaomi,Android,Medium,HD,Dimensity 8300ultra
Xiaomi 14 12GB 256GB,https://cellphones.com.vn/xiaomi-14.html,18990000.0,Qualcomm Snapdragon 8 Gen 3,12.0,256.0,6.36,1200 x 2670,LTPO OLED,120.0,50,3.0,4610.0,"Vân tay, Face ID",Qualcomm Snapdragon 8 Gen 3 (4 nm),Xiaomi,Android,Premium,HD,Snapdragon 8 gen 3
Samsung Galaxy M55 12GB 256GB,https://cellphones.com.vn/dien-thoai-samsung-galaxy-m55.html,7990000.0,Qualcomm Snapdragon 7 Gen 1,12.0,256.0,6.7,1080 x 2400,Super AMOLED Plus,120.0,50,3.0,5000.0,Vân tay,Qualcomm Snapdragon 7 Gen 1 (4 nm),Samsung,Android,Medium,HD,Snapdragon 7 gen 1
Samsung Galaxy A15 LTE 8GB 128GB,https://cellphones.com.vn/samsung-galaxy-a15.html,4290000.0,MediaTek G99,8.0,128.0,6.5,1080 x 2340,Super AMOLED,90.0,50,3.0,5000.0,"Vân tay, Face ID",MediaTek G99,Samsung,Android,Medium,HD,G9 9
Samsung Galaxy S24 Plus 12GB 512GB,https://cellphones.com.vn/samsung-galaxy-s24-plus-512gb.html,18990000.0,Exynos 2400,12.0,512.0,6.7,1440 x 3120,Dynamic AMOLED 2X,120.0,50,3.0,4900.0,"Vân tay, Face ID",Exynos 2400,Samsung,Android,Premium,FHD,Exynos 2400
Samsung Galaxy S20 FE 256GB,https://cellphones.com.vn/samsung-galaxy-s20-fe.html,7200000.0,Snapdragon 865,8.0,256.0,6.5,1080 x 2400,Super AMOLED,120.0,12,3.0,4500.0,"Vân tay, Face ID",Snapdragon 865,Samsung,Android,Medium,HD,Snapdragon 865
Samsung Galaxy S22 Ultra 12GB 256GB đã kích hoạt online,https://cellphones.com.vn/samsung-galaxy-s22-ultra-12gb-256gb.html,18990000.0,Snapdragon 8 Gen 1,12.0,256.0,6.8,1440 x 3088,Dynamic AMOLED 2X,120.0,108,4.0,5000.0,"Vân tay, Face ID",Snapdragon 8 Gen 1 (4 nm),Samsung,Android,Premium,FHD,Snapdragon 8 gen 1
HONOR 400 Lite 5G 12GB 256GB,https://cellphones.com.vn/dien-thoai-honor-400-lite-5g.html,7680000.0,MediaTek Dimensity 7025Ultra,12.0,256.0,6.7,1080 x 2412,AMOLED,120.0,108,2.0,5230.0,"Vân tay, Face ID",MediaTek Dimensity 7025-Ultra,Honor,Android,Medium,HD,Dimensity 7025ultra
Samsung Galaxy S24 Ultra 12GB 1TB,https://cellphones.com.vn/samsung-galaxy-s24-ultra-1tb.html,44490000.0,Snapdragon 8 Gen 3,12.0,1024.0,6.8,1440 x 3120,Dynamic AMOLED 2X,120.0,200,4.0,5000.0,"Vân tay, Face ID",Snapdragon 8 Gen 3,Samsung,Android,Premium,FHD,Snapdragon 8 gen 3
Xiaomi POCO M6 6GB 128GB,https://cellphones.com.vn/dien-thoai-xiaomi-poco-m6.html,3190000.0,Helio G91Ultra,6.0,128.0,6.79,1080 x 2460,IPS LCD,90.0,108,2.0,5030.0,"Vân tay, Face ID",Helio G91-Ultra,Xiaomi,Android,Medium,HD,Helio G91ULTRA
Samsung Galaxy S21 FE 8GB 128GB,https://cellphones.com.vn/samsung-galaxy-s21-fe-8gb-128gb.html,8800000.0,Exynos 2100,8.0,128.0,6.4,1080 x 2340,Dynamic AMOLED 2X,120.0,12,3.0,4500.0,"Vân tay, Face ID",Exynos 2100 (5nm),Samsung,Android,High,HD,Exynos 2100
TECNO Spark 40 8GB 256GB,https://cellphones.com.vn/dien-thoai-tecno-spark-40-8gb-256gb.html,3590000.0,MediaTek Helio G91,8.0,256.0,6.67,720 x 1600,LCD,120.0,50,1.0,5200.0,Vân tay,MediaTek Helio G91,Tecno,Android,Medium,HD,Helio G91
OPPO A18 4GB 64GB,https://cellphones.com.vn/dien-thoai-oppo-a18-4gb-64gb.html,2890000.0,MediaTek Helio G85 8 nhân,4.0,64.0,6.56,720 x 1612,IPS LCD,90.0,8,2.0,5000.0,"Vân tay, Face ID",MediaTek Helio G85 8 nhân,OPPO,Android,Low,HD,Helio G85
POCO X5 5G 6GB 128GB,https://cellphones.com.vn/poco-x5.html,4490000.0,Snapdragon 695 5G,6.0,128.0,6.67,1080 x 2400,AMOLED,120.0,48,3.0,5000.0,"Vân tay, Face ID",Snapdragon 695 5G (6 nm),Xiaomi,Android,Medium,HD,Snapdragon 695
iPhone 12 Pro 128GB I Chính hãng VN/A,https://cellphones.com.vn/iphone-12-pro.html,24990000.0,Apple A14 Bionic,6.0,128.0,6.1,1170 x 2532,OLED,60.0,12,3.0,2815.0,Face ID,Apple A14 Bionic (5 nm),Apple,iOS,Premium,HD,A14 Bionic
TECNO Spark 40 6GB 128GB,https://cellphones.com.vn/dien-thoai-tecno-spark-40.html,2990000.0,MediaTek Helio G91,6.0,128.0,6.67,720 x 1600,LCD,120.0,50,1.0,5200.0,Vân tay,MediaTek Helio G91,Tecno,Android,Low,HD,Helio G91
Samsung Galaxy S23 Ultra 12GB 512GB,https://cellphones.com.vn/samsung-galaxy-s23-ultra-12gb-512gb.html,22290000.0,Snapdragon 8 Gen 2,12.0,512.0,6.8,1440 x 3088,Dynamic AMOLED 2X,120.0,200,4.0,5000.0,"Vân tay, Face ID",Snapdragon 8 Gen 2 (4 nm),Samsung,Android,Premium,FHD,Snapdragon 8 gen 2
TECNO POVA 6 8GB 256GB,https://cellphones.com.vn/tecno-pova-6.html,5390000.0,MediaTek G99 Ultimate,8.0,256.0,6.78,1080 x 2436,AMOLED,120.0,50,0.0,6000.0,"Vân tay, Face ID",MediaTek G99 Ultimate,Tecno,Android,Medium,HD,G9 9 
Samsung Galaxy S22 Ultra 8GB 128GB,https://cellphones.com.vn/samsung-galaxy-s22-ultra.html,30990000.0,Snapdragon 8 Gen 1 8 nhân,8.0,128.0,6.8,1440 x 3088,Dynamic AMOLED 2X,120.0,108,4.0,5000.0,"Vân tay, Face ID",Snapdragon 8 Gen 1 8 nhân,Samsung,Android,Premium,FHD,Snapdragon 8 gen 1
Samsung Galaxy S23 8GB 128GB ĐKH Online,https://cellphones.com.vn/samsung-galaxy-s23-128gb.html,13790000.0,Snapdragon 8 Gen 2 for Galaxy,8.0,128.0,6.1,1080 x 2340,Dynamic AMOLED 2X,120.0,50,3.0,3900.0,"Vân tay, Face ID",Snapdragon 8 Gen 2 for Galaxy,Samsung,Android,High,HD,Snapdragon 8 gen 2
Samsung Galaxy S21 FE 5G,https://cellphones.com.vn/samsung-galaxy-s21-fe-8gb-256gb.html,8110000.0,Exynos 2100,8.0,256.0,6.4,1080 x 2340,Dynamic AMOLED 2X,120.0,12,3.0,4500.0,"Vân tay, Face ID",Exynos 2100 (5nm),Samsung,Android,High,HD,Exynos 2100
iPhone 13 Pro Max 1TB I Chính hãng VN/A,https://cellphones.com.vn/iphone-13-pro-max-1tb.html,27990000.0,Apple A15 Bionic 6 nhân,6.0,1024.0,6.7,1284 x 2778,Super Retina XDR OLED,120.0,12,3.0,4352.0,Face ID,Apple A15 Bionic 6 nhân,Apple,iOS,Premium,HD,A15 Bionic
iPhone 12 Pro 256GB | Chính hãng VN/A,https://cellphones.com.vn/iphone-12-pro-256gb.html,24990000.0,Apple A14 Bionic,6.0,256.0,6.1,1170 x 2532,OLED,60.0,12,3.0,2815.0,Face ID,Apple A14 Bionic (5 nm),Apple,iOS,Premium,HD,A14 Bionic
Samsung Galaxy A34 5G 8GB 128GB,https://cellphones.com.vn/samsung-galaxy-a34.html,7090000.0,Dimensity 1080,8.0,128.0,6.6,1080 x 2340,Super AMOLED,120.0,48,3.0,5000.0,"Vân tay, Face ID",Dimensity 1080 (5 nm),Samsung,Android,Medium,HD,Dimensity 1080
iPhone 13 Pro 128GB | Chính hãng VN/A,https://cellphones.com.vn/iphone-13-pro.html,21990000.0,Apple A15 Bionic 6 nhân,6.0,128.0,6.1,1170 x 2532,Super Retina XDR OLED,120.0,12,3.0,3095.0,Face ID,Apple A15 Bionic 6 nhân,Apple,iOS,Premium,HD,A15 Bionic
HONOR X7c 8GB 256GB,https://cellphones.com.vn/dien-thoai-honor-x7c.html,4290000.0,Qualcomm Snapdragon 685,8.0,256.0,6.77,1264 x 2736,IPS LCD,120.0,108,2.0,6000.0,"Vân tay, Face ID",Qualcomm Snapdragon 685,Honor,Android,Medium,HD,Snapdragon 685
TECNO SPARK 30 5G 6GB 128GB,https://cellphones.com.vn/dien-thoai-tecno-spark-30-5g.html,3290000.0,MediaTek D6300,6.0,128.0,6.78,720 x 1600,AMOLED,60.0,108,1.0,5000.0,Mật khẩu,MediaTek D6300,Tecno,Android,Medium,HD,D630 0
Xiaomi Redmi 12C 4GB 64GB,https://cellphones.com.vn/xiaomi-redmi-12c.html,2190000.0,Mediatek MT6769Z Helio G85,4.0,64.0,6.71,720 x 1650,IPS LCD,60.0,50,2.0,5000.0,Vân tay,Mediatek MT6769Z Helio G85 (12nm),Xiaomi,Android,Low,HD,Helio G85
Xiaomi Redmi Note 12 8GB 128GB,https://cellphones.com.vn/xiaomi-redmi-note-12-8gb-128gb.html,4290000.0,Qualcomm Snapdragon 685,8.0,128.0,6.67,1080 x 2400,AMOLED,120.0,50,3.0,5000.0,"Vân tay, Face ID",Qualcomm Snapdragon 685,Xiaomi,Android,Medium,HD,Snapdragon 685
Xiaomi 13 8GB 256GB,https://cellphones.com.vn/xiaomi-13.html,16490000.0,Chip Snapdragon 8 thế hệ thứ 2,8.0,256.0,6.36,1080 x 2400,AMOLED,120.0,50,3.0,4500.0,"Vân tay, Face ID",Chip Snapdragon® 8 thế hệ thứ 2,Xiaomi,Android,Premium,HD,Snapdragon 8
Samsung Galaxy S23 Plus 8GB 256GB,https://cellphones.com.vn/samsung-galaxy-s23-plus.html,19990000.0,Snapdragon 8 Gen 2,8.0,256.0,6.6,1080 x 2340,Dynamic AMOLED 2X,120.0,50,3.0,4700.0,"Vân tay, Face ID",Snapdragon 8 Gen 2 (4 nm),Samsung,Android,Premium,HD,Snapdragon 8 gen 2
TECNO CAMON 30 12GB 256GB,https://cellphones.com.vn/dien-thoai-tecno-camon-30-12gb-256gb.html,4990000.0,Helio G99 Ultimate,12.0,256.0,6.78,1080 x 2436,AMOLED,120.0,50,2.0,5000.0,Vân tay,Helio G99 Ultimate(6nm),Tecno,Android,Medium,HD,Helio G99
Samsung Galaxy S22 Ultra,https://cellphones.com.vn/samsung-galaxy-s22-ultra-12gb-512gb.html,36990000.0,Snapdragon 8 Gen 1,12.0,512.0,6.8,1440 x 3088,Dynamic AMOLED 2X,120.0,108,4.0,5000.0,"Vân tay, Face ID",Snapdragon 8 Gen 1 (4 nm),Samsung,Android,Premium,FHD,Snapdragon 8 gen 1
Điện thoại Nubia A36 4GB 64GB,https://cellphones.com.vn/dien-thoai-nubia-a36.html,2490000.0,Unisoc T606,4.0,64.0,6.75,720 x 1600,IPS LCD,60.0,50,0.0,5000.0,Mật khẩu,Unisoc T606,Nubia,Android,Low,HD,Unisoc t606
Xiaomi Redmi Note 12S,https://cellphones.com.vn/xiaomi-redmi-note-12s.html,4990000.0,MediaTek Helio G96,8.0,256.0,6.43,1080 x 2400,AMOLED,90.0,108,3.0,5000.0,"Vân tay, Face ID",MediaTek Helio G96,Xiaomi,Android,Medium,HD,Helio G96
Samsung Galaxy A14 4G,https://cellphones.com.vn/samsung-galaxy-a14-4g.html,2990000.0,Exynos 850 8 nhân,4.0,128.0,6.6,1080 x 2408,IPS LCD,60.0,50,3.0,5000.0,"Vân tay, Face ID",Exynos 850 8 nhân,Samsung,Android,Low,HD,Exynos 850 8
Samsung Galaxy Z Fold5 12GB 256GB,https://cellphones.com.vn/samsung-galaxy-z-fold-5-256gb.html,27990000.0,Snapdragon 8 Gen 2 for Galaxy 8 nhân,12.0,256.0,7.6,1812 x 2176,Dynamic AMOLED 2X,120.0,50,3.0,4400.0,"Vân tay, Face ID",Snapdragon 8 Gen 2 for Galaxy (4nm) 8 nhân,Samsung,Android,Premium,FHD,Snapdragon 8 gen 2
Nubia V70 Max 4GB 128GB,https://cellphones.com.vn/dien-thoai-nubia-v70-max-4gb-128gb.html,2390000.0,Unisoc T606,4.0,128.0,6.9,720 x 1640,IPS LCD,60.0,50,2.0,6000.0,Vân tay,Unisoc T606,Nubia,Android,Low,HD,Unisoc t606
Samsung Galaxy S24 8GB 256GB,https://cellphones.com.vn/samsung-galaxy-s24.html,16790000.0,Exynos 2400,8.0,256.0,6.2,1080 x 2340,Dynamic AMOLED 2X,120.0,50,3.0,4000.0,"Vân tay, Face ID",Exynos 2400,Samsung,Android,Premium,HD,Exynos 2400
realme C51 6GB 256GB,https://cellphones.com.vn/dien-thoai-realme-c51-6gb-256gb.html,3390000.0,Unisoc UNISOC T612,6.0,256.0,6.74,720 x 1600,IPS LCD,90.0,50,2.0,5000.0,"Vân tay, Face ID",Unisoc UNISOC T612,Realme,Android,Medium,HD,Unisoc t612
Samsung Galaxy S23 8GB 256GB,https://cellphones.com.vn/samsung-galaxy-s23.html,24990000.0,Snapdragon 8 Gen 2,8.0,256.0,6.1,1080 x 2340,Dynamic AMOLED 2X,120.0,50,3.0,3900.0,"Vân tay, Face ID",Snapdragon 8 Gen 2,Samsung,Android,Premium,HD,Snapdragon 8 gen 2
Samsung Galaxy S22 Plus,https://cellphones.com.vn/samsung-galaxy-s22-plus.html,16990000.0,Snapdragon 8 Gen 1,8.0,128.0,6.6,1080 x 2340,Dynamic AMOLED 2X,120.0,50,3.0,4500.0,"Vân tay, Face ID",Snapdragon 8 Gen 1,Samsung,Android,Premium,HD,Snapdragon 8 gen 1
realme 11 8GB 128GB,https://cellphones.com.vn/realme-11.html,4590000.0,Chip Helio G99,8.0,128.0,6.4,1080 x 2400,Super AMOLED,90.0,108,2.0,5000.0,Vân tay,Chip Helio G99,Realme,Android,Medium,HD,Helio G99
Samsung galaxy S23 Plus 8GB 512GB,https://cellphones.com.vn/samsung-galaxy-s23-plus-512gb.html,22990000.0,Snapdragon 8 Gen 2,8.0,512.0,6.6,1080 x 2340,Dynamic AMOLED 2X,120.0,50,3.0,4700.0,"Vân tay, Face ID",Snapdragon 8 Gen 2 (4 nm),Samsung,Android,Premium,HD,Snapdragon 8 gen 2
Samsung Galaxy S22,https://cellphones.com.vn/samsung-galaxy-s22-256gb.html,14790000.0,Snapdragon 8 Gen 1,8.0,256.0,6.1,1080 x 2340,Dynamic AMOLED 2X,120.0,50,3.0,3700.0,"Vân tay, Face ID",Snapdragon 8 Gen 1,Samsung,Android,High,HD,Snapdragon 8 gen 1
Samsung Galaxy A17 5G Chính hãng,https://mobilecity.vn/dien-thoai/samsung-galaxy-a17-5g-chinh-hang.html,4750000.0,Exynos 1330 8 nhân GPU MaliG68 MP2,8.0,256.0,6.7,1080 x 2340,Super AMOLED,90.0,50,3.0,5000.0,Mật khẩu,Exynos 1330 (5 nm),Samsung,Android,Medium,HD,Exynos 1330 8
OnePlus Ace 5 cũ,https://mobilecity.vn/dien-thoai/oneplus-ace-5-cu-99.html,6650000.0,Qualcomm SM8650AB Snapdragon 8 Gen 3 8 nhân GPU Adreno 750,16.0,1024.0,6.78,1264 x 2780,LTPO AMOLED,120.0,50,3.0,6415.0,Mật khẩu,Qualcomm SM8650-AB Snapdragon 8 Gen 3 (4 nm),OnePlus,Android,Medium,HD,M8650
Samsung Galaxy S23 cũ,https://mobilecity.vn/dien-thoai/samsung-galaxy-s23-cu-man-amoled-120hz.html,6850000.0,Qualcomm SM8550AC Snapdragon 8 Gen 2 8 nhân GPU Adreno 740,8.0,128.0,6.1,1080 x 2340,Dynamic AMOLED 2X,120.0,50,3.0,3900.0,Mật khẩu,Qualcomm SM8550-AC Snapdragon 8 Gen 2 (4 nm),Samsung,Android,Medium,HD,M8550
Samsung Galaxy S21 Ultra Cũ 5G,https://mobilecity.vn/dien-thoai/samsung-galaxy-s21-ultra-cu-camera-108mp.html,6450000.0,1 Quốc tế Exynos 2100 8 nhân GPU MaliG78 MP14 2 MỹTrung QuốcEU Qualcomm SM8350 Snapdragon 888 5G 8 nhân GPU Adreno 660,16.0,512.0,6.8,1440 x 3200,Dynamic AMOLED 2X,120.0,108,4.0,5000.0,Mật khẩu,1. Quốc tế:,Samsung,Android,Medium,FHD,M8350
iPhone 14 Plus cũ,https://mobilecity.vn/dien-thoai/iphone-14-plus-cu.html,9800000.0,Apple A15 Bionic 6 nhân GPU Apple GPU,6.0,512.0,6.7,1284 x 2778,Super Retina XDR OLED,60.0,12,2.0,4323.0,Mật khẩu,Apple A15 Bionic (5 nm),Apple,iOS,High,HD,A15 Bionic
Xiaomi REDMI K80 cũ,https://mobilecity.vn/dien-thoai/xiaomi-redmi-k80-cu.html,6950000.0,Qualcomm SM8650AB Snapdragon 8 Gen 3 8 nhân GPU Adreno 750,16.0,1024.0,6.67,1440 x 3200,OLED,120.0,50,2.0,6550.0,Vân tay,Qualcomm SM8650-AB Snapdragon 8 Gen 3 (4 nm),Xiaomi,Android,Medium,FHD,M8650
Vivo X100s cũ,https://mobilecity.vn/dien-thoai/vivo-x100s-cu-gia-re.html,11450000.0,MediaTek Dimensity 9300 Plus 8 nhân GPU ImmortalisG720 MC12,16.0,1024.0,6.78,1260 x 2800,LTPO AMOLED,120.0,64,3.0,5100.0,Vân tay,MediaTek Dimensity 9300 Plus (4 nm),Vivo,Android,High,HD,Dimensity 9300 plus
Nubia Red Magic 9 Pro 5G,https://mobilecity.vn/dien-thoai/zte-nubia-red-magic-9-pro-5g.html,13000000.0,Qualcomm SM8650AB Snapdragon 8 Gen 3 8 nhân GPU Adreno 750,12.0,512.0,6.8,1116 x 2480,AMOLED,120.0,50,3.0,6500.0,Mật khẩu,Qualcomm SM8650-AB Snapdragon 8 Gen 3 (4 nm),Nubia,Android,High,HD,M8650
Xiaomi 15 5G - Chính hãng Việt Nam,https://mobilecity.vn/dien-thoai/xiaomi-15-5g-sieu-manh.html,15250000.0,Qualcomm SM8750AB Snapdragon 8 Elite 8 nhân GPU Adreno 830,16.0,1024.0,6.36,1200 x 2670,LTPO AMOLED,120.0,50,3.0,5240.0,Vân tay,Qualcomm SM8750-AB Snapdragon 8 Elite (3 nm),Xiaomi,Android,Premium,HD,M8750
Vivo X200 Ultra cũ,https://mobilecity.vn/dien-thoai/vivo-x200-ultra-cu.html,20400000.0,Qualcomm SM8750AB Snapdragon 8 Elite 8 nhân GPU Adreno 830,16.0,1024.0,6.82,1440 x 3168,LTPO AMOLED,120.0,200,3.0,6000.0,Vân tay,Qualcomm SM8750-AB Snapdragon 8 Elite (3 nm),Vivo,Android,Premium,FHD,M8750
Realme C11 Chính hãng,https://mobilecity.vn/realme/realme-c11.html,2450000.0,Unisoc SC9863A 8 nhân GPU IMG8322,4.0,64.0,6.52,720 x 1600,IPS LCD,60.0,8,1.0,5000.0,Face ID,Unisoc SC9863A,Realme,Android,Low,HD,Sc9863a 8 
Samsung A16 cũ,https://mobilecity.vn/dien-thoai/samsung-a16-cu.html,2550000.0,MediaTek Helio G99 8 nhân GPU MaliG57 MC2,8.0,256.0,6.7,1080 x 2340,Super AMOLED,90.0,50,3.0,5000.0,Mật khẩu,MediaTek Helio G99 (6 nm),Samsung,Android,Low,HD,Helio G99
Xiaomi Redmi A1+,https://mobilecity.vn/dien-thoai/xiaomi-redmi-a1-plus-van-tay.html,2750000.0,Mediatek MT6761 Helio A22 4 nhân 20 GHz GPU PowerVR GE8320,3.0,32.0,6.52,720 x 1600,IPS LCD,60.0,8,2.0,5000.0,Mật khẩu,Mediatek MT6761 Helio A22 (12 nm),Xiaomi,Android,Low,HD,A22 Bionic
Nubia V70 Design Chính hãng,https://mobilecity.vn/dien-thoai/nubia-v70-design.html,2750000.0,Unisoc T606 8 nhân GPU MaliG57 MP1,8.0,256.0,6.7,720 x 1612,IPS LCD,120.0,50,1.0,5000.0,Vân tay,Unisoc T606 (12 nm),Nubia,Android,Low,HD,Unisoc t606 8
Thành Hưng Hero 9,https://mobilecity.vn/dien-thoai/thanh-hung-hero-9.html,3290000.0,MediaTek MT6762D Helio A25 8 nhân GPU PowerVR GE8320,3.0,32.0,6.517,720 x 1600,IPS LCD,60.0,13,3.0,5000.0,Mật khẩu,MediaTek MT6762D Helio A25 (12 nm),Other,Android,Medium,HD,A25 Bionic
OnePlus Nord CE 2,https://mobilecity.vn/dien-thoai/oneplus-nord-ce-2.html,3450000.0,MediaTek MT6877 Dimensity 900 8 nhân GPU MaliG68 MC4,8.0,128.0,6.43,1080 x 2400,AMOLED,90.0,64,3.0,4500.0,Mật khẩu,MediaTek MT6877 Dimensity 900 (6 nm),OnePlus,Android,Medium,HD,Dimensity 900
Xiaomi Redmi Note 13 5G China,https://mobilecity.vn/dien-thoai/xiaomi-redmi-note-13-gia-re.html,3550000.0,Mediatek Dimensity 6080 8 nhân GPU MaliG57 MC2,12.0,256.0,6.67,1080 x 2400,AMOLED,120.0,108,2.0,5000.0,Mật khẩu,Mediatek Dimensity 6080 (6 nm),Xiaomi,Android,Medium,HD,Dimensity 6080
Xiaomi Redmi Note 13 Pro 5G,https://mobilecity.vn/dien-thoai/xiaomi-redmi-note-13-pro-cau-hinh-manh.html,3950000.0,Qualcomm SM7435AB Snapdragon 7s Gen 2 8 nhân GPU Adreno 710,16.0,512.0,6.67,1220 x 2712,AMOLED,120.0,200,3.0,5100.0,Vân tay,Qualcomm SM7435-AB Snapdragon 7s Gen 2 (4 nm),Xiaomi,Android,Medium,HD,M7435
OPPO A60 Chính hãng,https://mobilecity.vn/dien-thoai/oppo-a60-sac-supervooc-45w.html,4750000.0,Qualcomm SM6225 Snapdragon 680 4G 8 nhân GPU Adreno 610,8.0,256.0,6.67,720 x 1604,IPS LCD,90.0,50,2.0,5000.0,Mật khẩu,Qualcomm SM6225 Snapdragon 680 4G (6 nm),OPPO,Android,Medium,HD,M6225
Vivo iQOO Z10x 5G,https://mobilecity.vn/dien-thoai/vivo-iqoo-z10x-5g.html,4650000.0,MediaTek Dimensity 7300 8 nhân GPU MaliG615 MC2,12.0,512.0,6.72,1080 x 2408,IPS LCD,120.0,50,2.0,6500.0,Face ID,MediaTek Dimensity 7300 (4 nm),Vivo,Android,Medium,HD,Dimensity 7300
Samsung M55 cũ,https://mobilecity.vn/dien-thoai/samsung-m55-cu.html,4800000.0,Snapdragon 7 Gen 1 8 nhân GPU Adreno 644,8.0,256.0,6.7,1080 x 2400,Super AMOLED Plus,120.0,50,3.0,5000.0,Mật khẩu,Snapdragon 7 Gen 1,Samsung,Android,Medium,HD,Snapdragon 7 gen 1
Realme 14T 5G cũ,https://mobilecity.vn/dien-thoai/realme-14t-5g-cu.html,4900000.0,MediaTek Dimensity 6300 8 nhân GPU Mali G57 MC2,12.0,256.0,6.67,1080 x 2400,AMOLED,120.0,50,2.0,6000.0,Vân tay,MediaTek Dimensity 6300 (6 nm),Realme,Android,Medium,HD,Dimensity 6300
Realme C85 Pro Chính hãng,https://mobilecity.vn/dien-thoai/realme-c85-pro-chinh-hang.html,5030000.0,Qualcomm SM6225 Snapdragon 685 4x28 GHz 4x19 GHz,8.0,512.0,6.8,1080 x 2344,AMOLED,120.0,50,1.0,7000.0,Vân tay,Qualcomm SM6225 Snapdragon 685 (6 nm),Realme,Android,Medium,HD,M6225
Vivo iQOO Z9 Turbo 5G,https://mobilecity.vn/dien-thoai/vivo-iqoo-z9-turbo-snapdragon-8s-gen-3.html,5750000.0,Qualcomm SM8635 Snapdragon 8s Gen 3 8 nhân GPU Adreno 735,16.0,512.0,6.78,1260 x 2800,AMOLED,144.0,50,2.0,6000.0,Mật khẩu,Qualcomm SM8635 Snapdragon 8s Gen 3 (4 nm),Vivo,Android,Medium,HD,M8635
Realme C85 Pro cũ,https://mobilecity.vn/dien-thoai/realme-c85-pro-cu.html,4990000.0,Qualcomm SM6225 Snapdragon 685 4x28 GHz 4x19 GHz,8.0,512.0,6.8,1080 x 2344,AMOLED,120.0,50,1.0,7000.0,Vân tay,Qualcomm SM6225 Snapdragon 685 (6 nm),Realme,Android,Medium,HD,M6225
Realme C85 5G,https://mobilecity.vn/dien-thoai/realme-c85-5g.html,5800000.0,Mediatek Dimensity 6300 2x24 GHz CortexA76 6x20 GHz CortexA55,8.0,512.0,6.8,720 x 1570,IPS LCD,144.0,50,1.0,7000.0,Vân tay,Mediatek Dimensity 6300 (6 nm),Realme,Android,Medium,HD,A76 Bionic
Vivo iQOO Z9 5G,https://mobilecity.vn/dien-thoai/vivo-iqoo-z9-5g-snapdragon-7-gen-3.html,5850000.0,Qualcomm Snapdragon 7 Gen 3 8 nhân GPU Adreno 720,12.0,512.0,6.78,1260 x 2800,AMOLED,144.0,50,2.0,6000.0,Vân tay,Qualcomm Snapdragon 7 Gen 3 (4 nm),Vivo,Android,Medium,HD,Snapdragon 7 gen 3
Samsung Galaxy A36 5G Chính hãng,https://mobilecity.vn/dien-thoai/samsung-galaxy-a36-5g-chinh-hang.html,6300000.0,Qualcomm SM6475AB Snapdragon 6 Gen 3 8 nhân GPU Adreno 710,12.0,256.0,6.7,1080 x 2340,Super AMOLED,120.0,50,3.0,5000.0,Vân tay,Qualcomm SM6475-AB Snapdragon 6 Gen 3 (4 nm),Samsung,Android,Medium,HD,M6475
Xiaomi Redmi Turbo 4,https://mobilecity.vn/dien-thoai/xiaomi-redmi-turbo-4-cuc-manh.html,6350000.0,MediaTek Dimensity 8400 Ultra 8 nhân GPU MaliG720 MC7 AI MediaTek NPU 880,16.0,512.0,6.67,1220 x 2712,AMOLED,120.0,50,2.0,6550.0,Vân tay,MediaTek Dimensity 8400 Ultra (4 nm),Xiaomi,Android,Medium,HD,Dimensity 8400 ultra
Vivo iQOO Z9 Turbo Plus,https://mobilecity.vn/dien-thoai/vivo-iqoo-z9-turbo-plus.html,6450000.0,MediaTek Dimensity 9300 Plus 8 nhân GPU ImmortalisG720 MC12,16.0,512.0,6.78,1260 x 2800,AMOLED,144.0,50,2.0,6400.0,Vân tay,MediaTek Dimensity 9300 Plus (4 nm),Vivo,Android,Medium,HD,Dimensity 9300 plus
Vivo Y78 5G,https://mobilecity.vn/dien-thoai/vivo-y78-t1-5g-dimensity-6020.html,6688000.0,Mediatek Dimensity 6020 8 nhân MaliG57 MC2,12.0,256.0,6.64,1080 x 2388,IPS LCD,60.0,50,2.0,5000.0,Vân tay,Mediatek Dimensity 6020 (7 nm),Vivo,Android,Medium,HD,Dimensity 6020
Xiaomi Redmi Note 13 Pro 4G Chính hãng,https://mobilecity.vn/dien-thoai/xiaomi-redmi-note-13-pro-4g-helio-g99-ultra.html,6950000.0,Mediatek Helio G99 Ultra 8 nhân GPU MaliG57 MC2,12.0,512.0,6.67,1080 x 2400,AMOLED,120.0,200,3.0,5000.0,Vân tay,Mediatek Helio G99 Ultra,Xiaomi,Android,Medium,HD,Helio G99 ULTRA
Realme Neo7 Turbo,https://mobilecity.vn/dien-thoai/realme-neo7-turbo.html,7450000.0,MediaTek Dimensity 9400e 8 nhân GPU ImmortalisG720 MC12,16.0,512.0,6.8,1280 x 2800,AMOLED,144.0,50,2.0,7200.0,Vân tay,MediaTek Dimensity 9400e (4 nm),Realme,Android,Medium,HD,Dimensity 9400
Vivo iQOO Neo 10,https://mobilecity.vn/dien-thoai/vivo-iqoo-neo-10.html,7450000.0,Qualcomm SM8650AB Snapdragon 8 Gen 3 8 nhân GPU Adreno 750,16.0,1024.0,6.78,1260 x 2800,LTPO AMOLED,144.0,50,2.0,6100.0,Vân tay,Qualcomm SM8650-AB Snapdragon 8 Gen 3 (4 nm),Vivo,Android,Medium,HD,M8650
Xiaomi REDMI Turbo 4 Pro 5G,https://mobilecity.vn/dien-thoai/xiaomi-redmi-turbo-4-pro-5g.html,7450000.0,Qualcomm SM8735 Snapdragon 8s Gen 4 8 nhân GPU Adreno 825,16.0,1024.0,6.83,1280 x 2772,AMOLED,120.0,50,2.0,7550.0,Vân tay,Qualcomm SM8735 Snapdragon 8s Gen 4 (4 nm),Xiaomi,Android,Medium,HD,M8735
OPPO K13 Turbo Pro,https://mobilecity.vn/dien-thoai/oppo-k13-turbo-pro-gaming.html,7950000.0,Qualcomm SM8735 Snapdragon 8s Gen 4 8 nhân GPU Adreno 825,16.0,512.0,6.8,1280 x 2800,AMOLED,120.0,50,2.0,7000.0,Vân tay,Qualcomm SM8735 Snapdragon 8s Gen 4 (4 nm),OPPO,Android,Medium,HD,M8735
Sony Xperia 10 VI 5G,https://mobilecity.vn/dien-thoai/sony-xperia-10-vi-5g-snapdragon-6-gen-1.html,7950000.0,Qualcomm SM6450 Snapdragon 6 Gen 1 8 nhân GPU Adreno 710,8.0,128.0,6.1,1080 x 2520,OLED,60.0,48,3.0,5000.0,Mật khẩu,Qualcomm SM6450 Snapdragon 6 Gen 1 (4 nm),Sony,Android,Medium,HD,M6450
OnePlus Ace 5 5G,https://mobilecity.vn/dien-thoai/oneplus-ace-5-5g-chip-snapdragon.html,7950000.0,Qualcomm SM8650AB Snapdragon 8 Gen 3 8 nhân GPU Adreno 750,16.0,1024.0,6.78,1264 x 2780,LTPO AMOLED,120.0,50,3.0,6415.0,Mật khẩu,Qualcomm SM8650-AB Snapdragon 8 Gen 3 (4 nm),OnePlus,Android,Medium,HD,M8650
Vivo iQOO Z10 Turbo,https://mobilecity.vn/dien-thoai/vivo-iqoo-z10-turbo-pin-7000mah.html,7950000.0,MediaTek Dimensity 8400 8 nhân GPU MaliG720 MC7,16.0,512.0,6.78,1260 x 2800,AMOLED,144.0,50,2.0,7620.0,"Vân tay, Face ID",MediaTek Dimensity 8400 (4 nm),Vivo,Android,Medium,HD,Dimensity 8400
Samsung Galaxy A56 5G,https://mobilecity.vn/dien-thoai/samsung-galaxy-a56-5g.html,8050000.0,Exynos 1580 8 nhân GPU Xclipse 540,12.0,256.0,6.7,1080 x 2340,Super AMOLED,120.0,50,3.0,5000.0,Mật khẩu,Exynos 1580 (4 nm),Samsung,Android,High,HD,Exynos 1580 8
OPPO Reno14 F 5G cũ,https://mobilecity.vn/dien-thoai/oppo-reno14-f-5g-cu.html,8200000.0,Qualcomm SM6450 Snapdragon 6 Gen 1 8 nhân GPU Adreno 710,12.0,512.0,6.57,1080 x 2372,AMOLED,120.0,50,3.0,6000.0,Vân tay,Qualcomm SM6450 Snapdragon 6 Gen 1 (4 nm),OPPO,Android,High,HD,M6450
Vivo iQOO Z10 Turbo Pro,https://mobilecity.vn/dien-thoai/vivo-iqoo-z10-turbo-pro.html,8250000.0,Qualcomm SM8735 Snapdragon 8s Gen 4 8 nhân GPU Adreno 825,16.0,512.0,6.78,1260 x 2800,AMOLED,144.0,50,2.0,7000.0,"Vân tay, Face ID",Qualcomm SM8735 Snapdragon 8s Gen 4 (4 nm),Vivo,Android,High,HD,M8735
REDMI Turbo 5 Max,https://mobilecity.vn/dien-thoai/redmi-turbo-5-max-dimensity-9500s.html,8750000.0,MediaTek Dimensity 9500S 8 nhân GPU ImmortalisG925 12 nhân,12.0,512.0,6.83,1280 x 2772,AMOLED,120.0,50,2.0,9000.0,Mật khẩu,MediaTek Dimensity 9500S (3 nm),Xiaomi,Android,High,HD,Dimensity 9500
Vivo iQOO Z10 Turbo Plus,https://mobilecity.vn/dien-thoai/vivo-iqoo-z10-turbo-pro-plus.html,8950000.0,MediaTek Dimensity 9400 Plus 8 nhân GPU ImmortalisG925,16.0,512.0,6.78,1260 x 2800,AMOLED,144.0,50,2.0,8000.0,Vân tay,MediaTek Dimensity 9400 Plus (3 nm),Vivo,Android,High,HD,Dimensity 9400 plus
Honor 80 SE,https://mobilecity.vn/dien-thoai/honor-80-se-dimensity-1080.html,8450000.0,MediaTek MT6877 Dimensity 900 8 nhân GPU MaliG68 MC4,12.0,256.0,6.67,1080 x 2400,OLED,120.0,64,3.0,4600.0,Mật khẩu,MediaTek MT6877 Dimensity 900 (6 nm),Honor,Android,High,HD,Dimensity 900
Honor 80,https://mobilecity.vn/dien-thoai/honor-80.html,9550000.0,Qualcomm Snapdragon 782G 8 nhân GPU Adreno 642L,12.0,512.0,6.67,1080 x 2400,OLED,120.0,160,3.0,4800.0,Mật khẩu,Qualcomm Snapdragon 782G (6 nm),Honor,Android,High,HD,Snapdragon 782g
OnePlus Ace 6T,https://mobilecity.vn/dien-thoai/oneplus-ace-6t-snapdragon-8-gen-5.html,9950000.0,Qualcomm Snapdragon 8 Gen 5 8 nhân GPU Adreno 840,16.0,1024.0,6.83,1272 x 2800,AMOLED,165.0,50,2.0,8300.0,Vân tay,Qualcomm Snapdragon 8 Gen 5,OnePlus,Android,High,HD,Snapdragon 8 gen 5
Vivo iQOO Neo 10 Pro Plus,https://mobilecity.vn/dien-thoai/vivo-iqoo-neo-10-pro-plus.html,9950000.0,Qualcomm SM8750AB Snapdragon 8 Elite 8 nhân GPU Adreno 830,16.0,1024.0,6.82,1440 x 3168,LTPO AMOLED,144.0,50,2.0,6800.0,Vân tay,Qualcomm SM8750-AB Snapdragon 8 Elite (3 nm),Vivo,Android,High,FHD,M8750
Xiaomi REDMI K90,https://mobilecity.vn/dien-thoai/xiaomi-redmi-k90-5g.html,9950000.0,Qualcomm SM8750AB Snapdragon 8 Elite 8 nhân GPU Adreno 830,16.0,1024.0,6.59,1156 x 2510,AMOLED,2560.0,50,3.0,7100.0,Vân tay,Qualcomm SM8750-AB Snapdragon 8 Elite (3 nm),Xiaomi,Android,High,HD,M8750
Vivo iQOO Z11 Turbo,https://mobilecity.vn/dien-thoai/vivo-iqoo-z11-turbo-pin-khung.html,10250000.0,Qualcomm Snapdragon 8 Gen 5 8 nhân GPU Adreno 829,12.0,512.0,6.59,1260 x 2750,AMOLED,144.0,200,2.0,7600.0,Vân tay,Qualcomm Snapdragon 8 Gen 5,Vivo,Android,High,HD,Snapdragon 8 gen 5
OnePlus 13T 5G,https://mobilecity.vn/dien-thoai/oneplus-13t-5g.html,10450000.0,Qualcomm SM8750AB Snapdragon 8 Elite 8 nhân GPU Adreno 830,16.0,1024.0,6.32,1216 x 2640,LTPO AMOLED,120.0,50,2.0,6260.0,Vân tay,Qualcomm SM8750-AB Snapdragon 8 Elite (3 nm),OnePlus,Android,High,HD,M8750
Realme Neo8 5G,https://mobilecity.vn/dien-thoai/realme-neo8-5g.html,10650000.0,Qualcomm Snapdragon 8 Gen 5 8 nhân GPU Adreno 829,16.0,1024.0,6.78,277 x 1272,AMOLED,165.0,50,3.0,8000.0,Vân tay,Qualcomm Snapdragon 8 Gen 5,Realme,Android,High,HD,Snapdragon 8 gen 5
Honor 80 Pro Plus,https://mobilecity.vn/dien-thoai/honor-80-pro-plus.html,11050000.0,Qualcomm SM8475 Snapdragon 8 Gen 1 8 nhân GPU Adreno 730,12.0,512.0,6.78,1200 x 2652,OLED,120.0,200,3.0,5000.0,Mật khẩu,Qualcomm SM8475 Snapdragon 8+ Gen 1 (4 nm),Honor,Android,High,HD,M8475
Realme GT8 5G,https://mobilecity.vn/dien-thoai/realme-gt8-5g-sieu-manh.html,11150000.0,Qualcomm SM8750AB Snapdragon 8 Elite 8 nhân GPU Adreno 830,16.0,1024.0,6.79,1440 x 3136,AMOLED,144.0,50,3.0,7000.0,Vân tay,Qualcomm SM8750-AB Snapdragon 8 Elite (3 nm),Realme,Android,High,FHD,M8750
OnePlus Ace 6,https://mobilecity.vn/dien-thoai/oneplus-ace-6-gia-re.html,10950000.0,Qualcomm SM8750AB Snapdragon 8 Elite 8 nhân GPU Adreno 830,16.0,1024.0,6.83,1272 x 2800,AMOLED,165.0,50,2.0,7800.0,Vân tay,Qualcomm SM8750-AB Snapdragon 8 Elite (3 nm),OnePlus,Android,High,HD,M8750
Honor WIN RT,https://mobilecity.vn/dien-thoai/honor-win-rt-pin-10000mah.html,11750000.0,Qualcomm SM8750AB Snapdragon 8 Elite 8 nhân GPU Adreno 830,16.0,1024.0,6.83,1272 x 2800,AMOLED,185.0,50,2.0,10000.0,Mật khẩu,Qualcomm SM8750-AB Snapdragon 8 Elite (3 nm),Honor,Android,High,HD,M8750
Vivo iQOO Neo 11 5G,https://mobilecity.vn/dien-thoai/vivo-iqoo-neo-11-5g-gia-re.html,12250000.0,Qualcomm SM8750AB Snapdragon 8 Elite 8 nhân GPU Adreno 830,16.0,1024.0,6.82,1440 x 3168,LTPO AMOLED,144.0,50,2.0,7500.0,Vân tay,Qualcomm SM8750-AB Snapdragon 8 Elite (3 nm),Vivo,Android,High,FHD,M8750
Honor 80 Pro,https://mobilecity.vn/dien-thoai/honor-80-pro.html,12350000.0,MediaTek Dimensity 8000 8 nhân GPU MaliG610,12.0,512.0,6.78,1200 x 2652,OLED,120.0,54,3.0,4500.0,Mật khẩu,MediaTek Dimensity 8000,Honor,Android,High,HD,Dimensity 8000
OnePlus 13 5G,https://mobilecity.vn/dien-thoai/oneplus-13-5g.html,12450000.0,Qualcomm SM8750AB Snapdragon 8 Elite 8 nhân GPU Adreno 830,24.0,1024.0,6.82,1440 x 3168,LTPO AMOLED,120.0,50,3.0,6000.0,Vân tay,Qualcomm SM8750-AB Snapdragon 8 Elite (3 nm),OnePlus,Android,High,FHD,M8750
Vivo X200s 5G,https://mobilecity.vn/dien-thoai/vivo-x200s-5g.html,13250000.0,MediaTek Dimensity 9400 Plus 8 nhân GPU ImmortalisG925,16.0,1024.0,6.67,1260 x 2800,AMOLED,120.0,50,3.0,6200.0,Vân tay,MediaTek Dimensity 9400 Plus (3 nm),Vivo,Android,High,HD,Dimensity 9400 plus
Vivo iQOO 13 5G,https://mobilecity.vn/dien-thoai/vivo-iqoo-13-5g-snapdragon-8-gen-4.html,13250000.0,Qualcomm SM8750AB Snapdragon 8 Elite 8 nhân GPU Adreno 830,16.0,1024.0,6.82,1440 x 3168,LTPO 8T AMOLED,144.0,50,3.0,6150.0,Vân tay,Qualcomm SM8750-AB Snapdragon 8 Elite (3 nm),Vivo,Android,High,FHD,M8750
Xiaomi 15T Pro cũ Chính hãng,https://mobilecity.vn/dien-thoai/xiaomi-15t-pro-cu-chinh-hang.html,14150000.0,MediaTek Dimensity 9400 Plus 8 nhân GPU ImmortalisG925,12.0,1024.0,6.83,1220 x 2712,AMOLED,144.0,50,3.0,5500.0,Vân tay,MediaTek Dimensity 9400 Plus (4 nm),Xiaomi,Android,High,HD,Dimensity 9400 plus
Xiaomi REDMI K90 Pro Max,https://mobilecity.vn/dien-thoai/xiaomi-redmi-k90-pro-max.html,14950000.0,Qualcomm SM8850AC Snapdragon 8 Elite Gen 5 8 nhân GPU Adreno 840,16.0,1024.0,6.9,1200 x 2608,LTPO AMOLED,2560.0,50,3.0,7560.0,Vân tay,Qualcomm SM8850-AC Snapdragon 8 Elite Gen 5 (3 nm),Xiaomi,Android,High,HD,M8850
Vivo iQOO 15,https://mobilecity.vn/dien-thoai/vivo-iqoo-15-5g.html,15250000.0,Qualcomm SM8850AC Snapdragon 8 Elite Gen 5 8 nhân GPU Adreno 840,16.0,1024.0,6.82,1440 x 3168,LTPO AMOLED,144.0,50,3.0,7000.0,Vân tay,Qualcomm SM8850-AC Snapdragon 8 Elite Gen 5 (3 nm),Vivo,Android,Premium,FHD,M8850
Realme GT8 Pro,https://mobilecity.vn/dien-thoai/realme-gt8-pro-man-hinh-2k.html,15250000.0,Qualcomm SM8850AC Snapdragon 8 Elite Gen 5 8 nhân GPU Adreno 840,16.0,1024.0,6.79,1440 x 3168,LTPO AMOLED,144.0,200,3.0,7000.0,Vân tay,Qualcomm SM8850-AC Snapdragon 8 Elite Gen 5 (3 nm),Realme,Android,Premium,FHD,M8850
Honor WIN 5G,https://mobilecity.vn/dien-thoai/honor-win-5g-pin-khung.html,15450000.0,Qualcomm SM8850AC Snapdragon 8 Elite Gen 5 8 nhân GPU Adreno 840,16.0,256.0,6.83,1272 x 2800,AMOLED,185.0,50,3.0,10000.0,Mật khẩu,Qualcomm SM8850-AC Snapdragon 8 Elite Gen 5 (3 nm),Honor,Android,Premium,HD,M8850
OnePlus 15,https://mobilecity.vn/dien-thoai/oneplus-15-5g.html,15650000.0,Qualcomm SM8850AC Snapdragon 8 Elite Gen 5 8 nhân GPU Adreno 840,16.0,1024.0,6.78,1272 x 2772,LTPO AMOLED,165.0,50,3.0,7300.0,Vân tay,Qualcomm SM8850-AC Snapdragon 8 Elite Gen 5 (3 nm),OnePlus,Android,Premium,HD,M8850
Vivo X300 5G,https://mobilecity.vn/dien-thoai/vivo-x300-5g-camera-zeiss.html,15950000.0,MediaTek Dimensity 9500 8 nhân GPU Arm G1Ultra,16.0,1024.0,6.31,1216 x 2640,LTPO AMOLED,120.0,200,3.0,6040.0,Vân tay,MediaTek Dimensity 9500 (3 nm),Vivo,Android,Premium,HD,Dimensity 9500
Vivo X200 Pro 5G,https://mobilecity.vn/dien-thoai/vivo-x200-pro-chip-khung-nhat.html,16250000.0,MediaTek Dimensity 9400 8 nhân GPU ImmortalisG925,16.0,1024.0,6.78,1260 x 2800,LTPO AMOLED,120.0,200,3.0,6000.0,Vân tay,MediaTek Dimensity 9400 (3 nm),Vivo,Android,Premium,HD,Dimensity 9400
Xiaomi 17 Pro 5G,https://mobilecity.vn/dien-thoai/xiaomi-17-pro-5g.html,18650000.0,Qualcomm Snapdragon 8 Elite Gen 5 8 nhân GPU Adreno 840,16.0,1024.0,6.3,1220 x 2656,LTPO AMOLED,2160.0,50,3.0,6300.0,Vân tay,Qualcomm Snapdragon 8 Elite Gen 5 (3 nm),Xiaomi,Android,Premium,HD,Snapdragon 8 elite gen 5
Vivo X200 Ultra,https://mobilecity.vn/dien-thoai/vivo-x200-ultra-snapdragon-8-gen-4.html,21250000.0,Qualcomm SM8750AB Snapdragon 8 Elite 8 nhân GPU Adreno 830,16.0,1024.0,6.82,1440 x 3168,LTPO AMOLED,120.0,200,3.0,6000.0,Vân tay,Qualcomm SM8750-AB Snapdragon 8 Elite (3 nm),Vivo,Android,Premium,FHD,M8750
Vivo X300 Pro 5G,https://mobilecity.vn/dien-thoai/vivo-x300-pro-camera-khung.html,18950000.0,MediaTek Dimensity 9500 8 nhân GPU Arm G1Ultra,16.0,1024.0,6.78,1260 x 2800,LTPO AMOLED,120.0,200,3.0,6510.0,Vân tay,MediaTek Dimensity 9500 (3 nm),Vivo,Android,Premium,HD,Dimensity 9500
Samsung Galaxy S26 Chính hãng,https://mobilecity.vn/dien-thoai/samsung-galaxy-s26-chinh-hang.html,22000000.0,Exynos 2600 10 nhân GPU Xclipse 960,12.0,512.0,6.2,1080 x 2340,Dynamic LTPO AMOLED 2X,120.0,50,3.0,4300.0,Vân tay,Exynos 2600 (2 nm),Samsung,Android,Premium,HD,Exynos 2600 10
Xiaomi 17 Pro Max,https://mobilecity.vn/dien-thoai/xiaomi-17-pro-max-5g.html,22650000.0,Qualcomm Snapdragon 8 Elite Gen 5 8 nhân GPU Adreno 840,16.0,1024.0,6.9,1200 x 2608,LTPO AMOLED,120.0,50,3.0,7500.0,Vân tay,Qualcomm Snapdragon 8 Elite Gen 5 (3 nm),Xiaomi,Android,Premium,HD,Snapdragon 8 elite gen 5
Honor Magic Vs,https://mobilecity.vn/dien-thoai/honor-magic-vs-pin-trau-sac-66W.html,28450000.0,Qualcomm SM8475 Snapdragon 8 Gen 1 8 nhân GPU Adreno 730,12.0,512.0,7.9,1984 x 2272,Foldable OLED | OLED,90.0,54,3.0,5000.0,Mật khẩu,Qualcomm SM8475 Snapdragon 8+ Gen 1 (4 nm),Honor,Android,Premium,FHD,M8475
Vivo X300 Ultra 5G,https://mobilecity.vn/dien-thoai/vivo-x300-ultra-5g-sieu-khung.html,22950000.0,Snapdragon 8 Elite 2,16.0,1024.0,6.78,1440 x 3200,LTPO AMOLED,120.0,200,3.0,6500.0,Mật khẩu,Snapdragon 8 Elite 2,Vivo,Android,Premium,FHD,Snapdragon 8 elite
OPPO A37 Chính hãng,https://mobilecity.vn/dien-thoai/oppo-a37-chinh-hang.html,299000.0,Qualcomm MSM8916 Snapdragon 410 4 nhân 12 GHz GPU Adreno 306,2.0,16.0,5.0,720 x 1280,IPS LCD,60.0,8,1.0,2630.0,Face ID,Qualcomm MSM8916 Snapdragon 410 (28 nm),OPPO,Android,Low,HD,M8916
OPPO F9 Chính hãng,https://mobilecity.vn/dien-thoai/oppo-f9-sieu-re.html,750000.0,Mediatek MT6771 Helio P60 8 nhân 20 GHz GPU MaliG72 MP3,6.0,128.0,6.3,1080 x 2340,IPS LCD,60.0,16,2.0,3500.0,Vân tay,Mediatek MT6771 Helio P60 (12 nm),OPPO,Android,Low,HD,Helio p60
OPPO F11 Chính hãng,https://mobilecity.vn/dien-thoai/oppo-f11-chinh-hang.html,890000.0,Mediatek MT6771 Helio P70 8 nhân GPU MaliG72 MP3,6.0,128.0,6.53,1080 x 2340,IPS LCD,60.0,48,2.0,4020.0,Vân tay,Mediatek MT6771 Helio P70 (12 nm),OPPO,Android,Low,HD,Helio p70
Xiaomi Redmi Note 12R Cũ 5G,https://mobilecity.vn/dien-thoai/xiaomi-redmi-note-12r-cu-man-hinh-90hz.html,1550000.0,Qualcomm Snapdragon 4 Gen 2 8 nhân GPU Adreno 613,8.0,256.0,6.79,1080 x 2460,IPS LCD,90.0,50,2.0,5000.0,Mật khẩu,Qualcomm Snapdragon 4 Gen 2 (4 nm),Xiaomi,Android,Low,HD,Snapdragon 4 gen 2
Xiaomi Redmi A3x,https://mobilecity.vn/dien-thoai/xiaomi-redmi-a3x-man-hinh-90hz.html,1750000.0,Unisoc Tiger T603 8 nhân GPU MaliG57 MP1,3.0,64.0,6.71,720 x 1650,IPS LCD,90.0,8,2.0,5000.0,Vân tay,Unisoc Tiger T603 (12 nm),Xiaomi,Android,Low,HD,Tiger t603 8
ZTE Nubia A56,https://mobilecity.vn/dien-thoai/zte-nubia-a56-t7200.html,1680000.0,Unisoc T7200,4.0,128.0,6.75,720 x 1600,IPS LCD,120.0,13,1.0,5000.0,Mật khẩu,Unisoc T7200,ZTE,Android,Low,HD,Unisoc t7200
ZTE Nubia A36 Chính hãng,https://mobilecity.vn/dien-thoai/zte-nubia-a36-chinh-hang.html,1590000.0,Unisoc T7200,4.0,64.0,6.75,720 x 1600,LCD,60.0,13,1.0,5000.0,Mật khẩu,Unisoc T7200,ZTE,Android,Low,HD,Unisoc t7200
LG G7 ThinQ cũ,https://mobilecity.vn/lg/lg-g7-cu.html,1750000.0,Qualcomm SDM845 Snapdragon 845 8 nhân GPU Adreno 630,6.0,128.0,6.1,1440 x 3120,IPS LCD,60.0,16,2.0,3000.0,Mật khẩu,Qualcomm SDM845 Snapdragon 845 (10 nm),Other,Android,Low,FHD,M845
Xiaomi POCO M5 Cũ,https://mobilecity.vn/dien-thoai/xiaomi-poco-m5-cu-helio-g99.html,1800000.0,Mediatek Helio G99 8 nhân GPU MaliG57 MC2,6.0,128.0,6.58,1080 x 2408,IPS LCD,90.0,50,3.0,5000.0,Vân tay,Mediatek Helio G99,Xiaomi,Android,Low,HD,Helio G99
Samsung Galaxy A03 Core,https://mobilecity.vn/dien-thoai/samsung-galaxy-a03-core-chinh-hang.html,1810000.0,Unisoc SC9863A 8 nhân GPU IMG8322,2.0,32.0,6.5,720 x 1600,PLS LCD,60.0,8,1.0,5000.0,Mật khẩu,Unisoc SC9863A (28nm),Samsung,Android,Low,HD,Sc9863a 8 
ZTE Blade A35 Chính hãng,https://mobilecity.vn/dien-thoai/zte-blade-a35-chinh-hang.html,1850000.0,Unisoc SC9863,4.0,64.0,6.75,720 x 1600,LCD,60.0,8,1.0,5000.0,Mật khẩu,Unisoc SC9863,ZTE,Android,Low,HD,Sc986 3
Tecno Spark Go 2023,https://mobilecity.vn/dien-thoai/tecno-spark-go-2023-pin-5000mah.html,1890000.0,Mediatek MT6761 Helio A22 4 nhân 20 GHz GPU PowerVR GE8320,4.0,64.0,6.56,720 x 1600,IPS LCD,60.0,13,1.0,5000.0,Mật khẩu,Mediatek MT6761 Helio A22 (12 nm),Tecno,Android,Low,HD,A22 Bionic
Xiaomi POCO C61,https://mobilecity.vn/dien-thoai/xiaomi-poco-c61-man-hinh-90hz.html,1850000.0,Mediatek Helio G36 8 nhân GPU PowerVR GE8320,6.0,128.0,6.71,720 x 1650,IPS LCD,90.0,8,2.0,5000.0,Mật khẩu,Mediatek Helio G36 (12 nm),Xiaomi,Android,Low,HD,Helio G36
OPPO A31 Chính hãng,https://mobilecity.vn/dien-thoai/oppo-a31-chinh-hang.html,1950000.0,Mediatek MT6765VCB Helio P35 8 nhân GPU PowerVR GE8320,6.0,128.0,6.5,720 x 1600,IPS LCD,60.0,12,3.0,4230.0,Vân tay,Mediatek MT6765V/CB Helio P35 (12nm),OPPO,Android,Low,HD,Helio p35
Samsung A06 cũ,https://mobilecity.vn/dien-thoai/samsung-a06-cu-chinh-hang.html,1950000.0,Mediatek Helio G85 8 nhân GPU MaliG52 MC2,6.0,128.0,6.7,720 x 1600,PLS LCD,90.0,50,2.0,5000.0,Vân tay,Mediatek Helio G85 (12 nm),Samsung,Android,Low,HD,Helio G85
Xiaomi POCO C71,https://mobilecity.vn/dien-thoai/xiaomi-poco-c71-pin-5200mah.html,1950000.0,Unisoc T7250 8 nhân GPU MaliG57 MP1,8.0,128.0,6.88,720 x 1640,IPS LCD,120.0,32,1.0,5200.0,Vân tay,Unisoc T7250 (12 nm),Xiaomi,Android,Low,HD,Unisoc t7250 8
Samsung Galaxy A03s,https://mobilecity.vn/samsung/samsung-galaxy-a03s.html,2100000.0,MediaTek MT6765 Helio P35 8 Nhân GPU PowerVR GE8320,2.0,32.0,6.5,720 x 1600,PLS LCD,60.0,13,3.0,5000.0,Face ID,MediaTek MT6765 Helio P35 (12nm),Samsung,Android,Low,HD,Helio p35
Tecno Spark Go 2 Chính hãng,https://mobilecity.vn/dien-thoai/tecno-spark-go-2-man-hinh-120hz.html,2150000.0,Unisoc T7250 8 nhân GPU MaliG57 MP1,4.0,64.0,6.67,720 x 1600,IPS LCD,120.0,13,1.0,5000.0,Mật khẩu,Unisoc T7250 (12 nm),Tecno,Android,Low,HD,Unisoc t7250 8
Samsung Galaxy A04,https://mobilecity.vn/dien-thoai/samsung-galaxy-a04-chinh-hang.html,2120000.0,MediaTek Helio P35 8 nhân GPU IMG PowerVR GE8320,8.0,128.0,6.5,720 x 1600,PLS LCD,60.0,50,2.0,5000.0,Mật khẩu,MediaTek Helio P35,Samsung,Android,Low,HD,Helio p35
Samsung Galaxy M07 Chính hãng,https://mobilecity.vn/dien-thoai/samsung-galaxy-m07-chinh-hang.html,2150000.0,MediaTek Helio G99 8 nhân GPU MaliG57 MC2,4.0,64.0,6.7,720 x 1600,PLS LCD,90.0,50,2.0,5000.0,Vân tay,MediaTek Helio G99 (6 nm),Samsung,Android,Low,HD,Helio G99
ZTE Nubia Music 2,https://mobilecity.vn/dien-thoai/zte-nubia-music-2-unisoc-t7200.html,2150000.0,Unisoc T7200 8 nhân GPU MaliG57 MP1,4.0,128.0,6.7,720 x 1612,IPS LCD,120.0,50,1.0,5000.0,Vân tay,Unisoc T7200 (12 nm),ZTE,Android,Low,HD,Unisoc t7200 8
OPPO A54 Chính hãng,https://mobilecity.vn/dien-thoai/oppo-a54-pin-5000-mah.html,2150000.0,Mediatek MT6765 Helio P35 8 nhân GPU PowerVR GE8320,6.0,128.0,6.51,720 x 1600,IPS LCD,60.0,13,3.0,5000.0,Mật khẩu,Mediatek MT6765 Helio P35 (12 nm),OPPO,Android,Low,HD,Helio p35
Samsung Galaxy A04E,https://mobilecity.vn/dien-thoai/samsung-galaxy-a04e-helio-p35.html,2220000.0,Mediatek MT6765 Helio P35 8 nhân GPU PowerVR GE8320,4.0,128.0,6.5,720 x 1600,PLS LCD,60.0,13,2.0,5000.0,Mật khẩu,Mediatek MT6765 Helio P35 (12nm),Samsung,Android,Low,HD,Helio p35
Tecno Spark 20,https://mobilecity.vn/dien-thoai/tecno-spark-20-ram-8gb.html,2250000.0,MediaTek MT6769Z Helio G85 8 nhân GPU MaliG52 MC2,8.0,256.0,6.6,720 x 1612,IPS LCD,90.0,50,2.0,5000.0,Mật khẩu,MediaTek MT6769Z Helio G85 (12nm),Tecno,Android,Low,HD,Helio G85
Tecno Spark 30C,https://mobilecity.vn/dien-thoai/tecno-spark-30c-helio-g81.html,2250000.0,MediaTek Helio G81 8 nhân GPU MaliG52 MC2,8.0,256.0,6.67,720 x 1600,IPS LCD,120.0,50,1.0,5000.0,Vân tay,MediaTek Helio G81,Tecno,Android,Low,HD,Helio G81
Xiaomi Redmi 13R 5G,https://mobilecity.vn/dien-thoai/xiaomi-redmi-13r-5g-man-hinh-90hz.html,2250000.0,MediaTek Dimensity 6100 8 nhân GPU MaliG57 MC2,4.0,128.0,6.74,720 x 1600,IPS LCD,90.0,50,2.0,5000.0,Mật khẩu,MediaTek Dimensity 6100+ (6 nm),Xiaomi,Android,Low,HD,Dimensity 6100
Honor X5c Plus,https://mobilecity.vn/dien-thoai/honor-x5c-plus-gia-re.html,2350000.0,Mediatek Helio G81 8 nhân GPU MaliG52 MC2,4.0,128.0,6.74,720 x 1600,TFT LCD,90.0,50,1.0,5260.0,Vân tay,Mediatek Helio G81 (12 nm),Honor,Android,Low,HD,Helio G81
Sony Xperia 5 Cũ,https://mobilecity.vn/sony/sony-xperia-5-cu.html,2450000.0,Qualcomm SM8150 Snapdragon 855 8 nhân GPU Adreno 640,6.0,128.0,6.1,1080 x 2520,OLED,60.0,12,3.0,3140.0,Mật khẩu,Qualcomm SM8150 Snapdragon 855 (7 nm),Sony,Android,Low,HD,M8150
Xiaomi Redmi A3 Pro Global,https://mobilecity.vn/dien-thoai/xiaomi-redmi-a3-pro-global.html,2350000.0,MediaTek Helio G81 Ultra 8 nhân GPU MaliG52 MC2,8.0,256.0,6.88,720 x 1640,IPS LCD,120.0,13,1.0,5160.0,Mật khẩu,MediaTek Helio G81 Ultra (12 nm),Xiaomi,Android,Low,HD,Helio G81 ULTRA
Xiaomi Redmi 10A,https://mobilecity.vn/dien-thoai/xiaomi-redmi-10a.html,2450000.0,MediaTek MT6762G Helio G25 8 nhân GPU PowerVR GE8320,6.0,128.0,6.53,720 x 1600,IPS LCD,60.0,13,1.0,5000.0,Mật khẩu,MediaTek MT6762G Helio G25 (12 nm),Xiaomi,Android,Low,HD,Helio G25
OPPO A3x Chính hãng,https://mobilecity.vn/dien-thoai/oppo-a3x-chinh-hang.html,2450000.0,Qualcomm Snapdragon 6s Gen 1 8 nhân GPU Adreno 610,6.0,128.0,6.67,720 x 1604,IPS LCD,90.0,8,1.0,5100.0,Mật khẩu,Qualcomm Snapdragon 6s Gen 1,OPPO,Android,Low,HD,Snapdragon 6
Tecno Spark 8C,https://mobilecity.vn/dien-thoai/tecno-spark-8c.html,2450000.0,Unisoc Tiger T606 8 nhân GPU ARM Mali G57 MP1,4.0,64.0,6.6,720 x 1612,IPS LCD,90.0,13,1.0,5000.0,Mật khẩu,Unisoc Tiger T606 (12 nm),Tecno,Android,Low,HD,Tiger t606 8
Honor Play 10C 5G,https://mobilecity.vn/dien-thoai/honor-play-10c-5g.html,2450000.0,MediaTek Dimensity 6300 8 nhân GPU ARM G57 MC2,8.0,256.0,6.61,720 x 1604,TFT LCD,120.0,13,1.0,6000.0,Vân tay,MediaTek Dimensity 6300 (6 nm),Honor,Android,Low,HD,Dimensity 6300
Tecno Spark 20C,https://mobilecity.vn/dien-thoai/tecno-spark-20c-dynamic-island.html,2450000.0,MediaTek 8 nhân 22GHz GPU PowerVR GE8320,8.0,128.0,6.6,720 x 1612,IPS LCD,90.0,50,1.0,5000.0,Vân tay,MediaTek,Tecno,Android,Low,HD,Mediatek 8 
Xiaomi POCO C75 5G,https://mobilecity.vn/dien-thoai/xiaomi-poco-c75-5g-dimensity-4s-gen-2.html,2450000.0,Qualcomm SM4635 Snapdragon 4s Gen 2 8 nhân GPU Adreno,4.0,64.0,6.88,720 x 1640,IPS LCD,120.0,50,1.0,5160.0,Vân tay,Qualcomm SM4635 Snapdragon 4s Gen 2 (4 nm),Xiaomi,Android,Low,HD,M4635
Xiaomi Redmi 12C Cũ,https://mobilecity.vn/dien-thoai/xiaomi-redmi-12c-cu-dgw.html,2500000.0,Mediatek MT6769Z Helio G85 8 nhân GPU MaliG52 MC2,6.0,128.0,6.71,720 x 1650,IPS LCD,60.0,50,2.0,5000.0,Mật khẩu,Mediatek MT6769Z Helio G85 (12nm),Xiaomi,Android,Low,HD,Helio G85
Xiaomi POCO C65,https://mobilecity.vn/dien-thoai/xiaomi-poco-c65-gia-re.html,2600000.0,Mediatek Helio G85 8 nhân GPU MaliG52 MC2,8.0,256.0,6.74,720 x 1600,IPS LCD,90.0,50,2.0,5000.0,Mật khẩu,Mediatek Helio G85 (12nm),Xiaomi,Android,Low,HD,Helio G85
Xiaomi Redmi Note 12 4G Cũ,https://mobilecity.vn/dien-thoai/xiaomi-redmi-note-12-4g-cu-chinh-hang-dgw.html,2500000.0,Qualcomm SM6225 Snapdragon 685 8 nhân GPU Adreno 610,8.0,128.0,6.67,1080 x 2400,AMOLED,120.0,50,3.0,5000.0,Vân tay,Qualcomm SM6225 Snapdragon 685 (6 nm),Xiaomi,Android,Low,HD,M6225
OPPO A53 Chính hãng,https://mobilecity.vn/dien-thoai/oppo-a53-man-hinh-90hz.html,2550000.0,Qualcomm SM4250 Snapdragon 460 8 nhân GPU Adreno 610,8.0,256.0,6.5,720 x 1600,IPS LCD,90.0,13,3.0,5000.0,Vân tay,Qualcomm SM4250 Snapdragon 460 (11 nm),OPPO,Android,Low,HD,M4250
Xiaomi Redmi 13C 5G,https://mobilecity.vn/dien-thoai/xiaomi-redmi-13c-5g-dimensity-6100-plus.html,2550000.0,Mediatek Dimensity 6100 8 nhân GPU MaliG57 MC2,8.0,256.0,6.74,720 x 1600,IPS LCD,90.0,50,2.0,5000.0,Vân tay,Mediatek Dimensity 6100+ (6 nm),Xiaomi,Android,Low,HD,Dimensity 6100
Xiaomi REDMI A4 5G,https://mobilecity.vn/dien-thoai/xiaomi-redmi-a4-5g-snapdragon-4s-gen-2.html,2550000.0,Qualcomm SM4635 Snapdragon 4s Gen 2 8 nhân GPU Adreno xxx,4.0,128.0,6.88,720 x 1640,IPS LCD,120.0,50,1.0,5160.0,Vân tay,Qualcomm SM4635 Snapdragon 4s Gen 2 (4 nm),Xiaomi,Android,Low,HD,M4635
Samsung Galaxy A07 Chính hãng,https://mobilecity.vn/dien-thoai/samsung-galaxy-a07-chinh-hang.html,2550000.0,MediaTek Helio G99 8 nhân GPU MaliG57 MC2,8.0,256.0,6.7,720 x 1600,PLS LCD,90.0,50,2.0,5000.0,Vân tay,MediaTek Helio G99 (6 nm),Samsung,Android,Low,HD,Helio G99
Tecno Spark 40 Chính hãng,https://mobilecity.vn/dien-thoai/tecno-spark-40-chinh-hang.html,2550000.0,MediaTek Helio G81 8 nhân GPU MaliG52 MC2 Bản NFC MediaTek Helio G91 8 nhân GPU MaliG52 MC2,8.0,256.0,6.67,720 x 1600,IPS LCD,120.0,50,1.0,5200.0,Mật khẩu,MediaTek Helio G81 (12 nm),Tecno,Android,Low,HD,Helio G81
Tecno Spark 20 Pro,https://mobilecity.vn/dien-thoai/tecno-spark-20-pro-man-hinh-120Hz.html,2550000.0,Mediatek Helio G99 8 nhân GPU MaliG57 MC2,8.0,256.0,6.78,1080 x 2460,IPS LCD,120.0,108,2.0,5000.0,Mật khẩu,Mediatek Helio G99 (6nm),Tecno,Android,Low,HD,Helio G99
Xiaomi Redmi Note 12R,https://mobilecity.vn/dien-thoai/xiaomi-redmi-note-12r-snapdragon-4-gen-2.html,2550000.0,Qualcomm Snapdragon 4 Gen 2 8 nhân GPU Adreno 613,8.0,256.0,6.79,1080 x 2460,IPS LCD,90.0,50,2.0,5000.0,Vân tay,Qualcomm Snapdragon 4 Gen 2 (4 nm),Xiaomi,Android,Low,HD,Snapdragon 4 gen 2
Xiaomi Redmi 13C Chính hãng,https://mobilecity.vn/dien-thoai/xiaomi-redmi-13c-camera-50mp.html,2600000.0,Mediatek MT6769Z Helio G85 8 nhân GPU MaliG52 MC2,8.0,256.0,6.74,720 x 1600,IPS LCD,90.0,50,2.0,5000.0,Vân tay,Mediatek MT6769Z Helio G85 (12nm),Xiaomi,Android,Low,HD,Helio G85
Realme V50 5G,https://mobilecity.vn/dien-thoai/realme-v50-dimensity-6100-plus.html,2650000.0,Mediatek Dimensity 6100 8 nhân GPU MaliG57 MC2,8.0,256.0,6.72,1080 x 2400,IPS LCD,120.0,13,2.0,5000.0,Mật khẩu,Mediatek Dimensity 6100+ (6 nm),Realme,Android,Low,HD,Dimensity 6100
OPPO A2x 5G,https://mobilecity.vn/dien-thoai/oppo-a2x-5g-dimensity-6020.html,2650000.0,Mediatek Dimensity 6020 8 nhân GPU MaliG57 MC2,12.0,256.0,6.56,720 x 1612,IPS LCD,90.0,13,1.0,5000.0,Vân tay,Mediatek Dimensity 6020 (7 nm),OPPO,Android,Low,HD,Dimensity 6020
Google Pixel 4a,https://mobilecity.vn/dien-thoai/google-pixel-4a-snapdragon-730g.html,2650000.0,Qualcomm SDM730 Snapdragon 730G 8 nhân GPU Adreno 618,6.0,128.0,5.81,1080 x 2340,OLED,60.0,12,1.0,3140.0,Mật khẩu,Qualcomm SDM730 Snapdragon 730G (8 nm),Google,Android,Low,HD,M730
Realme Note 60x Chính hãng,https://mobilecity.vn/dien-thoai/realme-note-60x-chinh-hang.html,2650000.0,Unisoc Tiger T612 8 nhân GPU MaliG57,4.0,64.0,6.74,720 x 1600,IPS LCD,90.0,8,1.0,5000.0,Vân tay,Unisoc Tiger T612 (12 nm),Realme,Android,Low,HD,Tiger t612 8
Xiaomi Redmi 10C,https://mobilecity.vn/dien-thoai/xiaomi-redmi-10c-chinh-hang.html,2650000.0,Qualcomm SM6225 Snapdragon 680 4G 8 nhân GPU Adreno 610,4.0,128.0,6.71,720 x 1650,IPS LCD,60.0,50,2.0,5000.0,Mật khẩu,Qualcomm SM6225 Snapdragon 680 4G (6 nm),Xiaomi,Android,Low,HD,M6225
iPhone SE 2 cũ Chính hãng,https://mobilecity.vn/apple/iphone-se-2020-cu.html,2850000.0,Apple A13 Bionic 6 nhân GPU Apple GPU,3.0,256.0,4.7,750 x 1334,Retina IPS LCD,60.0,12,1.0,1821.0,Vân tay,Apple A13 Bionic (7 nm+),Apple,iOS,Low,HD,A13 Bionic
Realme V60 5G,https://mobilecity.vn/dien-thoai/realme-v60-5g.html,2750000.0,MediaTek Dimensity 6300 8 nhân GPU MaliG57 MC2,8.0,256.0,6.67,720 x 1604,IPS LCD,120.0,32,1.0,5000.0,Vân tay,MediaTek Dimensity 6300 (6 nm),Realme,Android,Low,HD,Dimensity 6300
OPPO A76 Cũ,https://mobilecity.vn/dien-thoai/oppo-a76-cu-man-90hz.html,2750000.0,Qualcomm SM6225 Snapdragon 680 4G 8 nhân GPU Adreno 610,6.0,128.0,6.56,720 x 1612,IPS LCD,90.0,13,2.0,5000.0,Mật khẩu,Qualcomm SM6225 Snapdragon 680 4G (6 nm),OPPO,Android,Low,HD,M6225
Xiaomi Redmi Note 11 Cũ,https://mobilecity.vn/dien-thoai/xiaomi-redmi-note-11-cu-dgw-snap-680.html,2750000.0,Snapdragon 680 8 nhân GPU Adreno 610,6.0,128.0,6.43,1080 x 2400,AMOLED,90.0,50,4.0,5000.0,Vân tay,Snapdragon 680 (6 nm),Xiaomi,Android,Low,HD,Snapdragon 680
Samsung Galaxy S8 Cũ,https://mobilecity.vn/samsung/samsung-galaxy-s8-2-sim.html,2750000.0,Exynos 8895 Octa,4.0,64.0,5.8,1440 x 2960,Super AMOLED,60.0,12,1.0,3000.0,Face ID,Exynos 8895 Octa (10nm),Samsung,Android,Low,FHD,Exynos 8895
Realme C51s,https://mobilecity.vn/dien-thoai/realme-c51s-camera-50mp.html,2750000.0,Unisoc Tiger T612 8 nhân GPU MaliG57,6.0,128.0,6.74,720 x 1600,IPS LCD,90.0,50,2.0,5000.0,Mật khẩu,Unisoc Tiger T612 (12 nm),Realme,Android,Low,HD,Tiger t612 8
Samsung Galaxy A05s,https://mobilecity.vn/dien-thoai/samsung-galaxy-a05s-snapdragon-680-4g.html,2750000.0,Qualcomm SM6225 Snapdragon 680 4G 8 nhân GPU Adreno 610,6.0,128.0,6.7,1080 x 2400,PLS LCD,60.0,50,3.0,5000.0,Mật khẩu,Qualcomm SM6225 Snapdragon 680 4G (6 nm),Samsung,Android,Low,HD,M6225
Xiaomi Redmi 10 5G Cũ DGW,https://mobilecity.vn/dien-thoai/xiaomi-redmi-10-5g-cu-dimensity-700.html,2800000.0,Mediatek MT6833 Dimensity 700 8 nhân GPU MaliG57 MC2,6.0,128.0,6.58,1080 x 2408,IPS LCD,90.0,50,2.0,5000.0,Mật khẩu,Mediatek MT6833 Dimensity 700 (7 nm),Xiaomi,Android,Low,HD,Dimensity 700
Tecno POVA 5 Cũ 99.9%,https://mobilecity.vn/dien-thoai/tecno-pova-5-chinh-hang-cu-gia-re.html,2800000.0,Mediatek Helio G99 8 nhân GPU MaliG57 MC2,8.0,256.0,6.78,1080 x 2460,IPS LCD,120.0,50,2.0,6000.0,Mật khẩu,Mediatek Helio G99 (6nm),Tecno,Android,Low,HD,Helio G99
Xiaomi Redmi Note 11 Pro Cũ,https://mobilecity.vn/dien-thoai/xiaomi-redmi-note-11-pro-cu-china-camera-108MP.html,2800000.0,MediaTek Dimensity 920 5G 8 nhân GPU MaliG68 MC4,8.0,256.0,6.67,1080 x 2400,Super AMOLED,120.0,108,4.0,5160.0,Vân tay,MediaTek Dimensity 920 5G (6 nm),Xiaomi,Android,Low,HD,Dimensity 920
OPPO A17k,https://mobilecity.vn/dien-thoai/oppo-a17k-chinh-hang-ho-tro-ip-x4.html,2820000.0,Mediatek MT6765 Helio G35 8 nhân GPU PowerVR GE8320,3.0,64.0,6.56,720 x 1612,IPS LCD,60.0,8,1.0,5000.0,Mật khẩu,Mediatek MT6765 Helio G35 (12 nm),OPPO,Android,Low,HD,Helio G35
Masstel S9 Chính hãng,https://mobilecity.vn/dien-thoai/masstel-s9-man-hinh-120hz.html,2850000.0,Unisoc T606 8 nhân 16 GHz GPU MaliG57,6.0,256.0,6.67,720 x 1600,IPS LCD,120.0,50,2.0,5000.0,Vân tay,Unisoc T606,Other,Android,Low,HD,Unisoc t606 8
LG V50 ThinQ 5G cũ,https://mobilecity.vn/lg/lg-v50-thinq-cu.html,2850000.0,Qualcomm SM8150 Snapdragon 855 8 nhân GPU Adreno 640,6.0,128.0,6.4,1440 x 3120,P-OLED,60.0,16,3.0,4000.0,Mật khẩu,Qualcomm SM8150 Snapdragon 855 (7 nm),Other,Android,Low,FHD,M8150
OPPO A78 5G Cũ,https://mobilecity.vn/dien-thoai/oppo-a78-cu-snapdragon-680.html,2850000.0,Mediatek Dimensity 700 8 nhân GPU MaliG57 MC2,8.0,128.0,6.56,720 x 1612,IPS LCD,90.0,50,2.0,5000.0,Mật khẩu,Mediatek Dimensity 700 (7 nm),OPPO,Android,Low,HD,Dimensity 700
Samsung Galaxy A13,https://mobilecity.vn/dien-thoai/samsung-galaxy-a13-chinh-hang.html,2900000.0,MediaTek MT6833 Dimensity 700 5G 8 nhân GPU MaliG57 MC2,4.0,64.0,6.5,720 x 1600,"Super AMOLED, 90Hz",90.0,50,3.0,5000.0,Mật khẩu,MediaTek MT6833 Dimensity 700 5G (7 nm),Samsung,Android,Low,HD,Dimensity 700
Xiaomi Redmi 13 4G,https://mobilecity.vn/dien-thoai/xiaomi-redmi-13-4g-chip-8-nhan.html,2950000.0,MediaTek Helio G91 Ultra 8 nhân GPU MaliG52 MC2,8.0,256.0,6.79,1080 x 2400,IPS LCD,90.0,108,2.0,5030.0,Mật khẩu,MediaTek Helio G91 Ultra (12 nm),Xiaomi,Android,Low,HD,Helio G91 ULTRA
OPPO A6i 5G,https://mobilecity.vn/dien-thoai/oppo-a6i-5g.html,2950000.0,MediaTek Dimensity 6300 8 nhân GPU MaliG57 MC2,8.0,256.0,6.67,720 x 1604,IPS LCD,120.0,50,2.0,6000.0,Vân tay,MediaTek Dimensity 6300 (6 nm),OPPO,Android,Low,HD,Dimensity 6300
Xiaomi Redmi Note 11 5G,https://mobilecity.vn/dien-thoai/xiaomi-redmi-note-11-5g-dimensity-810.html,2950000.0,Dimensity 810 8 nhân GPU MaliG57 MC2,8.0,256.0,6.6,1080 x 2400,IPS LCD,90.0,50,2.0,5000.0,Vân tay,Dimensity 810 (6 nm),Xiaomi,Android,Low,HD,Dimensity 810
Xiaomi REDMI 14C 5G,https://mobilecity.vn/dien-thoai/xiaomi-redmi-14c-5g.html,2950000.0,Qualcomm SM4450 Snapdragon 4 Gen 2 8 nhân GPU Adreno 613,8.0,256.0,6.88,720 x 1640,IPS LCD,120.0,50,1.0,5160.0,Vân tay,Qualcomm SM4450 Snapdragon 4 Gen 2 (4 nm),Xiaomi,Android,Low,HD,M4450
Samsung Galaxy S10e cũ,https://mobilecity.vn/samsung/samsung-galaxy-s10e-cu.html,2950000.0,Snapdragon 855 Exynos 9820,6.0,128.0,5.8,1080 x 2280,Dynamic AMOLED,60.0,16,2.0,3100.0,Mật khẩu,Snapdragon 855 (7 nm)/ Exynos 9820 (8 nm),Samsung,Android,Low,HD,Snapdragon 855 e
Xiaomi Redmi Note 11 SE Cũ,https://mobilecity.vn/dien-thoai/xiaomi-redmi-note-11-se-cu-dimensity-700-5g.html,2950000.0,MediaTek MT6833 Dimensity 700 8 nhân GPU MaliG57 MC2,8.0,128.0,6.5,1080 x 2400,IPS LCD,90.0,48,2.0,5000.0,Mật khẩu,MediaTek MT6833 Dimensity 700 (7 nm),Xiaomi,Android,Low,HD,Dimensity 700
Xiaomi Redmi Note 10S Cũ,https://mobilecity.vn/dien-thoai/xiaomi-redmi-note-10s-cu-dgw-dep-99.html,2950000.0,Mediatek Helio G95 8 nhân GPU MaliG76 MC4,8.0,128.0,6.43,1080 x 2400,AMOLED,60.0,64,4.0,5000.0,Mật khẩu,Mediatek Helio G95 (12 nm),Xiaomi,Android,Low,HD,Helio G95
Samsung Galaxy A90 5G Cũ,https://mobilecity.vn/samsung/samsung-galaxy-a90-5g.html,3200000.0,Qualcomm SM8150 Snapdragon 855 8 nhân GPU Adreno 640,8.0,128.0,6.7,1080 x 2400,Super AMOLED,60.0,48,3.0,4500.0,Mật khẩu,Qualcomm SM8150 Snapdragon 855 (7 nm),Samsung,Android,Medium,HD,M8150
Xiaomi Black Shark 3 Cũ 5G,https://mobilecity.vn/dien-thoai/xiaomi-black-shark-3-cu-snapdragon-865.html,2950000.0,Qualcomm SM8250 Snapdragon 865 5G 8 nhân GPU Adreno 650,12.0,256.0,6.67,1080 x 2400,AMOLED,90.0,64,3.0,4720.0,Mật khẩu,Qualcomm SM8250 Snapdragon 865 5G (7 nm+),Xiaomi,Android,Low,HD,M8250
Sony Xperia 10 III 5G,https://mobilecity.vn/dien-thoai/sony-xperia-10-iii-10-mark-3-5g-oled-1-ty-mau.html,2950000.0,Qualcomm SM6350 Snapdragon 690 5G 8 nhân GPU Adreno 619,6.0,256.0,6.0,1080 x 2520,OLED,60.0,12,3.0,4500.0,Mật khẩu,Qualcomm SM6350 Snapdragon 690 5G (8 nm),Sony,Android,Low,HD,M6350
Tecno Spark Go 5G,https://mobilecity.vn/dien-thoai/tecno-spark-go-5g.html,2990000.0,MediaTek Dimensity 6400 8 nhân GPU MaliG57 MC2,4.0,128.0,6.74,720 x 1600,IPS LCD,120.0,50,1.0,6000.0,Vân tay,MediaTek Dimensity 6400 (6 nm),Tecno,Android,Low,HD,Dimensity 6400
Xiaomi Redmi Note 13 Chính hãng cũ,https://mobilecity.vn/dien-thoai/xiaomi-redmi-note-13-chinh-hang-cu-dgw.html,3000000.0,Qualcomm SM6225 Snapdragon 685 8 nhân GPU Adreno 610,8.0,256.0,6.67,1080 x 2400,AMOLED,120.0,108,3.0,5000.0,Vân tay,Qualcomm SM6225 Snapdragon 685 (6 nm),Xiaomi,Android,Medium,HD,M6225
Realme C51,https://mobilecity.vn/dien-thoai/realme-c51-pin-5000mah-dynamic-island.html,3015000.0,Unisoc Tiger T612 8 nhân GPU MaliG57,4.0,64.0,6.7,,IPS LCD,90.0,50,2.0,5000.0,Mật khẩu,Unisoc Tiger T612 (12 nm),Realme,Android,Medium,Unknown,Tiger t612 8
Xiaomi Redmi Note 11T Pro Cũ,https://mobilecity.vn/dien-thoai/xiaomi-redmi-note-11t-pro-cu-man-hinh-144hz.html,3400000.0,MediaTek Dimensity 8100 8 nhân GPU MaliG610 MC6,8.0,512.0,6.6,1080 x 2460,IPS LCD,144.0,64,3.0,5080.0,Vân tay,MediaTek Dimensity 8100 (5 nm),Xiaomi,Android,Medium,HD,Dimensity 8100
Realme Note 70 Chính hãng,https://mobilecity.vn/dien-thoai/realme-note-70-chinh-hang.html,3050000.0,Unisoc T7250 8 nhân GPU MaliG57 MP1,4.0,128.0,6.74,720 x 1600,TFT LCD,90.0,13,1.0,6300.0,Vân tay,Unisoc T7250 (12 nm),Realme,Android,Medium,HD,Unisoc t7250 8
Samsung Galaxy A13 4G,https://mobilecity.vn/dien-thoai/samsung-galaxy-a13-4g-chinh-hang-exynos-850.html,3050000.0,Exynos 850 8 nhân GPU MaliG52,6.0,128.0,6.6,1080 x 2408,PLS LCD,60.0,50,4.0,5000.0,Mật khẩu,Exynos 850 (8nm),Samsung,Android,Medium,HD,Exynos 850 8
Vivo iQOO Z10 Lite 5G,https://mobilecity.vn/dien-thoai/vivo-iqoo-z10-lite-5g-gia-re.html,3050000.0,MediaTek Dimensity 6300 8 nhân GPU MaliG57 MC2,8.0,256.0,6.74,720 x 1600,IPS LCD,90.0,50,2.0,6000.0,Vân tay,MediaTek Dimensity 6300 (6 nm),Vivo,Android,Medium,HD,Dimensity 6300
Xiaomi Redmi Note 12 Pro Cũ,https://mobilecity.vn/dien-thoai/xiaomi-redmi-note-12-pro-cu-dep-nhu-moi.html,3100000.0,MediaTek Dimensity 1080 8 nhân GPU MaliG68 MC4,12.0,256.0,6.67,1080 x 2400,OLED,120.0,50,3.0,5000.0,Vân tay,MediaTek Dimensity 1080 (6nm),Xiaomi,Android,Medium,HD,Dimensity 1080
Realme C65 5G,https://mobilecity.vn/dien-thoai/realme-c65-5g-dimensity-6300.html,3150000.0,MediaTek Dimensity 6300 8 nhân GPU MaliG57 MC2,6.0,128.0,6.67,720 x 1604,IPS LCD,120.0,50,1.0,5000.0,Vân tay,MediaTek Dimensity 6300 (6 nm),Realme,Android,Medium,HD,Dimensity 6300
Xiaomi Black Shark 2 Pro cũ,https://mobilecity.vn/dien-thoai/xiaomi-black-shark-2-pro-cu-snapdragon-855-plus.html,3150000.0,Qualcomm SM8150 Snapdragon 855 8 nhân GPU Adreno 640,12.0,256.0,6.39,1080 x 2340,AMOLED,60.0,48,2.0,4000.0,Mật khẩu,Qualcomm SM8150 Snapdragon 855+ (7 nm),Xiaomi,Android,Medium,HD,M8150
Realme C63,https://mobilecity.vn/dien-thoai/realme-c63-man-90hz-sac-45w.html,3150000.0,Unisoc Tiger T612 8 nhân GPU MaliG57,8.0,256.0,6.75,720 x 1600,IPS LCD,90.0,50,1.0,5000.0,Mật khẩu,Unisoc Tiger T612 (12 nm),Realme,Android,Medium,HD,Tiger t612 8
Xiaomi POCO M6 5G,https://mobilecity.vn/dien-thoai/xiaomi-poco-m6-5g-man-hinh-90hz.html,3150000.0,MediaTek Dimensity 6100 8 nhân GPU MaliG57 MC2,8.0,256.0,6.74,720 x 1600,IPS LCD,90.0,50,2.0,5000.0,Mật khẩu,MediaTek Dimensity 6100+ (6 nm),Xiaomi,Android,Medium,HD,Dimensity 6100
Tecno Spark 30,https://mobilecity.vn/dien-thoai/tecno-spark-30-helio-g91.html,3150000.0,MediaTek Helio G91 Ultra 8 nhân GPU MaliG52 MC2,8.0,256.0,6.78,1080 x 2460,IPS LCD,90.0,64,1.0,5000.0,Mật khẩu,MediaTek Helio G91 Ultra (12 nm),Tecno,Android,Medium,HD,Helio G91 ULTRA
Xiaomi Redmi K40 Cũ,https://mobilecity.vn/kho-may-cu/xiaomi-redmi-k40-cu.html,3200000.0,Qualcomm SM8250AC Snapdragon 870 5G 8 nhân GPU Adreno 650,12.0,256.0,6.67,1080 x 2400,Super AMOLED,120.0,48,3.0,4520.0,Mật khẩu,Qualcomm SM8250-AC Snapdragon 870 5G (7 nm),Xiaomi,Android,Medium,HD,M8250
Xiaomi POCO M6 Pro 5G,https://mobilecity.vn/dien-thoai/xiaomi-poco-m6-pro-5g-man-hinh-90hz.html,3250000.0,Qualcomm Snapdragon 4 Gen 2 8 nhân GPU Adreno 613,6.0,128.0,6.79,1080 x 2460,IPS LCD,90.0,50,2.0,5000.0,Mật khẩu,Qualcomm Snapdragon 4 Gen 2 (4 nm),Xiaomi,Android,Medium,HD,Snapdragon 4 gen 2
Realme 11 5G,https://mobilecity.vn/dien-thoai/realme-11-man-fullhd.html,3250000.0,Mediatek Dimensity 6020 8 nhân GPU MaliG57 MC2,12.0,256.0,6.43,1080 x 2400,Super AMOLED,90.0,64,2.0,5000.0,Mật khẩu,Mediatek Dimensity 6020 (7 nm),Realme,Android,Medium,HD,Dimensity 6020
OPPO A3i 5G,https://mobilecity.vn/dien-thoai/oppo-a3i-5g-man-hinh-120hz.html,3250000.0,MediaTek Dimensity 6300 8 nhân GPU MaliG57 MC2,12.0,256.0,6.67,720 x 1604,IPS LCD,120.0,50,1.0,5100.0,Vân tay,MediaTek Dimensity 6300 (6 nm),OPPO,Android,Medium,HD,Dimensity 6300
iPhone X cũ,https://mobilecity.vn/apple/iphone-x-cu.html,3450000.0,Apple A11 Bionic 6 nhân 239 GHz GPU Apple GPU,3.0,256.0,5.8,1125 x 2436,Super Retina OLED,60.0,12,2.0,2716.0,Face ID,Apple A11 Bionic (10 nm),Apple,iOS,Medium,HD,A11 Bionic
Xiaomi Redmi Note 11 Pro,https://mobilecity.vn/dien-thoai/xiaomi-redmi-note-11-pro-chinh-hang.html,3250000.0,Mediatek Helio G96 8 nhân GPU MaliG57 MC2,8.0,128.0,6.67,1080 x 2400,Super AMOLED,120.0,108,4.0,5000.0,Mật khẩu,Mediatek Helio G96 (12 nm),Xiaomi,Android,Medium,HD,Helio G96
OPPO A5i Chính hãng,https://mobilecity.vn/dien-thoai/oppo-a5i-chinh-hang.html,3250000.0,Qualcomm SM6115 Snapdragon 6s 4G Gen1 8 nhân GPU Adreno 610,6.0,128.0,6.67,720 x 1604,IPS LCD,90.0,8,1.0,5100.0,Vân tay,Qualcomm SM-6115 Snapdragon 6s 4G Gen1 (11 nm),OPPO,Android,Medium,HD,M6115
Xiaomi POCO M6 4G Chính hãng,https://mobilecity.vn/dien-thoai/xiaomi-poco-m6-4g-helio-g91-ultra.html,3250000.0,MediaTek Helio G91 Ultra 8 nhân GPU MaliG52 MC2,8.0,256.0,6.79,1080 x 2460,IPS LCD,90.0,108,2.0,5030.0,Vân tay,MediaTek Helio G91 Ultra (12 nm),Xiaomi,Android,Medium,HD,Helio G91 ULTRA
Realme Narzo N65 5G,https://mobilecity.vn/dien-thoai/realme-narzo-n65-5g-ip54.html,3250000.0,MediaTek Dimensity 6300 8 nhân GPU MaliG57 MC2,6.0,128.0,6.67,720 x 1604,IPS LCD,120.0,50,1.0,5000.0,Vân tay,MediaTek Dimensity 6300 (6 nm),Realme,Android,Medium,HD,Dimensity 6300
Xiaomi Redmi 12,https://mobilecity.vn/dien-thoai/xiaomi-redmi-12-pin-5000mah.html,3250000.0,Mediatek Helio G88 8 nhân GPU MaliG52 MC2,8.0,256.0,6.79,1080 x 2460,IPS LCD,90.0,50,3.0,5000.0,Vân tay,Mediatek Helio G88 (12nm),Xiaomi,Android,Medium,HD,Helio G88
Xiaomi Redmi K40S Cũ,https://mobilecity.vn/dien-thoai/xiaomi-redmi-k40s-cu-snapdragon-870-5g.html,3300000.0,Qualcomm SM8250AC Snapdragon 870 5G 8 nhân GPU Adreno 650,12.0,256.0,6.67,1080 x 2400,E4 AMOLED,120.0,48,3.0,4500.0,Mật khẩu,Qualcomm SM8250-AC Snapdragon 870 5G (7 nm),Xiaomi,Android,Medium,HD,M8250
LG V60 ThinQ 5G Cũ,https://mobilecity.vn/lg/lg-v60-thinq-cu.html,3350000.0,Qualcomm SM8250 Snapdragon 865 5G 8 nhân GPU Adreno 650,8.0,256.0,6.8,1080 x 2460,P-OLED,60.0,64,3.0,5000.0,Vân tay,Qualcomm SM8250 Snapdragon 865 5G (7 nm+),Other,Android,Medium,HD,M8250
Xiaomi Mi 10S,https://mobilecity.vn/xiaomi/xiaomi-mi-10s.html,3300000.0,Qualcomm SM8250AC Snapdragon 870 5G 8 nhân GPU Adreno 650,12.0,256.0,6.67,1080 x 2340,AMOLED,90.0,108,4.0,4780.0,Mật khẩu,Qualcomm SM8250-AC Snapdragon 870 5G (7 nm),Xiaomi,Android,Medium,HD,M8250
Xiaomi Redmi Note 12T Pro Cũ,https://mobilecity.vn/dien-thoai/xiaomi-redmi-note-12t-pro-cu-man-hinh-144hz.html,3350000.0,MediaTek Dimensity 8200 Ultra 8 nhân GPU MaliG610 MC6,12.0,512.0,6.6,1080 x 2460,IPS LCD,144.0,64,3.0,5080.0,Mật khẩu,MediaTek Dimensity 8200 Ultra (4 nm),Xiaomi,Android,Medium,HD,Dimensity 8200 ultra
Samsung Galaxy S9 Cũ,https://mobilecity.vn/samsung/samsung-galaxy-s9-cu-fullbox.html,3350000.0,Exynos 9810 8 nhân GPU MaliG72 MP18,4.0,256.0,5.8,1440 x 2960,Super AMOLED,60.0,12,1.0,3000.0,Mật khẩu,Exynos 9810 (10 nm),Samsung,Android,Medium,FHD,Exynos 9810 8
Xiaomi Redmi Note 12 Chính hãng DGW,https://mobilecity.vn/dien-thoai/xiaomi-redmi-note-12.html,3350000.0,Qualcomm SM6225 Snapdragon 685 8 nhân GPU Adreno 610,8.0,256.0,6.67,1080 x 2400,AMOLED,120.0,50,3.0,5000.0,Mật khẩu,Qualcomm SM6225 Snapdragon 685 (6 nm),Xiaomi,Android,Medium,HD,M6225
Xiaomi Redmi Note 11 Pro 5G,https://mobilecity.vn/dien-thoai/xiaomi-redmi-note-11-pro-5g.html,3450000.0,Qualcomm SM6375 Snapdragon 695 5G 8 nhân GPU Adreno 619,8.0,128.0,6.67,1080 x 2400,Super AMOLED,120.0,108,3.0,5000.0,Vân tay,Qualcomm SM6375 Snapdragon 695 5G (6 nm),Xiaomi,Android,Medium,HD,M6375
Xiaomi Redmi 15C Chính hãng,https://mobilecity.vn/dien-thoai/xiaomi-redmi-15c-chinh-hang.html,3450000.0,MediaTek Helio G81 Ultra 8 nhân GPU MaliG52 MC2,4.0,256.0,6.9,720 x 1600,IPS LCD,120.0,50,1.0,6000.0,Vân tay,MediaTek Helio G81 Ultra (12 nm),Xiaomi,Android,Medium,HD,Helio G81 ULTRA
Samsung Galaxy A50s Chính hãng,https://mobilecity.vn/dien-thoai/samsung-galaxy-a50s-exynos-9611.html,3450000.0,Exynos 9611 8 nhân GPU MP3 MaliG72,6.0,128.0,6.4,1080 x 2340,Super AMOLED,60.0,48,3.0,4000.0,Mật khẩu,Exynos 9611 (10nm),Samsung,Android,Medium,HD,Exynos 9611 8
Realme Q3s Cũ 5G,https://mobilecity.vn/dien-thoai/realme-q3s-cu-snapdragon-778g-man-144hz.html,3450000.0,Qualcomm SM7325 Snapdragon 778G 5G 8 nhân GPU Adreno 642L,8.0,256.0,6.6,1080 x 2412,IPS LCD,144.0,48,3.0,5000.0,Vân tay,Qualcomm SM7325 Snapdragon 778G 5G (6 nm),Realme,Android,Medium,HD,M7325
Tecno Spark 10 Pro,https://mobilecity.vn/dien-thoai/tecno-spark-10-pro-helio-g88.html,3450000.0,MediaTek Helio G88 8 nhân GPU MaliG52 MC2,8.0,256.0,6.8,1080 x 2460,IPS LCD,90.0,50,1.0,5000.0,Mật khẩu,MediaTek Helio G88 (12nm),Tecno,Android,Medium,HD,Helio G88
Xiaomi Redmi Note 12 Pro Speed Edition Cũ,https://mobilecity.vn/dien-thoai/xiaomi-redmi-note-12-pro-speed-edition-cu.html,3450000.0,Qualcomm SM7325 Snapdragon 778G 5G 8 nhân GPU Adreno 642L,12.0,256.0,6.67,1080 x 2400,OLED,120.0,108,3.0,5000.0,Vân tay,Qualcomm SM7325 Snapdragon 778G 5G (6 nm),Xiaomi,Android,Medium,HD,M7325
Realme C67 4G,https://mobilecity.vn/dien-thoai/realme-c67-4g-camera-108mp.html,3450000.0,Qualcomm SM6225 Snapdragon 685 8 nhân GPU Adreno 610,8.0,256.0,6.72,1080 x 2400,IPS LCD,90.0,108,2.0,5000.0,Mật khẩu,Qualcomm SM6225 Snapdragon 685 (6 nm),Realme,Android,Medium,HD,M6225
Xiaomi Redmi Note 11E Pro Cũ,https://mobilecity.vn/dien-thoai/xiaomi-redmi-note-11e-pro-cu-snapdragon-695.html,3950000.0,Qualcomm SM6375 Snapdragon 695 5G 8 nhân GPU Adreno 619,8.0,256.0,6.67,1080 x 2400,Super AMOLED,120.0,108,3.0,5000.0,Mật khẩu,Qualcomm SM6375 Snapdragon 695 5G (6 nm),Xiaomi,Android,Medium,HD,M6375
Samsung Galaxy A12,https://mobilecity.vn/samsung/samsung-galaxy-a12.html,3450000.0,Mediatek Helio P35 8 nhân GPU PowerVR GE8320,6.0,128.0,6.5,720 x 1600,PLS LCD,60.0,48,4.0,5000.0,Vân tay,Mediatek Helio P35 (12nm),Samsung,Android,Medium,HD,Helio p35
ZTE Axon A41 5G,https://mobilecity.vn/dien-thoai/zte-axon-a41-5g-snapdragon-870.html,3550000.0,Qualcomm SM8250AC Snapdragon 870 5G 8 nhân GPU Adreno 650,8.0,256.0,6.67,1080 x 2400,OLED,90.0,64,3.0,5000.0,Mật khẩu,Qualcomm SM8250-AC Snapdragon 870 5G (7 nm),ZTE,Android,Medium,HD,M8250
Xiaomi Redmi K50 cũ,https://mobilecity.vn/dien-thoai/xiaomi-redmi-k50-cu.html,3500000.0,MediaTek Dimensity 8100 8 nhân GPU MaliG610,12.0,256.0,6.67,1440 x 3200,OLED,120.0,48,3.0,5500.0,Mật khẩu,MediaTek Dimensity 8100 (5 nm),Xiaomi,Android,Medium,FHD,Dimensity 8100
Xiaomi POCO M4 Pro,https://mobilecity.vn/dien-thoai/xiaomi-poco-m4-pro.html,3550000.0,Mediatek Helio G96 8 nhân GPU MaliG57 MC2,8.0,256.0,6.43,1080 x 2400,AMOLED,90.0,64,3.0,5000.0,Mật khẩu,Mediatek Helio G96 (12 nm),Xiaomi,Android,Medium,HD,Helio G96
iPhone 8 Plus Cũ - Fullbox,https://mobilecity.vn/apple/iphone-8-plus-cu.html,3650000.0,Apple A11 Bionic 6 nhân 6 nhân GPU Apple GPU,3.0,256.0,5.5,1080 x 1920,Retina IPS LCD,60.0,12,2.0,2691.0,Mật khẩu,"Apple A11 Bionic (10 nm), 6 nhân",Apple,iOS,Medium,HD,A11 Bionic
Tecno Spark 30 Pro Chính Hãng,https://mobilecity.vn/dien-thoai/tecno-spark-30-pro-helio-g100-tecno-ai.html,3550000.0,MediaTek Helio G100 8 nhân GPU MaliG57 MC2,8.0,256.0,6.78,1080 x 2436,AMOLED,120.0,108,1.0,5000.0,Vân tay,MediaTek Helio G100 (6 nm),Tecno,Android,Medium,HD,Helio G100
Realme C65 Chính hãng,https://mobilecity.vn/dien-thoai/realme-c65-chinh-hang.html,3650000.0,Mediatek MT6769Z Helio G85 8 nhân GPU MaliG52 MC2,8.0,256.0,6.72,720 x 1604,IPS LCD,90.0,50,1.0,5000.0,Mật khẩu,Mediatek MT6769Z Helio G85 (12nm),Realme,Android,Medium,HD,Helio G85
Samsung Galaxy Note 9 cũ,https://mobilecity.vn/samsung/samsung-galaxy-note-9-cu.html,3650000.0,Bản 1 Exynos 9810 8 nhân GPU MaliG72 MP18 Bản 2 Qualcomm SDM845 Snapdragon 845 8 nhân GPU Adreno 630,8.0,512.0,6.4,1440 x 2960,"Super AMOLED, HDR10",60.0,12,2.0,4000.0,Vân tay,Bản 1: Exynos 9810 (10 nm),Samsung,Android,Medium,FHD,M845
Realme Narzo 70x 5G,https://mobilecity.vn/dien-thoai/realme-narzo-70x-5g-dimensity-6100-plus.html,3650000.0,Mediatek Dimensity 6100 8 nhân GPU MaliG57 MC2,6.0,128.0,6.72,1080 x 2400,IPS LCD,120.0,50,2.0,5000.0,Mật khẩu,Mediatek Dimensity 6100+ (6 nm),Realme,Android,Medium,HD,Dimensity 6100
OPPO A3 Pro 5G,https://mobilecity.vn/dien-thoai/oppo-a3-pro-5g-khang-nuoc-ip69.html,3650000.0,Mediatek Dimensity 6300 8 nhân GPU MaliG57 MC2,12.0,256.0,6.67,720 x 1604,IPS LCD,120.0,50,2.0,5100.0,Mật khẩu,Mediatek Dimensity 6300 (6 nm),OPPO,Android,Medium,HD,Dimensity 6300
Samsung Galaxy S10 Plus cũ,https://mobilecity.vn/samsung/samsung-galaxy-s10-plus-cu.html,3650000.0,Exynos 9820 Hàn Việt 8 nhân GPU MaliG76 MP12 Qualcomm SM8150 Snapdragon 855 Mỹ EU 8 nhân GPU Adreno 640,12.0,256.0,6.4,1440 x 3040,Dynamic AMOLED,60.0,16,3.0,4100.0,"Vân tay, Face ID","Exynos 9820 (8 nm) - Hàn, Việt",Samsung,Android,Medium,FHD,M8150
Xiaomi Redmi Note 11 Pro Plus 5G,https://mobilecity.vn/dien-thoai/xiaomi-redmi-note-11-pro-plus-5g.html,3650000.0,MediaTek Dimensity 920 5G 8 nhân GPU MaliG68 MC4,8.0,256.0,6.67,1080 x 2400,AMOLED,120.0,108,3.0,4500.0,Mật khẩu,MediaTek Dimensity 920 5G (6 nm),Xiaomi,Android,Medium,HD,Dimensity 920
Realme Q5 Pro,https://mobilecity.vn/dien-thoai/realme-q5-pro.html,3650000.0,Qualcomm SM8250AC Snapdragon 870 5G 8 nhân GPU Adreno 650,8.0,256.0,6.62,1080 x 2400,AMOLED,120.0,64,3.0,5000.0,Mật khẩu,Qualcomm SM8250-AC Snapdragon 870 5G (7 nm),Realme,Android,Medium,HD,M8250
Realme Narzo 80x,https://mobilecity.vn/dien-thoai/realme-narzo-80x-pin-6000mah.html,3680000.0,Mediatek Dimensity 6400 8 nhân GPU MaliG57 MC2,8.0,128.0,6.72,1080 x 2400,IPS LCD,120.0,50,2.0,6000.0,Mật khẩu,Mediatek Dimensity 6400 (6 nm),Realme,Android,Medium,HD,Dimensity 6400
OPPO A57,https://mobilecity.vn/dien-thoai/oppo-a57-chinh-hang-sac-33w.html,3700000.0,Mediatek MT6765G Helio G35 8 nhân GPU PowerVR GE8320,4.0,128.0,6.56,720 x 1612,IPS LCD,60.0,13,2.0,5000.0,Mật khẩu,Mediatek MT6765G Helio G35 (12 nm),OPPO,Android,Medium,HD,Helio G35
"Google Pixel 5 5G Cũ 99,9%",https://mobilecity.vn/dien-thoai/google-pixel-5.html,3750000.0,Qualcomm SM7250 Snapdragon 765G 5G 8 nhân GPU Adreno 620,8.0,128.0,6.0,1080 x 2340,OLED,90.0,16,2.0,4080.0,Mật khẩu,Qualcomm SM7250 Snapdragon 765G 5G (7 nm),Google,Android,Medium,HD,M7250
Xiaomi REDMI Note 15 5G,https://mobilecity.vn/dien-thoai/xiaomi-redmi-note-15-5g.html,3750000.0,Qualcomm SM6475AB Snapdragon 6 Gen 3 8 nhân GPU Adreno 710,12.0,256.0,6.77,1080 x 2392,AMOLED,120.0,50,2.0,5800.0,Vân tay,Qualcomm SM6475-AB Snapdragon 6 Gen 3 (4 nm),Xiaomi,Android,Medium,HD,M6475
Xiaomi Redmi Note 11T Pro Plus,https://mobilecity.vn/dien-thoai/xiaomi-redmi-note-11t-pro-plus.html,3750000.0,MediaTek Dimensity 8100 8 nhân GPU MaliG610 MC6,8.0,512.0,6.6,1080 x 2460,IPS LCD,144.0,64,3.0,4400.0,Vân tay,MediaTek Dimensity 8100 (5 nm),Xiaomi,Android,Medium,HD,Dimensity 8100
Xiaomi Redmi Note 12 Pro,https://mobilecity.vn/dien-thoai/xiaomi-redmi-note-12-pro.html,3750000.0,MediaTek Dimensity 1080 8 nhân GPU MaliG68 MC4,12.0,256.0,6.67,1080 x 2400,OLED,120.0,50,3.0,5000.0,Mật khẩu,MediaTek Dimensity 1080 (6nm),Xiaomi,Android,Medium,HD,Dimensity 1080
Samsung Galaxy M17 5G Chính hãng,https://mobilecity.vn/dien-thoai/samsung-galaxy-m17-5g-chinh-hang.html,3750000.0,Exynos 1330 8 nhân GPU MaliG68 MP2,8.0,128.0,6.7,1080 x 2340,Super AMOLED,90.0,50,3.0,5000.0,Mật khẩu,Exynos 1330 (5 nm),Samsung,Android,Medium,HD,Exynos 1330 8
Google Pixel 5a 5G,https://mobilecity.vn/dien-thoai/google-pixel-5a-5g-snapdragon-765g.html,3750000.0,Qualcomm SM7250 Snapdragon 765G 5G 8 nhân GPU Adreno 620,6.0,128.0,6.34,1080 x 2400,OLED,60.0,16,2.0,4680.0,Mật khẩu,Qualcomm SM7250 Snapdragon 765G 5G (7 nm),Google,Android,Medium,HD,M7250
Vivo Y300 5G,https://mobilecity.vn/dien-thoai/vivo-y300-5g-dimensity-6300.html,3750000.0,Mediatek Dimensity 6300 8 nhân GPU MaliG57 MC2,12.0,512.0,6.77,1080 x 2392,AMOLED,120.0,50,2.0,6500.0,Mật khẩu,Mediatek Dimensity 6300 (6 nm),Vivo,Android,Medium,HD,Dimensity 6300
ZTE Nubia Neo 3 Chính hãng,https://mobilecity.vn/dien-thoai/zte-nubia-neo-3-gaming-phone-sieu-re.html,3790000.0,Unisoc T8100 8 nhân GPU MaliG57 MP4,8.0,128.0,6.8,900 x 2030,IPS LCD,120.0,50,2.0,6000.0,Vân tay,Unisoc T8100 (6 nm),ZTE,Android,Medium,HD,Unisoc t8100 8
Xiaomi Redmi Note 11,https://mobilecity.vn/xiaomi/xiaomi-redmi-note-11.html,3750000.0,Snapdragon 680 8 nhân GPU Adreno 610,6.0,128.0,6.43,1080 x 2400,AMOLED,90.0,50,4.0,5000.0,Vân tay,Snapdragon 680 (6 nm),Xiaomi,Android,Medium,HD,Snapdragon 680
Realme Narzo 60x 5G,https://mobilecity.vn/dien-thoai/realme-narzo-60x-dimensity-6100-plus.html,3760000.0,Mediatek Dimensity 6100 8 nhân GPU MaliG57 MC2,6.0,128.0,6.72,1080 x 2400,IPS LCD,120.0,50,2.0,5000.0,Mật khẩu,Mediatek Dimensity 6100+ (6 nm),Realme,Android,Medium,HD,Dimensity 6100
Xiaomi REDMI 13x Chính hãng,https://mobilecity.vn/dien-thoai/xiaomi-redmi-13x-camera-108mp.html,3850000.0,Mediatek Helio G91 Ultra 8 nhân GPU MaliG52 MC2,8.0,256.0,6.79,1080 x 2460,IPS LCD,90.0,108,2.0,5030.0,Vân tay,Mediatek Helio G91 Ultra (12 nm),Xiaomi,Android,Medium,HD,Helio G91 ULTRA
Xiaomi Redmi Note 10S Chính hãng DGW,https://mobilecity.vn/xiaomi/xiaomi-redmi-note-10s.html,3800000.0,Mediatek Helio G95 8 nhân GPU MaliG76 MC4,8.0,128.0,6.43,1080 x 2400,AMOLED,60.0,64,4.0,5000.0,Mật khẩu,Mediatek Helio G95 (12 nm),Xiaomi,Android,Medium,HD,Helio G95
Xiaomi Redmi Note 11T Pro,https://mobilecity.vn/dien-thoai/xiaomi-redmi-note-11t-pro.html,3850000.0,MediaTek Dimensity 8100 8 nhân GPU MaliG610 MC6,8.0,512.0,6.6,1080 x 2460,IPS LCD,144.0,64,3.0,5080.0,Vân tay,MediaTek Dimensity 8100 (5 nm),Xiaomi,Android,Medium,HD,Dimensity 8100
Tecno POVA 4 Chính hãng,https://mobilecity.vn/dien-thoai/tecno-pova-4-helio-g99.html,3850000.0,MediaTek MT8781 Helio G99 8 nhân GPU MaliG52 MC2,8.0,128.0,6.82,720 x 1600,IPS LCD,90.0,50,1.0,6000.0,Mật khẩu,MediaTek MT8781 Helio G99 (6nm),Tecno,Android,Medium,HD,Helio G99
Tecno Spark 30 5G Chính hãng,https://mobilecity.vn/dien-thoai/tecno-spark-30-5g-chinh-hang.html,3850000.0,Mediatek Dimensity 6300 8 nhân GPU MaliG57 MC2,8.0,256.0,6.67,720 x 1600,IPS LCD,120.0,108,1.0,5000.0,Vân tay,Mediatek Dimensity 6300 (6 nm),Tecno,Android,Medium,HD,Dimensity 6300
Tecno POVA 6 Neo 5G,https://mobilecity.vn/dien-thoai/tecno-pova-6-neo-5g-dimensity-6300.html,3850000.0,MediaTek Dimensity 6300 8 nhân GPU MaliG57 MC2,8.0,256.0,6.67,720 x 1600,IPS LCD,120.0,108,1.0,5000.0,Mật khẩu,MediaTek Dimensity 6300 (6 nm),Tecno,Android,Medium,HD,Dimensity 6300
Tecno Spark 10 Pro Moon Explorer Edition,https://mobilecity.vn/dien-thoai/tecno-spark-10-pro-moon-explorer-edition.html,3950000.0,MediaTek Helio G88 8 nhân GPU MaliG52 MC2,8.0,128.0,6.8,1080 x 2460,IPS LCD,90.0,50,2.0,5000.0,Vân tay,MediaTek Helio G88 (12nm),Tecno,Android,Medium,HD,Helio G88
Samsung Galaxy A52,https://mobilecity.vn/dien-thoai/samsung-galaxy-a52-chinh-hang.html,3950000.0,Qualcomm SM7125 Snapdragon 720G 8 nhân GPU Adreno 618,8.0,256.0,6.5,1080 x 2400,Super AMOLED,90.0,64,4.0,4500.0,Vân tay,Qualcomm SM7125 Snapdragon 720G (8 nm),Samsung,Android,Medium,HD,M7125
Realme 10 Pro 5G,https://mobilecity.vn/dien-thoai/realme-10-pro-china-camera-108-mp.html,3950000.0,Qualcomm SM6375 Snapdragon 695 5G 8 nhân GPU Adreno 619,12.0,256.0,6.72,1080 x 2400,IPS LCD,120.0,108,2.0,5000.0,Mật khẩu,Qualcomm SM6375 Snapdragon 695 5G (6 nm),Realme,Android,Medium,HD,M6375
Tecno CAMON 30S,https://mobilecity.vn/dien-thoai/tecno-camon-30s-4g.html,3950000.0,Mediatek Helio G100 8 nhân GPU MaliG57 MC2,8.0,256.0,6.78,1080 x 2436,AMOLED,120.0,50,2.0,5000.0,Vân tay,Mediatek Helio G100 (6 nm),Tecno,Android,Medium,HD,Helio G100
Samsung Galaxy S10 Cũ,https://mobilecity.vn/samsung/samsung-galaxy-s10-cu.html,3950000.0,Exynos 9820 8 nhân Snapdragon 855 8 nhân GPU MaliG76 MP12 hoặc Adreno 640,8.0,512.0,6.1,1440 x 3040,"Dynamic AMOLED, HDR10+",60.0,16,3.0,3400.0,"Vân tay, Face ID",Exynos 9820: 8 nhân (2x2.73 GHz & 2x2.31 GHz & 4x1.95 GHz),Samsung,Android,Medium,FHD,Snapdragon 855
OPPO K12s 5G,https://mobilecity.vn/dien-thoai/oppo-k12s-5g-pin-7000mah.html,3950000.0,Qualcomm Snapdragon 6 Gen 4 8 nhân GPU Adreno 810,12.0,512.0,6.67,1080 x 2400,AMOLED,120.0,50,2.0,7000.0,Vân tay,Qualcomm Snapdragon 6 Gen 4 (4 nm),OPPO,Android,Medium,HD,Snapdragon 6 gen 4
Realme 10 5G,https://mobilecity.vn/dien-thoai/realme-10.html,3950000.0,MediaTek MT6833 Dimensity 700 8 nhân GPU MaliG57 MC2,8.0,256.0,6.6,1080 x 2408,IPS LCD,90.0,50,2.0,5000.0,Mật khẩu,MediaTek MT6833 Dimensity 700 (7 nm),Realme,Android,Medium,HD,Dimensity 700
Xiaomi Redmi Note 8 Pro,https://mobilecity.vn/xiaomi/xiaomi-redmi-note-8-pro.html,3950000.0,Mediatek Helio G90T 8 nhân GPU MaliG76 MC4,8.0,256.0,6.53,1080 x 2340,IPS LCD,60.0,64,4.0,4500.0,Mật khẩu,Mediatek Helio G90T (12nm),Xiaomi,Android,Medium,HD,Helio G90
Realme Neo7x cũ,https://mobilecity.vn/dien-thoai/realme-neo7x-cu-pin-6000mah.html,3950000.0,Qualcomm Snapdragon 6 Gen 4 8 nhân GPU Adreno xxx,12.0,512.0,6.67,1080 x 2400,AMOLED,120.0,50,1.0,6000.0,Mật khẩu,Qualcomm Snapdragon 6 Gen 4 (4 nm),Realme,Android,Medium,HD,Snapdragon 6 gen 4
Realme C71 Chính hãng,https://mobilecity.vn/dien-thoai/realme-c71-chinh-hang.html,3950000.0,Unisoc T7250 8 nhân GPU MaliG57 MP1,6.0,128.0,6.67,720 x 1604,TFT LCD,120.0,50,1.0,6300.0,Mật khẩu,Unisoc T7250 (12 nm),Realme,Android,Medium,HD,Unisoc t7250 8
OPPO A93 Chính hãng,https://mobilecity.vn/dien-thoai/oppo-a93-chinh-hang-helio-p95.html,3950000.0,Mediatek MT6779V Helio P95 8 nhân GPU PowerVR GM9446,8.0,128.0,6.43,1080 x 2400,Super AMOLED,60.0,48,4.0,4000.0,Vân tay,Mediatek MT6779V Helio P95 (12 nm),OPPO,Android,Medium,HD,M9446
Realme GT Neo 2 cũ 5G,https://mobilecity.vn/dien-thoai/realme-gt-neo-2-cu.html,3950000.0,Qualcomm SM8250AC Snapdragon 870 5G 8 nhân GPU Adreno 650,12.0,256.0,6.62,1080 x 2400,AMOLED,120.0,64,3.0,5000.0,Vân tay,Qualcomm SM8250-AC Snapdragon 870 5G (7 nm),Realme,Android,Medium,HD,M8250
Xiaomi Redmi Note 12T Pro 5G,https://mobilecity.vn/dien-thoai/xiaomi-redmi-note-12t-pro-dimensity-8200-ultra.html,3950000.0,Mediatek Dimensity 8200 Ultra 8 nhân GPU MaliG610 MC6,12.0,512.0,6.6,1080 x 2460,IPS LCD,144.0,64,3.0,5080.0,Mật khẩu,Mediatek Dimensity 8200 Ultra (4 nm),Xiaomi,Android,Medium,HD,Dimensity 8200 ultra
Xiaomi Redmi Note 11 SE,https://mobilecity.vn/dien-thoai/xiaomi-redmi-note-11-se.html,3950000.0,MediaTek MT6833 Dimensity 700 8 nhân GPU MaliG57 MC2,8.0,128.0,6.5,1080 x 2400,IPS LCD,90.0,48,2.0,5000.0,Mật khẩu,MediaTek MT6833 Dimensity 700 (7 nm),Xiaomi,Android,Medium,HD,Dimensity 700
Xiaomi Redmi K60E Cũ,https://mobilecity.vn/dien-thoai/xiaomi-redmi-k60e-cu-pin-5500mah.html,3950000.0,MediaTek Dimensity 8200 8 nhân GPU MaliG610 MC6,12.0,512.0,6.67,1440 x 3200,OLED,120.0,48,3.0,5500.0,Mật khẩu,MediaTek Dimensity 8200 (4 nm),Xiaomi,Android,Medium,FHD,Dimensity 8200
Samsung Galaxy M16 5G Chính hãng,https://mobilecity.vn/dien-thoai/samsung-galaxy-m16-5g-chinh-hang.html,3990000.0,MediaTek Dimensity 6300 8 nhân GPU MaliG57 MC2,8.0,256.0,6.5,1080 x 2340,Super AMOLED,90.0,50,3.0,6000.0,Vân tay,MediaTek Dimensity 6300 (6 nm),Samsung,Android,Medium,HD,Dimensity 6300
Xiaomi Redmi K50 Pro cũ,https://mobilecity.vn/dien-thoai/xiaomi-redmi-k50-pro-cu-camera-108mp.html,4000000.0,MediaTek Dimensity 9000 8 nhân GPU MaliG710 MC10,12.0,512.0,6.67,1440 x 3200,OLED,120.0,108,3.0,5000.0,Mật khẩu,MediaTek Dimensity 9000 (4 nm),Xiaomi,Android,Medium,FHD,Dimensity 9000
Xiaomi REDMI Note 14 5G,https://mobilecity.vn/dien-thoai/xiaomi-redmi-note-14-4g.html,4050000.0,Mediatek Dimensity 7025 Ultra 8 nhân GPU IMG BXM8256,12.0,256.0,6.67,1080 x 2400,OLED,120.0,50,2.0,5110.0,Vân tay,Mediatek Dimensity 7025 Ultra (6 nm),Xiaomi,Android,Medium,HD,M8256
ZTE Nubia Neo 2 5G,https://mobilecity.vn/dien-thoai/zte-nubia-neo-2-5g-unisoc-t820.html,4050000.0,Unisoc Tiger T820 8 nhân GPU MaliG57 MC4,8.0,256.0,6.72,1080 x 2400,IPS LCD,120.0,50,2.0,6000.0,Mật khẩu,Unisoc Tiger T820 (6 nm),ZTE,Android,Medium,HD,Tiger t820 8
Xiaomi Redmi 14,https://mobilecity.vn/dien-thoai/xiaomi-redmi-14.html,4050000.0,Mediatek Helio G91 Ultra 8 nhân GPU MaliG52 MC2,8.0,256.0,6.79,1080 x 2460,IPS LCD,120.0,108,2.0,5110.0,Mật khẩu,Mediatek Helio G91 Ultra (12 nm),Xiaomi,Android,Medium,HD,Helio G91 ULTRA
Realme C55 Chính hãng,https://mobilecity.vn/dien-thoai/realme-c55-man-hinh-90hz.html,4050000.0,Mediatek Helio G88 8 nhân GPU MaliG52 MC2,8.0,256.0,6.72,1080 x 2400,IPS LCD,90.0,64,2.0,5000.0,Mật khẩu,Mediatek Helio G88 (12nm),Realme,Android,Medium,HD,Helio G88
Xiaomi POCO M6 Plus 5G,https://mobilecity.vn/dien-thoai/xiaomi-poco-m6-plus-5g.html,4150000.0,Qualcomm SM4450 Snapdragon 4 Gen 2 AE 8 nhân GPU Adreno 613,8.0,128.0,6.79,1080 x 2460,IPS LCD,120.0,108,2.0,5030.0,Mật khẩu,Qualcomm SM4450 Snapdragon 4 Gen 2 AE (4 nm),Xiaomi,Android,Medium,HD,M4450
Xiaomi REDMI 15C 5G,https://mobilecity.vn/dien-thoai/xiaomi-redmi-15c-5g.html,4050000.0,Qualcomm SM6375 Snapdragon 6s Gen 3 8 nhân GPU Adreno 619,6.0,256.0,6.9,720 x 1640,IPS LCD,120.0,50,1.0,6000.0,Mật khẩu,Qualcomm SM6375 Snapdragon 6s Gen 3 (6 nm),Xiaomi,Android,Medium,HD,M6375
Xiaomi REDMI 15R 5G,https://mobilecity.vn/dien-thoai/xiaomi-redmi-15r-5g.html,4150000.0,MediaTek Dimensity 6300 8 nhân GPU MaliG57 MC2,12.0,256.0,6.9,720 x 1600,IPS LCD,120.0,13,1.0,6000.0,Mật khẩu,MediaTek Dimensity 6300 (6 nm),Xiaomi,Android,Medium,HD,Dimensity 6300
Xiaomi POCO X7 Neo,https://mobilecity.vn/dien-thoai/xiaomi-poco-x7-neo.html,4150000.0,Mediatek Dimensity 7025 Ultra 8 nhân GPU IMG BXM8256,12.0,256.0,6.67,1080 x 2400,AMOLED,120.0,50,2.0,5110.0,Mật khẩu,Mediatek Dimensity 7025 Ultra (6 nm),Xiaomi,Android,Medium,HD,M8256
Xiaomi Redmi K50 Ultra Cũ,https://mobilecity.vn/dien-thoai/xiaomi-redmi-k50-extreme-edition-cu-snapdragon-8-gen-1.html,4150000.0,Qualcomm SM8475 Snapdragon 8 Gen 1 8 nhân GPU Adreno 730,12.0,512.0,6.67,1220 x 2712,OLED,144.0,108,3.0,5000.0,Mật khẩu,Qualcomm SM8475 Snapdragon 8+ Gen 1 (4 nm),Xiaomi,Android,Medium,HD,M8475
Samsung Galaxy A52s 5G,https://mobilecity.vn/dien-thoai/samsung-galaxy-a52s-5g-chinh-hang.html,4150000.0,Qualcomm SM7325 Snapdragon 778G 5G 8 nhân GPU Adreno 642L,8.0,256.0,6.5,1080 x 2400,Super AMOLED,120.0,64,4.0,4500.0,Vân tay,Qualcomm SM7325 Snapdragon 778G 5G (6 nm),Samsung,Android,Medium,HD,M7325
Xiaomi 12X cũ,https://mobilecity.vn/dien-thoai/xiaomi-12x-cu-snapdragon-870.html,4150000.0,Qualcomm SM8250AC Snapdragon 870 5G 8 nhân GPU Adreno 650,12.0,256.0,6.28,1080 x 2400,AMOLED,120.0,50,3.0,4500.0,Vân tay,Qualcomm SM8250-AC Snapdragon 870 5G (7 nm),Xiaomi,Android,Medium,HD,M8250
Honor 400 Smart 5G,https://mobilecity.vn/dien-thoai/honor-400-smart-5g.html,4250000.0,Qualcomm SM6375 Snapdragon 6s Gen 3 8 nhân GPU Adreno 619,4.0,128.0,6.77,720 x 1610,TFT LCD,120.0,50,2.0,6500.0,Vân tay,Qualcomm SM6375 Snapdragon 6s Gen 3 (6 nm),Honor,Android,Medium,HD,M6375
Samsung Galaxy Note 9 Cũ,https://mobilecity.vn/samsung/samsung-galaxy-note-9-2-sim.html,4250000.0,Exynos 9810,6.0,128.0,6.4,1440 x 2960,Super AMOLED,60.0,12,2.0,4000.0,Vân tay,Exynos 9810 (8nm),Samsung,Android,Medium,FHD,Exynos 9810
Xiaomi POCO M7 Plus 5G Chính hãng,https://mobilecity.vn/dien-thoai/xiaomi-poco-m7-plus.html,4250000.0,Qualcomm SM6375 Snapdragon 6s Gen 3 8 nhân GPU Adreno 619,8.0,128.0,6.9,1080 x 2340,IPS LCD,144.0,50,1.0,7000.0,Vân tay,Qualcomm SM6375 Snapdragon 6s Gen 3 (6 nm),Xiaomi,Android,Medium,HD,M6375
Realme GT Neo 2T cũ,https://mobilecity.vn/dien-thoai/realme-gt-neo-2t-cu.html,4250000.0,MediaTek MT6893 Dimensity 1200 5G 8 nhân GPU MaliG77 MC9,12.0,256.0,6.43,1080 x 2400,Super AMOLED,120.0,8,3.0,4500.0,Mật khẩu,MediaTek MT6893 Dimensity 1200 5G (6 nm),Realme,Android,Medium,HD,Dimensity 1200
Samsung Galaxy Note 10 Cũ,https://mobilecity.vn/samsung/samsung-galaxy-note-10-cu.html,4450000.0,Bản 1 Exynos 9825 8 nhân GPU MaliG76 MP12 Bản 2 Qualcomm SM8150 Snapdragon 855 USAChina 8 nhân GPU Adreno 640,12.0,256.0,6.3,1080 x 2280,Dynamic AMOLED,60.0,16,3.0,3500.0,Vân tay,Bản 1: Exynos 9825 (7 nm),Samsung,Android,Medium,HD,M8150
Samsung Galaxy A15 5G,https://mobilecity.vn/dien-thoai/samsung-galaxy-a15-chinh-hang.html,4250000.0,Mediatek Dimensity 6100 Plus 8 nhân GPU MaliG57 MC2,8.0,128.0,6.5,1080 x 2340,Super AMOLED,90.0,50,3.0,5000.0,Vân tay,Mediatek Dimensity 6100 Plus (6 nm),Samsung,Android,Medium,HD,Dimensity 6100 plus
Vivo Y300t 5G,https://mobilecity.vn/dien-thoai/vivo-y300t-5g-pin-6500mah.html,4250000.0,MediaTek Dimensity 7300 8 nhân GPU MaliG615 MC2,12.0,512.0,6.72,1080 x 2408,IPS LCD,120.0,50,2.0,6500.0,Vân tay,MediaTek Dimensity 7300 (4 nm),Vivo,Android,Medium,HD,Dimensity 7300
Realme 10s 5G,https://mobilecity.vn/dien-thoai/realme-10s-5g-dimensity-810.html,4250000.0,MediaTek MT6833P Dimensity 810 8 nhân GPU MaliG57 MC2,8.0,256.0,6.6,1080 x 2408,IPS LCD,90.0,50,1.0,5000.0,Mật khẩu,MediaTek MT6833P Dimensity 810 (6 nm),Realme,Android,Medium,HD,Dimensity 810
Tecno POVA 4 Pro Chính hãng,https://mobilecity.vn/dien-thoai/tecno-pova-4-pro-pin-6000-mah.html,4250000.0,MediaTek MT8781 Helio G99 8 nhân GPU MaliG52 MC2,8.0,256.0,6.66,1080 x 2460,AMOLED,90.0,50,1.0,6000.0,Mật khẩu,MediaTek MT8781 Helio G99 (6nm),Tecno,Android,Medium,HD,Helio G99
Samsung Galaxy A23,https://mobilecity.vn/dien-thoai/samsung-galaxy-a23-chinh-hang.html,4300000.0,Qualcomm SM6225 Snapdragon 680 4G 8 nhân GPU Adreno 610,8.0,128.0,6.6,1080 x 2408,PLS LCD,90.0,50,4.0,5000.0,Mật khẩu,Qualcomm SM6225 Snapdragon 680 4G (6 nm),Samsung,Android,Medium,HD,M6225
Xiaomi Redmi Note 9 Pro 5G Cũ,https://mobilecity.vn/kho-may-cu/xiaomi-redmi-note-9-pro-cu.html,4350000.0,Qualcomm SM7225 Snapdragon 750G 5G 8 nhân GPU Adreno 619,8.0,256.0,6.67,1080 x 2400,IPS LCD,120.0,108,4.0,4820.0,Vân tay,Qualcomm SM7225 Snapdragon 750G 5G (8 nm),Xiaomi,Android,Medium,HD,M7225
Xiaomi Redmi 13 5G,https://mobilecity.vn/dien-thoai/xiaomi-redmi-13-5g-gia-re.html,4350000.0,Qualcomm SM4450 Snapdragon 4 Gen 2 AE 8 nhân GPU Adreno 613,8.0,256.0,6.79,1080 x 2460,IPS LCD,120.0,108,2.0,5030.0,Mật khẩu,Qualcomm SM4450 Snapdragon 4 Gen 2 AE (4 nm),Xiaomi,Android,Medium,HD,M4450
OPPO K12 5G,https://mobilecity.vn/dien-thoai/oppo-k12-5g-sieu-ben.html,4350000.0,Qualcomm Snapdragon 7 Gen 3 8 nhân GPU Adreno 720,12.0,512.0,6.7,1080 x 2412,AMOLED,120.0,50,2.0,5500.0,Mật khẩu,Qualcomm Snapdragon 7 Gen 3 (4 nm),OPPO,Android,Medium,HD,Snapdragon 7 gen 3
Tecno Spark 40 Pro Chính hãng,https://mobilecity.vn/dien-thoai/tecno-spark-40-pro-chinh-hang.html,4350000.0,MediaTek Helio G100 Ultimate 8 nhân GPU MaliG57 MC2,8.0,256.0,6.78,1224 x 2720,AMOLED,144.0,50,1.0,5200.0,Vân tay,MediaTek Helio G100 Ultimate (6 nm),Tecno,Android,Medium,HD,Helio G100
Xiaomi Redmi Note 11E Pro,https://mobilecity.vn/dien-thoai/xiaomi-redmi-note-11e-pro.html,4350000.0,Qualcomm SM6375 Snapdragon 695 5G 8 nhân GPU Adreno 619,8.0,256.0,6.67,1080 x 2400,Super AMOLED,120.0,108,3.0,5000.0,Vân tay,Qualcomm SM6375 Snapdragon 695 5G (6 nm),Xiaomi,Android,Medium,HD,M6375
OPPO A78 Chính hãng Chính hãng,https://mobilecity.vn/dien-thoai/oppo-a78-4g-snapdragon-680-chinh-hang.html,4450000.0,Qualcomm SM6225 Snapdragon 680 4G 8 nhân GPU Adreno 610,8.0,256.0,6.43,1080 x 2400,AMOLED,90.0,50,2.0,5000.0,Vân tay,Qualcomm SM6225 Snapdragon 680 4G (6 nm),OPPO,Android,Medium,HD,M6225
Samsung Galaxy A14 5G,https://mobilecity.vn/dien-thoai/samsung-galaxy-a14-5g-5000mAh.html,4360000.0,SMA146B Exynos 1330 8 nhân GPU MaliG68 MC4 SMA146P Mediatek MT6833 Dimensity 700 8 nhân GPU MaliG57 MC2,8.0,128.0,6.6,1080 x 2408,PLS LCD,90.0,50,3.0,5000.0,Mật khẩu,SM-A146B: Exynos 1330,Samsung,Android,Medium,HD,A146 Bionic
Realme 15T 5G,https://mobilecity.vn/dien-thoai/realme-15t-5g.html,4450000.0,MediaTek Dimensity 6400 Max 8 nhân GPU MaliG57 MC2,12.0,512.0,6.57,1080 x 2372,AMOLED,120.0,50,2.0,7000.0,Vân tay,MediaTek Dimensity 6400 Max (6 nm),Realme,Android,Medium,HD,Dimensity 6400 max
Samsung Galaxy S10 5G cũ,https://mobilecity.vn/samsung/samsung-galaxy-s10-5g.html,4950000.0,Exynos 9820 8 nhân Snapdragon 855 8 nhân GPU MaliG76 MP12 hoặc Adreno 640,8.0,512.0,6.7,1440 x 3040,AMOLED,60.0,16,4.0,4500.0,Vân tay,"Exynos 9820 (8 nm), 8 nhân (2x2.73 GHz & 2x2.31 GHz & 4x1.95 GHz)",Samsung,Android,Medium,FHD,Snapdragon 855
Honor Play 70 Plus 5G,https://mobilecity.vn/dien-thoai/honor-play-70-plus-5g.html,4450000.0,Qualcomm SM6375 Snapdragon 6s Gen 3 8 nhân GPU Adreno 619,12.0,512.0,6.77,720 x 1610,TFT LCD,120.0,50,1.0,7000.0,Vân tay,Qualcomm SM6375 Snapdragon 6s Gen 3 (6 nm),Honor,Android,Medium,HD,M6375
Samsung Galaxy A22 chính hãng,https://mobilecity.vn/samsung/samsung-galaxy-a22.html,4450000.0,Mediatek MT6769VCU Helio G80 8 nhân GPU MaliG52 MC2,6.0,128.0,6.4,720 x 1600,Super AMOLED,90.0,48,4.0,5000.0,Vân tay,Mediatek MT6769V/CU Helio G80 (12 nm),Samsung,Android,Medium,HD,Helio G80
Samsung Galaxy M54 cũ,https://mobilecity.vn/dien-thoai/samsung-galaxy-m54-cu.html,4450000.0,Exynos 1380 8 nhân GPU MaliG68 MP5,8.0,256.0,6.7,1080 x 2400,Super AMOLED Plus,120.0,108,3.0,6000.0,Vân tay,Exynos 1380 (5 nm),Samsung,Android,Medium,HD,Exynos 1380 8
Google Pixel 4 XL,https://mobilecity.vn/dien-thoai/google-pixel-4-xl-cu.html,4450000.0,Qualcomm SM8150 Snapdragon 855 8 nhân GPU Adreno 640,6.0,128.0,6.3,1440 x 3040,P-OLED,90.0,16,2.0,3700.0,Face ID,Qualcomm SM8150 Snapdragon 855 (7 nm),Google,Android,Medium,FHD,M8150
Vivo Y19s Pro Chính hãng,https://mobilecity.vn/dien-thoai/vivo-y19s-pro-chinh-hang-pin-6000mah.html,4450000.0,Unisoc Tiger T612 8 nhân GPU MaliG57,8.0,128.0,6.68,720 x 1608,IPS LCD,90.0,50,2.0,6000.0,Vân tay,Unisoc Tiger T612 (12 nm),Vivo,Android,Medium,HD,Tiger t612 8
Samsung Galaxy M54 5G,https://mobilecity.vn/dien-thoai/samsung-galaxy-m54-chinh-hang.html,4450000.0,Exynos 1380 8 nhân GPU MaliG68 MP5,8.0,256.0,6.7,1080 x 2400,Super AMOLED Plus,120.0,108,3.0,6000.0,Vân tay,Exynos 1380 (5 nm),Samsung,Android,Medium,HD,Exynos 1380 8
Sony Xperia 10 IV 5G Cũ,https://mobilecity.vn/dien-thoai/sony-xperia-10-iv-5g-snapdragon-695.html,4450000.0,Qualcomm SM6375 Snapdragon 695 5G 8 nhân GPU Adreno 619,6.0,128.0,6.0,1080 x 2520,OLED,60.0,12,3.0,5000.0,Mật khẩu,Qualcomm SM6375 Snapdragon 695 5G (6 nm),Sony,Android,Medium,HD,M6375
Samsung Galaxy S20 cũ 5G,https://mobilecity.vn/samsung/samsung-galaxy-s20-cu.html,4450000.0,Qualcomm Snapdragon 865 5G 8 nhân Exynos 990 8 nhân GPU Adreno 660 hoặc MaliG77 MP11,12.0,128.0,6.2,1440 x 3200,Dynamic AMOLED 2X,120.0,64,3.0,4000.0,Vân tay,Qualcomm Snapdragon 865 5G (7 nm+): 8 nhân (2x2.73 GHz & 2x2.50 GHz & 4x2.0),Samsung,Android,Medium,FHD,Snapdragon 865
Realme Q5i,https://mobilecity.vn/dien-thoai/realme-q5i.html,4450000.0,MediaTek MT6833P Dimensity 810 5G 8 nhân GPU MaliG57 MC2,6.0,128.0,6.58,1080 x 2400,IPS LCD,90.0,13,2.0,5000.0,Mật khẩu,MediaTek MT6833P Dimensity 810 5G (6 nm),Realme,Android,Medium,HD,Dimensity 810
Xiaomi POCO M7 Pro 5G,https://mobilecity.vn/dien-thoai/xiaomi-poco-m7-pro-5g.html,4490000.0,MediaTek Dimensity 7025 Ultra 8 nhân GPU IMG BXM8256,8.0,256.0,6.67,1080 x 2400,AMOLED,120.0,50,2.0,5110.0,Mật khẩu,MediaTek Dimensity 7025 Ultra (6 nm),Xiaomi,Android,Medium,HD,M8256
Realme 12 5G,https://mobilecity.vn/dien-thoai/realme-12-5g-dimensity-6100-plus.html,4490000.0,Mediatek Dimensity 6100 8 nhân GPU MaliG57 MC2,8.0,128.0,6.72,1080 x 2400,IPS LCD,120.0,108,2.0,5000.0,Mật khẩu,Mediatek Dimensity 6100+ (6 nm),Realme,Android,Medium,HD,Dimensity 6100
Xiaomi Poco M4 Pro 5G,https://mobilecity.vn/dien-thoai/xiaomi-poco-m4-pro-5g.html,4450000.0,MediaTek Dimensity 810 5G 8 nhân GPU MaliG57 MC2,6.0,128.0,6.6,1080 x 2400,IPS LCD,90.0,50,2.0,5000.0,Mật khẩu,MediaTek Dimensity 810 5G (6 nm),Xiaomi,Android,Medium,HD,Dimensity 810
Realme 14x 5G,https://mobilecity.vn/dien-thoai/realme-14x-5g-dimensity-6300.html,4490000.0,MediaTek Dimensity 6300 8 nhân GPU MaliG57 MC2,8.0,128.0,6.67,720 x 1604,IPS LCD,120.0,50,1.0,6000.0,Mật khẩu,MediaTek Dimensity 6300 (6 nm),Realme,Android,Medium,HD,Dimensity 6300
Xiaomi 12 Pro cũ,https://mobilecity.vn/dien-thoai/xiaomi-12-pro-cu-gia-re.html,4500000.0,Qualcomm SM8450 Snapdragon 8 Gen 1 8 nhân GPU Adreno 730,12.0,256.0,6.73,1440 x 3200,LTPO AMOLED,120.0,50,3.0,4600.0,Mật khẩu,Qualcomm SM8450 Snapdragon 8 Gen 1 (4 nm),Xiaomi,Android,Medium,FHD,M8450
Samsung Galaxy A33 5G,https://mobilecity.vn/dien-thoai/samsung-galaxy-a33-5g-chinh-hang.html,4530000.0,Exynos 1280 5G 8 nhân GPU MaliG68,8.0,256.0,6.4,1080 x 2400,Super AMOLED,90.0,48,4.0,5000.0,Vân tay,Exynos 1280 5G (5 nm),Samsung,Android,Medium,HD,Exynos 1280 5
Realme GT Neo 3 cũ,https://mobilecity.vn/dien-thoai/realme-gt-neo-3-cu.html,4550000.0,MediaTek Dimensity 8100 8 nhân GPU MaliG610 MC6,12.0,256.0,6.7,1080 x 2412,AMOLED,120.0,50,3.0,5000.0,Vân tay,MediaTek Dimensity 8100 (5 nm),Realme,Android,Medium,HD,Dimensity 8100
Realme 14 Pro Lite,https://mobilecity.vn/dien-thoai/realme-14-pro-lite.html,4550000.0,Qualcomm SM7435AB Snapdragon 7s Gen 2 8 nhân GPU Adreno 710,12.0,512.0,6.72,1080 x 2400,AMOLED,120.0,50,2.0,6000.0,Mật khẩu,Qualcomm SM7435-AB Snapdragon 7s Gen 2 (4 nm),Realme,Android,Medium,HD,M7435
Realme GT Neo 5 SE 5G,https://mobilecity.vn/dien-thoai/realme-gt-neo-5-se-5g-sac-sieu-nhanh.html,4550000.0,Qualcomm SM7475AB Snapdragon 7 Gen 2 8 nhân GPU Adreno 725,16.0,1024.0,6.74,1240 x 2772,OLED,144.0,64,3.0,5500.0,Mật khẩu,Qualcomm SM7475-AB Snapdragon 7+ Gen 2 (4 nm),Realme,Android,Medium,HD,M7475
OPPO A3 Pro 5G,https://mobilecity.vn/dien-thoai/oppo-a3-pro-5g-china-ip69.html,4680000.0,Mediatek Dimensity 7050 8 nhân GPU MaliG68 MC4,12.0,512.0,6.7,1080 x 2412,AMOLED,120.0,64,2.0,5000.0,Mật khẩu,Mediatek Dimensity 7050 (6 nm),OPPO,Android,Medium,HD,Dimensity 7050
Tecno POVA 5 Pro 5G,https://mobilecity.vn/dien-thoai/tecno-pova-5-pro-dimensity-6080.html,4650000.0,Mediatek Dimensity 6080 8 nhân GPU MaliG57 MC2,8.0,256.0,6.78,1080 x 2460,IPS LCD,120.0,50,2.0,5000.0,Vân tay,Mediatek Dimensity 6080 (6 nm),Tecno,Android,Medium,HD,Dimensity 6080
Tecno POVA 7 5G Chính hãng,https://mobilecity.vn/dien-thoai/tecno-pova-7-5g-chinh-hang.html,4590000.0,MediaTek Dimensity 7300 Ultimate 8 nhân GPU MaliG615 MC2,8.0,256.0,6.78,1080 x 2460,IPS LCD,144.0,50,1.0,6000.0,Mật khẩu,MediaTek Dimensity 7300 Ultimate (4 nm),Tecno,Android,Medium,HD,Dimensity 7300
Realme P1 Pro 5G,https://mobilecity.vn/dien-thoai/realme-p1-pro-5g-snapdragon-6-gen-1.html,4650000.0,Qualcomm SM6450 Snapdragon 6 Gen 1 8 nhân GPU Adreno 710,8.0,256.0,6.7,1080 x 2412,AMOLED,120.0,50,2.0,5000.0,Mật khẩu,Qualcomm SM6450 Snapdragon 6 Gen 1 (4 nm),Realme,Android,Medium,HD,M6450
Samsung Galaxy Note 8 cũ,https://mobilecity.vn/samsung/samsung-galaxy-note-8-cu.html,4750000.0,Exynos 8895,6.0,64.0,6.3,1440 x 2960,Super AMOLED,60.0,12,1.0,3300.0,"Vân tay, Face ID",Exynos 8895 (10nm),Samsung,Android,Medium,FHD,Exynos 8895
Realme C75x Chính hãng,https://mobilecity.vn/dien-thoai/realme-c75x-chinh-hang-ip68-ip69.html,4650000.0,Mediatek Helio G81 Ultra 8 nhân GPU MaliG52 MC2,8.0,256.0,6.67,720 x 1604,IPS LCD,120.0,50,1.0,5600.0,Vân tay,Mediatek Helio G81 Ultra (12 nm),Realme,Android,Medium,HD,Helio G81 ULTRA
iPhone XR cũ,https://mobilecity.vn/apple/iphone-xr-cu.html,4650000.0,Apple A12 Bionic 6 nhân GPU Apple GPU,3.0,64.0,6.1,828 x 1792,Liquid Retina IPS LCD,60.0,12,1.0,2942.0,Face ID,Apple A12 Bionic (7 nm),Apple,iOS,Medium,HD,A12 Bionic
Samsung Galaxy S20 Plus Cũ 5G,https://mobilecity.vn/samsung/samsung-galaxy-s20-plus-cu.html,4650000.0,Exynos 990 8 nhân Snapdragon 865 5G 8 nhân GPU MaliG77 MP11 hoặc Adreno 650,12.0,256.0,6.7,1440 x 3200,Dynamic AMOLED 2X,120.0,64,4.0,4500.0,Vân tay,"Exynos 990 (7 nm+), 8 nhân (2x2.73 GHz & 2x2.50 GHz & 4x2.0 GHz)",Samsung,Android,Medium,FHD,Snapdragon 865
Realme Narzo 70 5G,https://mobilecity.vn/dien-thoai/realme-narzo-70-5g-dimensity-7050.html,4650000.0,MediaTek Dimensity 7050 8 nhân GPU MaliG68 MC4,8.0,128.0,6.67,1080 x 2400,AMOLED,120.0,50,2.0,5000.0,Vân tay,MediaTek Dimensity 7050 (6 nm),Realme,Android,Medium,HD,Dimensity 7050
OPPO A5 5G,https://mobilecity.vn/dien-thoai/oppo-a5-5g-pin-6500-mah.html,4650000.0,Qualcomm SM6450 Snapdragon 6 Gen 1 8 nhân GPU Adreno 710,12.0,512.0,6.7,1080 x 2412,AMOLED,120.0,50,2.0,6500.0,Vân tay,Qualcomm SM6450 Snapdragon 6 Gen 1 (4 nm),OPPO,Android,Medium,HD,M6450
Xiaomi 12S Cũ,https://mobilecity.vn/dien-thoai/xiaomi-12s-cu-snapdragon-8-plus-gen-1.html,4700000.0,Qualcomm SM8450 Snapdragon 8 Gen 1 8 nhân GPU Adreno 730,12.0,256.0,6.0,1080 x 2400,AMOLED,120.0,50,3.0,4500.0,Mật khẩu,Qualcomm SM8450 Snapdragon 8+ Gen 1 (4 nm),Xiaomi,Android,Medium,HD,M8450
"Realme GT Neo 3 150w Cũ 5G - 99,9%",https://mobilecity.vn/dien-thoai/realme-gt-neo-3-150w-cu-dimensity-8100.html,4750000.0,Mediatek Dimensity 8100 8 nhân GPU MaliG610 MC6,12.0,256.0,6.7,1080 x 2412,AMOLED,120.0,50,3.0,4500.0,Mật khẩu,Mediatek Dimensity 8100 (5 nm),Realme,Android,Medium,HD,Dimensity 8100
OPPO A76 Chính hãng,https://mobilecity.vn/dien-thoai/oppo-a76-chinh-hang-ips-lcd-90hz.html,4730000.0,Qualcomm SM6225 Snapdragon 680 4G 8 nhân GPU Adreno 610,6.0,128.0,6.56,720 x 1612,IPS LCD,90.0,13,2.0,5000.0,Mật khẩu,Qualcomm SM6225 Snapdragon 680 4G (6 nm),OPPO,Android,Medium,HD,M6225
Vivo iQOO Neo 8 cũ,https://mobilecity.vn/dien-thoai/vivo-iqoo-neo-8-cu-dep-99.html,4750000.0,Qualcomm SM8475 Snapdragon 8 Gen 1 8 nhân GPU Adreno 730,16.0,512.0,6.78,1260 x 2800,AMOLED,144.0,50,2.0,5000.0,Vân tay,Qualcomm SM8475 Snapdragon 8+ Gen 1 (4 nm),Vivo,Android,Medium,HD,M8475
Realme 10 Pro Plus 5G,https://mobilecity.vn/dien-thoai/realme-10-pro-plus-china-dimensity-1080.html,4750000.0,MediaTek Dimensity 1080 8 nhân GPU MaliG68 MC4,12.0,256.0,6.7,1080 x 2412,AMOLED,120.0,108,3.0,5000.0,Mật khẩu,MediaTek Dimensity 1080 (6 nm),Realme,Android,Medium,HD,Dimensity 1080
Xiaomi Redmi Note 12 Pro Plus Cũ,https://mobilecity.vn/dien-thoai/redmi-note-12-pro-plus-cu-dimensity-1080.html,4800000.0,Mediatek MT6877V Dimensity 1080 8 nhân GPU MaliG68 MC4,12.0,256.0,6.67,1080 x 2400,OLED,120.0,200,3.0,5000.0,Mật khẩu,Mediatek MT6877V Dimensity 1080 (6 nm),Xiaomi,Android,Medium,HD,Dimensity 1080
Xiaomi POCO X6 Neo 5G,https://mobilecity.vn/dien-thoai/xiaomi-poco-x6-neo-5g.html,4750000.0,Mediatek Dimensity 6080 8 nhân GPU MaliG57 MC2,12.0,256.0,6.67,1080 x 2400,AMOLED,120.0,108,2.0,5000.0,Mật khẩu,Mediatek Dimensity 6080 (6 nm),Xiaomi,Android,Medium,HD,Dimensity 6080
Realme P1 5G,https://mobilecity.vn/dien-thoai/realme-p1-5g-dimensity-7050.html,4850000.0,MediaTek Dimensity 7050 8 nhân GPU MaliG68 MC4,8.0,256.0,6.67,1080 x 2400,AMOLED,120.0,50,2.0,5000.0,Vân tay,MediaTek Dimensity 7050 (6 nm),Realme,Android,Medium,HD,Dimensity 7050
Samsung Galaxy Note 8 - 2 SIM cũ,https://mobilecity.vn/samsung/samsung-galaxy-note-8-2-sim.html,4950000.0,Exynos 8895,6.0,64.0,6.3,1440 x 2960,Super AMOLED,60.0,12,2.0,3300.0,Face ID,Exynos 8895 (10nm),Samsung,Android,Medium,FHD,Exynos 8895
Realme 12x 5G,https://mobilecity.vn/dien-thoai/realme-12x-5g-dimensity-6100-plus.html,4850000.0,Mediatek Dimensity 6100 8 nhân GPU MaliG57 MC2,12.0,512.0,6.67,1080 x 2400,IPS LCD,120.0,50,2.0,5000.0,Mật khẩu,Mediatek Dimensity 6100+ (6 nm),Realme,Android,Medium,HD,Dimensity 6100
Xiaomi Redmi K70E cũ,https://mobilecity.vn/dien-thoai/xiaomi-redmi-k70e-cu-gia-re.html,4900000.0,MediaTek Dimensity 8300 Ultra 8 nhân GPU Mali G615MC6,16.0,1024.0,6.67,1220 x 2712,OLED,120.0,64,3.0,5500.0,Vân tay,MediaTek Dimensity 8300 Ultra (4 nm),Xiaomi,Android,Medium,HD,Dimensity 8300 ultra
Realme P2 Pro 5G,https://mobilecity.vn/dien-thoai/realme-p2-pro-5g-sac-sieu-nhanh-80w.html,4850000.0,Qualcomm SM7435AB Snapdragon 7s Gen 2 8 nhân GPU Adreno 710,12.0,512.0,6.7,1080 x 2412,OLED,120.0,50,2.0,5200.0,Mật khẩu,Qualcomm SM7435-AB Snapdragon 7s Gen 2 (4 nm),Realme,Android,Medium,HD,M7435
Nothing CMF Phone 1 5G,https://mobilecity.vn/dien-thoai/nothing-cmf-phone-1-5g-dimensity-7200.html,4950000.0,MediaTek Dimensity 7300 8 nhân GPU MaliG615 MC2,8.0,256.0,6.67,1080 x 2400,AMOLED,120.0,50,2.0,5000.0,Mật khẩu,MediaTek Dimensity 7300 (4 nm),Nothing,Android,Medium,HD,Dimensity 7300
Samsung Galaxy A26 5G Chính hãng,https://mobilecity.vn/dien-thoai/samsung-galaxy-a26-chinh-hang.html,4950000.0,Exynos 1380 8 nhân GPU MaliG68 MP5,8.0,256.0,6.7,1080 x 2340,Super AMOLED,120.0,50,3.0,5000.0,Vân tay,Exynos 1380 (5 nm),Samsung,Android,Medium,HD,Exynos 1380 8
Xiaomi Redmi K60E 5G,https://mobilecity.vn/dien-thoai/xiaomi-redmi-k60e-dimensity-8200.html,4950000.0,MediaTek Dimensity 8200 8 nhân GPU MaliG610 MC6,12.0,512.0,6.67,1440 x 3200,OLED,120.0,48,3.0,5500.0,Vân tay,MediaTek Dimensity 8200 (4 nm),Xiaomi,Android,Medium,FHD,Dimensity 8200
Xiaomi POCO M6 Pro 4G,https://mobilecity.vn/dien-thoai/xiaomi-poco-m6-pro-4g-man-hinh-120hz.html,4950000.0,MediaTek Helio G99 Ultra 8 nhân GPU MaliG57 MC2,12.0,512.0,6.67,1080 x 2400,AMOLED,120.0,64,3.0,5000.0,Vân tay,MediaTek Helio G99 Ultra,Xiaomi,Android,Medium,HD,Helio G99 ULTRA
Sony Xperia 1 II 5G,https://mobilecity.vn/dien-thoai/sony-xperia-1-ii-5g-cu-snapdragon-865.html,4950000.0,Qualcomm SM8250 Snapdragon 865 5G 8 nhân GPU Adreno 650,12.0,256.0,6.5,1644 x 3840,OLED,60.0,12,4.0,4000.0,Mật khẩu,Qualcomm SM8250 Snapdragon 865 5G (7 nm+),Sony,Android,Medium,FHD,M8250
Xiaomi POCO X7 Chính hãng,https://mobilecity.vn/dien-thoai/xiaomi-poco-x7-5g.html,4950000.0,Mediatek Dimensity 7300 Ultra 8 nhân GPU MaliG615 MC2,12.0,512.0,6.67,1220 x 2712,AMOLED,120.0,50,3.0,5110.0,Mật khẩu,Mediatek Dimensity 7300 Ultra (4 nm),Xiaomi,Android,Medium,HD,Dimensity 7300 ultra
Realme 15x 5G,https://mobilecity.vn/dien-thoai/realme-15x-5g-pin-7000mah.html,4950000.0,MediaTek Dimensity 6300 8 nhân GPU MaliG57 MC2,8.0,256.0,6.81,720 x 1570,IPS LCD,144.0,50,1.0,7000.0,Vân tay,MediaTek Dimensity 6300 (6 nm),Realme,Android,Medium,HD,Dimensity 6300
Realme Narzo 70 Turbo,https://mobilecity.vn/dien-thoai/realme-narzo-70-turbo-dimensity-7300-energy.html,4950000.0,MediaTek Dimensity 7300 Energy 8 nhân GPU MaliG615 MC2,12.0,256.0,6.67,1080 x 2400,OLED,120.0,50,2.0,5000.0,Mật khẩu,MediaTek Dimensity 7300 Energy (4 nm),Realme,Android,Medium,HD,Dimensity 7300
ZTE Nubia Neo 3 5G Chính hãng,https://mobilecity.vn/dien-thoai/zte-nubia-neo-3-5g-chinh-hang.html,4950000.0,Unisoc T8300 8 nhân GPU MaliG57 MP2,8.0,256.0,6.8,900 x 2030,IPS LCD,120.0,50,2.0,6000.0,Vân tay,Unisoc T8300 (6 nm),ZTE,Android,Medium,HD,Unisoc t8300 8
Xiaomi Redmi Note 11S - Chính hãng DGW,https://mobilecity.vn/dien-thoai/xiaomi-redmi-note-11s.html,4950000.0,Mediatek Helio G96 8 nhân GPU MaliG57 MC2,8.0,128.0,6.43,1080 x 2400,AMOLED,90.0,108,4.0,5000.0,Mật khẩu,Mediatek Helio G96 (12 nm),Xiaomi,Android,Medium,HD,Helio G96
ZTE Nubia Focus 2 5G,https://mobilecity.vn/dien-thoai/zte-nubia-focus-2-5g.html,4950000.0,Unisoc T820 8 nhân GPU MaliG57,12.0,512.0,6.72,1080 x 2412,IPS LCD,120.0,108,3.0,5000.0,Mật khẩu,Unisoc T820 (6 nm),ZTE,Android,Medium,HD,Unisoc t820 8
Xiaomi Redmi Note 13R 5G,https://mobilecity.vn/dien-thoai/xiaomi-redmi-note-13r-5g-snapdragon-4-gen-2-ep-xung.html,4950000.0,Qualcomm SM4450 Snapdragon 4 Gen 2 8 nhân GPU Adreno 613,12.0,512.0,6.79,1080 x 2460,IPS LCD,120.0,50,2.0,5030.0,Mật khẩu,Qualcomm SM4450 Snapdragon 4+ Gen 2 (4 nm),Xiaomi,Android,Medium,HD,M4450
Tecno CAMON 20 Chính hãng,https://mobilecity.vn/dien-thoai/tecno-camon-20-helio-g85.html,4950000.0,Mediatek MT6769Z Helio G85 8 nhân GPU MaliG52 MC2,8.0,256.0,6.67,1080 x 2400,AMOLED,60.0,64,2.0,5000.0,Mật khẩu,Mediatek MT6769Z Helio G85 (12nm),Tecno,Android,Medium,HD,Helio G85
Xiaomi Redmi Note 11 Pro,https://mobilecity.vn/xiaomi/xiaomi-redmi-note-11-pro.html,4950000.0,MediaTek Dimensity 920 5G 8 nhân GPU MaliG68 MC4,8.0,256.0,6.67,1080 x 2400,Super AMOLED,120.0,108,4.0,5160.0,Vân tay,MediaTek Dimensity 920 5G (6 nm),Xiaomi,Android,Medium,HD,Dimensity 920
Xiaomi Redmi K50,https://mobilecity.vn/xiaomi/xiaomi-redmi-k50.html,4950000.0,MediaTek Dimensity 8100 8 nhân GPU MaliG610,12.0,256.0,6.67,1440 x 3200,OLED,120.0,48,3.0,5500.0,Mật khẩu,MediaTek Dimensity 8100 (5 nm),Xiaomi,Android,Medium,FHD,Dimensity 8100
Xiaomi Redmi Turbo 4 cũ,https://mobilecity.vn/dien-thoai/Xiaomi-redmi-turbo-4-cu-99-dep-nhu-moi.html,5050000.0,MediaTek Dimensity 8400 Ultra 8 nhân GPU MaliG720 MC7 AI MediaTek NPU 880,16.0,512.0,6.67,1220 x 2712,AMOLED,120.0,50,2.0,6550.0,Vân tay,MediaTek Dimensity 8400 Ultra (4 nm),Xiaomi,Android,Medium,HD,Dimensity 8400 ultra
Samsung Galaxy M14 5G,https://mobilecity.vn/dien-thoai/samsung-galaxy-m14-5g-exynos-1330.html,4990000.0,Exynos 1330 8 nhân GPU MaliG68 MP2,4.0,128.0,6.6,1080 x 2408,PLS LCD,90.0,50,3.0,6000.0,Mật khẩu,Exynos 1330 (5nm),Samsung,Android,Medium,HD,Exynos 1330 8
Realme P3 5G,https://mobilecity.vn/dien-thoai/realme-p3-5g-pin-6000mah.html,5050000.0,Qualcomm Snapdragon 6 Gen 4 8 nhân GPU Adreno,8.0,256.0,6.67,1080 x 2400,AMOLED,120.0,50,2.0,6000.0,Vân tay,Qualcomm Snapdragon 6 Gen 4 (4 nm),Realme,Android,Medium,HD,Snapdragon 6 gen 4
Realme Narzo 60 5G,https://mobilecity.vn/dien-thoai/realme-narzo-60-dimensity-6020.html,5150000.0,Mediatek Dimensity 6020 8 nhân GPU MaliG57 MC2,8.0,256.0,6.43,1080 x 2400,Super AMOLED,90.0,64,2.0,5000.0,Mật khẩu,Mediatek Dimensity 6020 (7 nm),Realme,Android,Medium,HD,Dimensity 6020
Honor X70 5G,https://mobilecity.vn/dien-thoai/honor-x70-5g.html,5150000.0,Qualcomm Snapdragon 6 Gen 4 8 nhân GPU Adreno 810,12.0,512.0,6.79,1200 x 2640,AMOLED,120.0,50,1.0,8300.0,Mật khẩu,Qualcomm Snapdragon 6 Gen 4 (4 nm),Honor,Android,Medium,HD,Snapdragon 6 gen 4
Vivo Y39 5G Chính hãng,https://mobilecity.vn/dien-thoai/vivo-y39-5g-chinh-hang.html,5150000.0,Qualcomm SM4450 Snapdragon 4 Gen 2 8 nhân GPU Adreno 613,8.0,256.0,6.68,720 x 1608,IPS LCD,120.0,50,2.0,6500.0,Vân tay,Qualcomm SM4450 Snapdragon 4 Gen 2 (4 nm),Vivo,Android,Medium,HD,M4450
Realme V60 Pro,https://mobilecity.vn/dien-thoai/realme-v60-pro-pin-5600mah.html,5150000.0,MediaTek Dimensity 6300 8 nhân GPU MaliG57 MC2,12.0,512.0,6.67,720 x 1604,IPS LCD,120.0,50,1.0,5600.0,Vân tay,MediaTek Dimensity 6300 (6 nm),Realme,Android,Medium,HD,Dimensity 6300
Xiaomi POCO X4 Pro 5G,https://mobilecity.vn/dien-thoai/xiaomi-poco-x4-pro-5g.html,5150000.0,Qualcomm SM6375 Snapdragon 695 5G 8 nhân GPU Adreno 619,8.0,256.0,6.67,1080 x 2400,AMOLED,120.0,108,3.0,5000.0,Mật khẩu,Qualcomm SM6375 Snapdragon 695 5G (6 nm),Xiaomi,Android,Medium,HD,M6375
Realme 13 Pro 5G,https://mobilecity.vn/dien-thoai/realme-13-pro-5g-ram8-12gb.html,5250000.0,MediaTek Dimensity 7300 Energy 8 nhân GPU MaliG615 MC2,12.0,256.0,6.67,1080 x 2400,AMOLED,120.0,50,1.0,5000.0,Vân tay,MediaTek Dimensity 7300 Energy (4 nm),Realme,Android,Medium,HD,Dimensity 7300
Vivo Y500 5G,https://mobilecity.vn/dien-thoai/vivo-y500-5g.html,5250000.0,MediaTek Dimensity 7300 8 nhân GPU MaliG615 MC2,12.0,512.0,6.77,1080 x 2392,AMOLED,120.0,50,2.0,8200.0,Vân tay,MediaTek Dimensity 7300 (4 nm),Vivo,Android,Medium,HD,Dimensity 7300
Vivo Y28s 5G Global,https://mobilecity.vn/dien-thoai/vivo-y28s-5g-global.html,5250000.0,MediaTek Dimensity 6300 8 nhân GPU MaliG57 MC2,8.0,256.0,6.56,720 x 1612,IPS LCD,90.0,50,2.0,5000.0,Mật khẩu,MediaTek Dimensity 6300 (6 nm),Vivo,Android,Medium,HD,Dimensity 6300
Xiaomi REDMI Note 15 Pro 5G,https://mobilecity.vn/dien-thoai/xiaomi-redmi-note-15-pro-5g.html,5250000.0,MediaTek Dimensity 7400 Ultra 8 nhân GPU MaliG615 MC2,12.0,512.0,1220.0,6 x 83,AMOLED,120.0,50,2.0,7000.0,Vân tay,MediaTek Dimensity 7400 Ultra (4 nm),Xiaomi,Android,Medium,HD,Dimensity 7400 ultra
Xiaomi POCO X5 5G,https://mobilecity.vn/dien-thoai/xiaomi-poco-x5-5g-chinh-hang.html,5250000.0,Qualcomm SM6375 Snapdragon 695 5G 8 nhân GPU Adreno 619,8.0,256.0,6.67,1080 x 2400,AMOLED,120.0,48,3.0,5000.0,Mật khẩu,Qualcomm SM6375 Snapdragon 695 5G (6 nm),Xiaomi,Android,Medium,HD,M6375
Xiaomi Redmi K40S,https://mobilecity.vn/dien-thoai/xiaomi-redmi-k40s.html,5250000.0,Qualcomm SM8250AC Snapdragon 870 5G 8 nhân GPU Adreno 650,12.0,256.0,6.67,1080 x 2400,E4 AMOLED,120.0,48,3.0,4500.0,Mật khẩu,Qualcomm SM8250-AC Snapdragon 870 5G (7 nm),Xiaomi,Android,Medium,HD,M8250
Realme 14T 5G Chính hãng,https://mobilecity.vn/dien-thoai/realme-14t-5g-chinh-hang.html,5250000.0,MediaTek Dimensity 6300 8 nhân GPU Mali G57 MC2,12.0,256.0,6.67,1080 x 2400,AMOLED,120.0,50,2.0,6000.0,Vân tay,MediaTek Dimensity 6300 (6 nm),Realme,Android,Medium,HD,Dimensity 6300
OPPO A5 Chính hãng,https://mobilecity.vn/dien-thoai/oppo-a5-chinh-hang.html,5250000.0,Qualcomm SM6115 Snapdragon 6s 4G Gen1 8 nhân GPU Adreno 610,8.0,128.0,6.67,720 x 1604,IPS LCD,90.0,50,2.0,6000.0,Vân tay,Qualcomm SM-6115 Snapdragon 6s 4G Gen1 (11 nm),OPPO,Android,Medium,HD,M6115
Samsung Galaxy Note 20 cũ 5G,https://mobilecity.vn/samsung/samsung-galaxy-note-20-cu.html,5250000.0,Exynos 990 Việt Nam 8 nhân GPU MaliG77 MP11 Snapdragon 865 5G Mỹ Hàn EU 8 nhân GPU Adreno 650,8.0,256.0,6.7,1080 x 2400,Super AMOLED Plus,60.0,64,3.0,4300.0,Vân tay,Exynos 990 (7 nm+) - Việt Nam,Samsung,Android,Medium,HD,Snapdragon 865
Xiaomi Redmi Note 12S,https://mobilecity.vn/dien-thoai/xiaomi-redmi-note-12s.html,5250000.0,Mediatek Helio G96 8 nhân GPU MaliG57 MC2,8.0,256.0,6.43,1080 x 2400,AMOLED,90.0,108,3.0,5000.0,Mật khẩu,Mediatek Helio G96 (12 nm),Xiaomi,Android,Medium,HD,Helio G96
Xiaomi 12S Pro Cũ,https://mobilecity.vn/dien-thoai/xiaomi-12s-pro-cu-man-2k-sac-120w.html,5300000.0,Qualcomm SM8475 Snapdragon 8 Gen 1 8 nhân GPU Adreno 730,12.0,512.0,6.73,1440 x 3200,LTPO AMOLED,120.0,50,3.0,4600.0,Vân tay,Qualcomm SM8475 Snapdragon 8+ Gen 1 (4 nm),Xiaomi,Android,Medium,FHD,M8475
Xiaomi REDMI 15 5G,https://mobilecity.vn/dien-thoai/xiaomi-redmi-15-5g.html,5350000.0,Qualcomm SM6375 Snapdragon 6s Gen 3 8 nhân GPU Adreno 619,4.0,128.0,6.9,1080 x 2340,IPS LCD,144.0,50,1.0,7000.0,Mật khẩu,Qualcomm SM6375 Snapdragon 6s Gen 3 (6 nm),Xiaomi,Android,Medium,HD,M6375
Realme 13 5G Global,https://mobilecity.vn/dien-thoai/realme-13-5g.html,5350000.0,MediaTek Dimensity 6300 8 nhân GPU MaliG57 MC2,8.0,256.0,6.72,1080 x 2400,IPS LCD,120.0,50,1.0,5000.0,Vân tay,MediaTek Dimensity 6300 (6 nm),Realme,Android,Medium,HD,Dimensity 6300
Realme 15T cũ,https://mobilecity.vn/dien-thoai/realme-15t-cu.html,5400000.0,MediaTek Dimensity 6400 Max 8 nhân GPU MaliG57 MC2,12.0,512.0,6.57,1080 x 2372,AMOLED,120.0,50,2.0,7000.0,Vân tay,MediaTek Dimensity 6400 Max (6 nm),Realme,Android,Medium,HD,Dimensity 6400 max
ZTE Nubia Air,https://mobilecity.vn/dien-thoai/zte-nubia-air.html,5450000.0,Unisoc T8300 8 nhân GPU MaliG57 MP2,8.0,256.0,6.78,1224 x 2720,AMOLED,120.0,50,2.0,5000.0,Vân tay,Unisoc T8300,ZTE,Android,Medium,HD,Unisoc t8300 8
Realme GT Neo 3,https://mobilecity.vn/dien-thoai/realme-gt-neo-3.html,5450000.0,MediaTek Dimensity 8100 8 nhân GPU MaliG610 MC6,12.0,256.0,6.7,1080 x 2412,AMOLED,120.0,50,3.0,5000.0,Vân tay,MediaTek Dimensity 8100 (5 nm),Realme,Android,Medium,HD,Dimensity 8100
Xiaomi REDMI Note 14 5G,https://mobilecity.vn/dien-thoai/xiaomi-redmi-note-14-5g-quoc-te.html,5450000.0,MediaTek Dimensity 7025 Ultra 8 nhân GPU IMG BXM8256,8.0,256.0,6.67,1080 x 2400,AMOLED,120.0,50,3.0,5110.0,Vân tay,MediaTek Dimensity 7025 Ultra (6 nm),Xiaomi,Android,Medium,HD,M8256
Samsung Galaxy A35 Chính hãng,https://mobilecity.vn/dien-thoai/samsung-galaxy-a35-chinh-hang-ip67.html,5450000.0,Exynos 1380 8 nhân GPU MaliG68 MP5,8.0,256.0,6.6,1080 x 2340,Super AMOLED,120.0,50,3.0,5000.0,Vân tay,Exynos 1380 (5 nm),Samsung,Android,Medium,HD,Exynos 1380 8
OPPO A5i Pro Chính hãng,https://mobilecity.vn/dien-thoai/oppo-a5i-pro-pin-6000mah.html,5450000.0,Qualcomm SM6115 Snapdragon 6s 4G Gen1 8 nhân GPU Adreno 610,8.0,128.0,6.67,720 x 1604,IPS LCD,90.0,50,2.0,6000.0,Vân tay,Qualcomm SM-6115 Snapdragon 6s 4G Gen1 (11 nm),OPPO,Android,Medium,HD,M6115
OPPO K13 5G,https://mobilecity.vn/dien-thoai/oppo-k13-5g.html,5450000.0,Qualcomm Snapdragon 6 Gen 4 8 nhân GPU Adreno 810,8.0,256.0,6.67,1080 x 2400,AMOLED,120.0,50,2.0,7000.0,Vân tay,Qualcomm Snapdragon 6 Gen 4 (4 nm),OPPO,Android,Medium,HD,Snapdragon 6 gen 4
Samsung Galaxy Note 10 Plus Cũ,https://mobilecity.vn/samsung/samsung-galaxy-note-10-plus-cu.html,5450000.0,Exynos 9825 Hàn Việt 8 nhân GPU MaliG76 MP12 Qualcomm SDM855 Snapdragon 855 Mỹ EU 8 nhân GPU Adreno 640,12.0,512.0,6.8,1440 x 3040,Dynamic AMOLED,60.0,16,4.0,4300.0,Vân tay,"Exynos 9825 (7 nm) - Hàn, Việt",Samsung,Android,Medium,FHD,M855
Honor X7d Chính hãng,https://mobilecity.vn/dien-thoai/honor-x7d-chinh-hang.html,5450000.0,Qualcomm SM6225 Snapdragon 685 8 nhân GPU Adreno 610,8.0,256.0,6.77,720 x 1610,TFT LCD,120.0,108,2.0,6500.0,Vân tay,Qualcomm SM6225 Snapdragon 685 (6 nm),Honor,Android,Medium,HD,M6225
Realme 12 Pro 5G,https://mobilecity.vn/dien-thoai/realme-12-pro-man-hinh-cong-gia-re.html,5450000.0,Qualcomm SM6450 Snapdragon 6 Gen 1 8 nhân GPU Adreno 710,12.0,256.0,6.7,1080 x 2412,AMOLED,120.0,50,3.0,5000.0,Vân tay,Qualcomm SM6450 Snapdragon 6 Gen 1 (4 nm),Realme,Android,Medium,HD,M6450
Vivo iQOO Z10R DGW,https://mobilecity.vn/dien-thoai/vivo-iqoo-z10r-dgw.html,5450000.0,MediaTek Dimensity 7400 8 nhân GPU MaliG615 MC2,12.0,256.0,6.77,1080 x 2392,AMOLED,120.0,50,2.0,5700.0,Vân tay,MediaTek Dimensity 7400 (4 nm),Vivo,Android,Medium,HD,Dimensity 7400
Samsung Galaxy Note 10 Plus 2 SIM cũ,https://mobilecity.vn/samsung/samsung-galaxy-note-10-plus-2-sim.html,6050000.0,Exynos 9825 8 nhân GPU MaliG76 MP12,12.0,512.0,6.8,1440 x 3040,"Dynamic AMOLED, HDR10+",60.0,16,4.0,4300.0,Vân tay,Exynos 9825 (7 nm),Samsung,Android,Medium,FHD,Exynos 9825 8
Realme C75 Chính hãng,https://mobilecity.vn/dien-thoai/realme-c75-chinh-hang-helio-g92-max.html,5450000.0,MediaTek Helio G92 Max 8 nhân lên tới 20 GHz,8.0,512.0,6.72,1080 x 2400,IPS LCD,90.0,50,1.0,6000.0,Vân tay,MediaTek Helio G92 Max,Realme,Android,Medium,HD,Helio G92 MAX
Realme GT Neo 5 Cũ,https://mobilecity.vn/dien-thoai/realme-gt-neo-5-cu-snapdragon-8-plus-gen-1.html,5450000.0,Qualcomm SM8475 Snapdragon 8 Gen 1 8 nhân GPU Adreno 730,16.0,512.0,6.74,1240 x 2772,AMOLED,144.0,50,3.0,5000.0,Vân tay,Qualcomm SM8475 Snapdragon 8+ Gen 1 (4 nm),Realme,Android,Medium,HD,M8475
Tecno CAMON 20 Pro Chính hãng,https://mobilecity.vn/dien-thoai/tecno-camon-20-pro-helio-g99.html,5490000.0,Mediatek MT8781 Helio G99 8 nhân GPU MaliG57 MC2,8.0,256.0,6.67,1080 x 2400,AMOLED,120.0,64,2.0,5000.0,Mật khẩu,Mediatek MT8781 Helio G99 (6nm),Tecno,Android,Medium,HD,Helio G99
Xiaomi REDMI Note 15R 5G,https://mobilecity.vn/dien-thoai/xiaomi-redmi-note-15r-5g.html,5550000.0,Qualcomm SM6375 Snapdragon 6s Gen 3 8 nhân GPU Adreno 619,12.0,512.0,6.9,1080 x 2340,IPS LCD,144.0,50,1.0,7000.0,Mật khẩu,Qualcomm SM6375 Snapdragon 6s Gen 3 (6 nm),Xiaomi,Android,Medium,HD,M6375
OnePlus Ace 2V,https://mobilecity.vn/dien-thoai/oneplus-ace-2v-dimensity-9000.html,5550000.0,Mediatek Dimensity 9000 8 nhân GPU MaliG710 MC10,16.0,512.0,6.74,1240 x 2772,AMOLED,120.0,64,3.0,5000.0,Vân tay,Mediatek Dimensity 9000 (4 nm),OnePlus,Android,Medium,HD,Dimensity 9000
Honor X8d Chính hãng,https://mobilecity.vn/dien-thoai/honor-x8d-chinh-hang.html,5550000.0,Snapdragon 6s 4G Gen 2 8 nhân GPU Adreno,8.0,512.0,6.7,1080 x 2412,AMOLED,120.0,108,2.0,5000.0,Vân tay,Snapdragon 6s 4G Gen 2 (6 nm),Honor,Android,Medium,HD,Snapdragon 6
Realme Narzo 80 Pro,https://mobilecity.vn/dien-thoai/realme-narzo-80-pro-dimensity-7400.html,5550000.0,Mediatek Dimensity 7400 8 nhân GPU MaliG615 MC2,12.0,256.0,6.72,1080 x 2392,OLED,120.0,50,2.0,6000.0,Vân tay,Mediatek Dimensity 7400 (4 nm),Realme,Android,Medium,HD,Dimensity 7400
Realme 12 Lite,https://mobilecity.vn/dien-thoai/realme-12-lite-snapdragon-685.html,5550000.0,Qualcomm SM6225 Snapdragon 685 8 nhân GPU Adreno 610,8.0,256.0,6.72,1080 x 2400,IPS LCD,90.0,108,2.0,5000.0,Mật khẩu,Qualcomm SM6225 Snapdragon 685 (6 nm),Realme,Android,Medium,HD,M6225
Xiaomi Redmi Note 12R Pro 5G,https://mobilecity.vn/dien-thoai/xiaomi-redmi-note-12r-pro-snapdragon-4-gen-1.html,5550000.0,Qualcomm SM4375 Snapdragon 4 Gen 1 8 nhân GPU Adreno 619,12.0,256.0,6.67,1080 x 2400,OLED,120.0,48,2.0,5000.0,Mật khẩu,Qualcomm SM4375 Snapdragon 4 Gen 1 (6 nm),Xiaomi,Android,Medium,HD,M4375
Xiaomi Mi 11 Ultra cũ,https://mobilecity.vn/dien-thoai/xiaomi-mi-11-ultra-cu-dep-gia-re.html,5600000.0,Qualcomm SM8350 Snapdragon 888 5G 8 nhân GPU Adreno 660,12.0,512.0,6.81,1440 x 3200,AMOLED,120.0,50,3.0,5000.0,Vân tay,Qualcomm SM8350 Snapdragon 888 5G (5 nm),Xiaomi,Android,Medium,FHD,M8350
OPPO A96 Chính hãng,https://mobilecity.vn/dien-thoai/oppo-a96-chinh-hang-snapdragon-680.html,5620000.0,Qualcomm SM6225 Snapdragon 680 4G 8 nhân GPU Adreno 610,8.0,256.0,6.59,1080 x 2412,IPS LCD,90.0,50,2.0,5000.0,Mật khẩu,Qualcomm SM6225 Snapdragon 680 4G (6 nm),OPPO,Android,Medium,HD,M6225
Xiaomi Redmi K70E,https://mobilecity.vn/dien-thoai/xiaomi-redmi-k70e-gia-re.html,5650000.0,MediaTek Dimensity 8300 Ultra 8 nhân GPU Mali G615MC6,16.0,1024.0,6.67,1220 x 2712,OLED,120.0,64,3.0,5500.0,Vân tay,MediaTek Dimensity 8300 Ultra (4 nm),Xiaomi,Android,Medium,HD,Dimensity 8300 ultra
Vivo Y200 GT 5G,https://mobilecity.vn/dien-thoai/vivo-y200-gt-5g-pin-6000mah.html,5650000.0,Qualcomm Snapdragon 7 Gen 3 8 nhân GPU Adreno 720,12.0,512.0,6.78,1260 x 2800,AMOLED,144.0,50,2.0,6000.0,Vân tay,Qualcomm Snapdragon 7 Gen 3 (4 nm),Vivo,Android,Medium,HD,Snapdragon 7 gen 3
Realme Neo7 SE cũ,https://mobilecity.vn/dien-thoai/realme-neo7-se-cu.html,5650000.0,Mediatek Dimensity 8400 Max 8 nhân GPU MaliG720,16.0,512.0,6.78,1264 x 2780,LTPO OLED,120.0,50,2.0,7000.0,Mật khẩu,Mediatek Dimensity 8400 Max (4 nm),Realme,Android,Medium,HD,Dimensity 8400 max
Xiaomi Redmi Note 12 Pro 4G,https://mobilecity.vn/dien-thoai/xiaomi-redmi-note-12-pro-4g-chinh-hang-snapdragon-732g.html,5650000.0,Qualcomm SM7150 Snapdragon 732G 8 nhân GPU Adreno 618,8.0,256.0,6.67,1080 x 2400,AMOLED,120.0,108,4.0,5000.0,Mật khẩu,Qualcomm SM7150 Snapdragon 732G (8 nm),Xiaomi,Android,Medium,HD,M7150
OPPO A3 5G,https://mobilecity.vn/dien-thoai/oppo-a3-5g-snapdragon-695.html,5650000.0,Qualcomm SM6375 Snapdragon 695 5G 8 nhân GPU Adreno 619,12.0,512.0,6.7,1080 x 2412,AMOLED,120.0,50,2.0,5000.0,Vân tay,Qualcomm SM6375 Snapdragon 695 5G (6 nm),OPPO,Android,Medium,HD,M6375
Tecno POVA 6 Pro 5G,https://mobilecity.vn/dien-thoai/tecno-pova-6-pro-pin-5g-sac-70w.html,5650000.0,Mediatek Dimensity 6080 8 nhân GPU MaliG57 MC2,12.0,256.0,6.78,1080 x 2436,AMOLED,120.0,108,3.0,6000.0,Mật khẩu,Mediatek Dimensity 6080 (6 nm),Tecno,Android,Medium,HD,Dimensity 6080
OPPO K13s 5G,https://mobilecity.vn/dien-thoai/oppo-k13s-5g-pin-7000mah.html,5650000.0,Qualcomm Snapdragon 7 Gen 3 8 nhân GPU Adreno 720,12.0,256.0,6.8,1280 x 2800,AMOLED,120.0,50,2.0,7000.0,Vân tay,Qualcomm Snapdragon 7 Gen 3 (4 nm),OPPO,Android,Medium,HD,Snapdragon 7 gen 3
Realme GT Neo 3,https://mobilecity.vn/dien-thoai/realme-gt-neo-3-sac-150w.html,5650000.0,MediaTek Dimensity 8100 8 nhân GPU MaliG610 MC6,12.0,256.0,6.7,1080 x 2412,AMOLED,120.0,50,3.0,4500.0,Vân tay,MediaTek Dimensity 8100 (5 nm),Realme,Android,Medium,HD,Dimensity 8100
Realme Narzo 70 Pro 5G,https://mobilecity.vn/dien-thoai/realme-narzo-70-pro-5g-camera-sony-imx890.html,5690000.0,Mediatek Dimensity 7050 8 nhân GPU MaliG68 MC4,8.0,256.0,6.67,1080 x 2400,AMOLED,120.0,50,3.0,5000.0,Vân tay,Mediatek Dimensity 7050 (6 nm),Realme,Android,Medium,HD,Dimensity 7050
Xiaomi Redmi K60 Pro cũ - 99.9%,https://mobilecity.vn/dien-thoai/redmi-k60-pro-cu-man-amoled-2k.html,5700000.0,Qualcomm SM8550 Snapdragon 8 Gen 2 8 nhân GPU Adreno 740,16.0,512.0,6.67,1440 x 3200,OLED,120.0,54,3.0,5000.0,Mật khẩu,Qualcomm SM8550 Snapdragon 8 Gen 2 (4 nm),Xiaomi,Android,Medium,FHD,M8550
Realme GT Neo 6 SE 5G,https://mobilecity.vn/dien-thoai/realme-gt-neo-6-se-5g-chip-sieu-manh.html,5750000.0,Qualcomm Snapdragon 7 Gen 3 8 nhân GPU Adreno 732 AIHexagon Tensor Processor,16.0,512.0,6.78,1264 x 2780,LTPO AMOLED,120.0,50,2.0,5500.0,Mật khẩu,Qualcomm Snapdragon 7+ Gen 3 (4 nm),Realme,Android,Medium,HD,Snapdragon 7 gen 3
Realme 15 5G,https://mobilecity.vn/dien-thoai/realme-15-5g-ai-gia-re.html,5750000.0,MediaTek Dimensity 7300 Plus 8 nhân GPU MaliG615 MC2,12.0,256.0,6.8,1280 x 2800,OLED,144.0,50,2.0,7000.0,Vân tay,MediaTek Dimensity 7300 Plus (4 nm),Realme,Android,Medium,HD,Dimensity 7300 plus
Samsung Galaxy A16 5G Chính hãng,https://mobilecity.vn/dien-thoai/samsung-galaxy-a16-5g-chinh-hang.html,5850000.0,MediaTek Dimensity 6300 5G 8 nhân GPU MaliG57 MC2,8.0,256.0,6.7,1080 x 2340,Super AMOLED,90.0,50,3.0,5000.0,Mật khẩu,MediaTek Dimensity 6300 5G (6 nm),Samsung,Android,Medium,HD,Dimensity 6300
Vivo Y21d Chính hãng,https://mobilecity.vn/dien-thoai/vivo-y21d-chinh-hang.html,5850000.0,Unisoc T7225 8 nhân 2x 18GHz CortexA76 6x 18GHz CortexA55 GPU ARM Mali G52MP1,6.0,256.0,6.68,720 x 1608,IPS LCD,120.0,50,1.0,6500.0,Vân tay,Unisoc T7225 8 nhân,Vivo,Android,Medium,HD,A76 Bionic
Tecno POVA 7 Pro 5G,https://mobilecity.vn/dien-thoai/tecno-pova-7-pro-5g.html,5850000.0,MediaTek Dimensity 7300 Ultimate 8 nhân GPU MaliG615 MC2,12.0,256.0,6.78,1224 x 2720,AMOLED,144.0,64,2.0,6000.0,Mật khẩu,MediaTek Dimensity 7300 Ultimate (4 nm),Tecno,Android,Medium,HD,Dimensity 7300
Vivo Y29 Chính hãng,https://mobilecity.vn/dien-thoai/vivo-y29-chinh-hang.html,5850000.0,Qualcomm SM6225 Snapdragon 685 8 nhân GPU Adreno 610,8.0,256.0,6.68,720 x 1608,IPS LCD,120.0,50,2.0,6500.0,Vân tay,Qualcomm SM6225 Snapdragon 685 (6 nm),Vivo,Android,Medium,HD,M6225
Xiaomi Redmi Note 12 Pro Plus,https://mobilecity.vn/dien-thoai/xiaomi-redmi-note-12-pro-plus.html,5950000.0,Mediatek MT6877V Dimensity 1080 8 nhân GPU MaliG68 MC4,12.0,256.0,6.67,1080 x 2400,OLED,120.0,200,3.0,5000.0,Mật khẩu,Mediatek MT6877V Dimensity 1080 (6 nm),Xiaomi,Android,Medium,HD,Dimensity 1080
Honor 200 cũ,https://mobilecity.vn/dien-thoai/honor-200-cu.html,5900000.0,Qualcomm SM7550AB Snapdragon 7 Gen 3 8 nhân GPU Adreno 720,12.0,512.0,6.7,1200 x 2664,AMOLED,120.0,50,3.0,5200.0,Vân tay,Qualcomm SM7550-AB Snapdragon 7 Gen 3 (4 nm),Honor,Android,Medium,HD,M7550
Vivo V40 Lite Chính hãng,https://mobilecity.vn/dien-thoai/vivo-v40-lite-chinh-hang.html,5950000.0,Qualcomm SM6225 Snapdragon 685 8 nhân GPU Adreno 610,8.0,256.0,6.67,1080 x 2400,AMOLED E4,120.0,50,2.0,5000.0,Vân tay,Qualcomm SM6225 Snapdragon 685 (6 nm),Vivo,Android,Medium,HD,M6225
Realme 12 Plus 5G,https://mobilecity.vn/dien-thoai/realme-12-plus-5g-dimensity-7050.html,5950000.0,Mediatek Dimensity 7050 8 nhân GPU MaliG68 MC4,8.0,256.0,6.67,1080 x 2400,AMOLED,120.0,50,3.0,5000.0,Mật khẩu,Mediatek Dimensity 7050 (6 nm),Realme,Android,Medium,HD,Dimensity 7050
Tecno POVA Slim 5G,https://mobilecity.vn/dien-thoai/tecno-pova-slim-5g-sieu-mong-6mm.html,5950000.0,MediaTek Dimensity 6400 8 nhân GPU MaliG57 MC2,8.0,256.0,6.78,1224 x 2720,AMOLED,144.0,50,2.0,5160.0,Mật khẩu,MediaTek Dimensity 6400 (6 nm),Tecno,Android,Medium,HD,Dimensity 6400
OnePlus Nord CE 3 Lite 5G,https://mobilecity.vn/dien-thoai/oneplus-nord-ce-3-lite-5g-snapdragon-695.html,5950000.0,Qualcomm SM6375 Snapdragon 695 5G 8 nhân GPU Adreno 619,8.0,256.0,6.72,1080 x 2400,IPS LCD,120.0,108,3.0,5000.0,Mật khẩu,Qualcomm SM6375 Snapdragon 695 5G (6 nm),OnePlus,Android,Medium,HD,M6375
Realme 11 Pro 5G,https://mobilecity.vn/dien-thoai/realme-11-pro-5g.html,5950000.0,Mediatek Dimensity 7050 8 nhân GPU MaliG68,12.0,512.0,6.7,1080 x 2412,AMOLED,120.0,100,2.0,5000.0,Vân tay,Mediatek Dimensity 7050,Realme,Android,Medium,HD,Dimensity 7050
OPPO A2 Pro 5G,https://mobilecity.vn/dien-thoai/oppo-a2-pro-man-hinh-cong.html,5990000.0,Mediatek MT6877V Dimensity 7050 8 nhân GPU MaliG68 MC4,12.0,512.0,6.7,1080 x 2412,AMOLED,120.0,64,2.0,5000.0,Vân tay,Mediatek MT6877V Dimensity 7050 (6 nm),OPPO,Android,Medium,HD,Dimensity 7050
Vivo T3 5G,https://mobilecity.vn/dien-thoai/vivo-t3-5g-dimensity-7200.html,5990000.0,MediaTek Dimensity 7200 8 nhân GPU MaliG610 MC4,8.0,256.0,6.67,1080 x 2400,AMOLED,120.0,50,2.0,5000.0,Mật khẩu,MediaTek Dimensity 7200 (4 nm),Vivo,Android,Medium,HD,Dimensity 7200
Xiaomi Redmi Note 14 Pro Plus cũ,https://mobilecity.vn/dien-thoai/xiaomi-redmi-note-14-pro-plus-cu.html,6000000.0,Qualcomm SM7635 Snapdragon 7s Gen 3 8 nhân GPU Adreno 710,16.0,512.0,6.67,1220 x 2712,AMOLED,120.0,50,3.0,6200.0,Vân tay,Qualcomm SM7635 Snapdragon 7s Gen 3 (4 nm),Xiaomi,Android,Medium,HD,M7635
Nubia Red Magic 5S cũ,https://mobilecity.vn/dien-thoai/nubia-red-magic-5s-cu.html,6000000.0,Qualcomm SM8250 Snapdragon 865 8 nhân GPU Adreno 650,16.0,256.0,6.65,1080 x 2340,AMOLED,144.0,64,3.0,4500.0,Mật khẩu,Qualcomm SM8250 Snapdragon 865 (7 nm+),Nubia,Android,Medium,HD,M8250
Realme GT 2 Pro Cũ,https://mobilecity.vn/dien-thoai/realme-gt-2-pro-cu-hinh-thuc-dep-99.html,6000000.0,Qualcomm SM8450 Snapdragon 8 Gen 1 8 nhân GPU Adreno 730,12.0,512.0,6.7,1440 x 3216,LTPO2 AMOLED,120.0,50,3.0,5000.0,Mật khẩu,Qualcomm SM8450 Snapdragon 8 Gen 1 (4 nm),Realme,Android,Medium,FHD,M8450
Realme P3 Pro 5G,https://mobilecity.vn/dien-thoai/realme-p3-pro-5g.html,6050000.0,Qualcomm SM7635 Snapdragon 7s Gen 3 8 nhân GPU Adreno 710,12.0,256.0,6.83,1272 x 2800,AMOLED,120.0,50,2.0,6000.0,Mật khẩu,Qualcomm SM7635 Snapdragon 7s Gen 3 (4 nm),Realme,Android,Medium,HD,M7635
Honor Power 5G,https://mobilecity.vn/dien-thoai/honor-power-5g-pin-khung.html,6050000.0,Qualcomm SM7550AB Snapdragon 7 Gen 3 8 nhân GPU Adreno 720,12.0,512.0,6.78,1224 x 2700,AMOLED,120.0,50,2.0,8000.0,Mật khẩu,Qualcomm SM7550-AB Snapdragon 7 Gen 3 (4 nm),Honor,Android,Medium,HD,M7550
OPPO A5 Pro,https://mobilecity.vn/dien-thoai/oppo-a5-pro-sieu-ben.html,6050000.0,MediaTek Dimensity 7300 8 nhân GPU MaliG615 MC2,12.0,512.0,6.7,1080 x 2412,AMOLED,120.0,50,2.0,6000.0,Vân tay,MediaTek Dimensity 7300 (4 nm),OPPO,Android,Medium,HD,Dimensity 7300
Samsung Galaxy M36 5G Chính hãng,https://mobilecity.vn/dien-thoai/samsung-galaxy-m36-5g-chinh-hang.html,6050000.0,Samsung Exynos 1380 5G 8 nhân GPU MaliG68 MP5,8.0,256.0,6.7,1080 x 2340,Super AMOLED,120.0,50,3.0,5000.0,Vân tay,Samsung Exynos 1380 5G (5 nm),Samsung,Android,Medium,HD,Exynos 1380 5
Vivo Y400 Pro Plus,https://mobilecity.vn/dien-thoai/vivo-y400-pro-plus-pin-8010mah.html,6150000.0,Qualcomm SM7750AB Snapdragon 7 Gen 4 8 nhân GPU Adreno 722,12.0,512.0,6.77,,AMOLED,144.0,50,1.0,8010.0,Mật khẩu,Qualcomm SM7750-AB Snapdragon 7 Gen 4 (4 nm),Vivo,Android,Medium,Unknown,M7750
Vivo Y300 Pro Plus,https://mobilecity.vn/dien-thoai/vivo-y300-pro-plus-pin-7k3.html,6150000.0,Qualcomm SM7635 Snapdragon 7s Gen 3 8 nhân GPU Adreno 710,12.0,512.0,6.77,1080 x 2392,AMOLED,120.0,50,2.0,7300.0,Vân tay,Qualcomm SM7635 Snapdragon 7s Gen 3 (4 nm),Vivo,Android,Medium,HD,M7635
OPPO Reno12 AI 5G,https://mobilecity.vn/dien-thoai/oppo-reno12-ai-5g-dimensity-8250.html,6150000.0,MediaTek Dimensity 8250 8 nhân GPU MaliG610 MC6,16.0,512.0,6.7,1080 x 2412,AMOLED,120.0,50,3.0,5000.0,Vân tay,MediaTek Dimensity 8250 (4 nm),OPPO,Android,Medium,HD,Dimensity 8250
Vivo Y37 Pro 5G,https://mobilecity.vn/dien-thoai/vivo-y37-pro-5g-pin-6000-mah.html,6250000.0,Qualcomm SM4450 Snapdragon 4 Gen 2 8 nhân GPU Adreno 613,8.0,256.0,6.68,720 x 1608,IPS LCD,120.0,50,2.0,6000.0,Vân tay,Qualcomm SM4450 Snapdragon 4 Gen 2 (4 nm),Vivo,Android,Medium,HD,M4450
Google Pixel 6a,https://mobilecity.vn/dien-thoai/google-pixel-6a.html,6250000.0,Google Tensor 8 nhân GPU MaliG78 MP20,6.0,128.0,6.1,1080 x 2400,OLED,60.0,12,2.0,4410.0,Vân tay,Google Tensor (5 nm),Google,Android,Medium,HD,Tensor 8
OPPO K11 5G,https://mobilecity.vn/dien-thoai/oppo-k11-5g-snapdragon-782g.html,6330000.0,Qualcomm Snapdragon 782G 8 nhân GPU Adreno 642L,12.0,512.0,6.7,1080 x 2400,AMOLED,120.0,50,3.0,5000.0,Mật khẩu,Qualcomm Snapdragon 782G (6 nm),OPPO,Android,Medium,HD,Snapdragon 782g
Samsung Galaxy S20 Ultra cũ 5G,https://mobilecity.vn/samsung/samsung-galaxy-s20-ultra-cu.html,6350000.0,Exynos 990 8 nhân GPU MaliG77 MP11 Qualcomm SM8250 Snapdragon 865 5G 8 nhân GPU Adreno 650,12.0,512.0,6.9,1440 x 3200,Dynamic AMOLED 2X,120.0,108,4.0,5000.0,Vân tay,Exynos 990 (7 nm+),Samsung,Android,Medium,FHD,M8250
OPPO A6 GT 5G,https://mobilecity.vn/dien-thoai/oppo-a6-gt-5g.html,6350000.0,Qualcomm SM7550AB Snapdragon 7 Gen 3 8 nhân GPU Adreno 720,12.0,512.0,6.8,1280 x 2800,AMOLED,120.0,50,2.0,7000.0,Vân tay,Qualcomm SM7550-AB Snapdragon 7 Gen 3 (4 nm),OPPO,Android,Medium,HD,M7550
Xiaomi Redmi K60 5G,https://mobilecity.vn/dien-thoai/xiaomi-redmi-k60.html,6350000.0,Qualcomm SM8475 Snapdragon 8 Gen 1 8 nhân GPU Adreno 730,16.0,512.0,6.67,1440 x 3200,OLED,120.0,64,3.0,5500.0,Mật khẩu,Qualcomm SM8475 Snapdragon 8+ Gen 1 (4 nm),Xiaomi,Android,Medium,FHD,M8475
Vivo iQOO Z10 5G,https://mobilecity.vn/dien-thoai/vivo-iqoo-z10-pin-sieu-lon.html,6450000.0,MediaTek Dimensity 8400 8 nhân GPU MaliG720 MC7,12.0,512.0,6.78,1260 x 2800,AMOLED,144.0,50,2.0,7000.0,Mật khẩu,MediaTek Dimensity 8400,Vivo,Android,Medium,HD,Dimensity 8400
Xiaomi Redmi K50 Gaming Edition cũ,https://mobilecity.vn/dien-thoai/xiaomi-redmi-k50-gaming-edition-cu.html,6450000.0,Qualcomm SM8450 Snapdragon 8 Gen 1 8 nhân GPU Adreno 730,12.0,256.0,6.67,1080 x 2400,OLED,120.0,64,3.0,4700.0,Mật khẩu,Qualcomm SM8450 Snapdragon 8 Gen 1 (4 nm),Xiaomi,Android,Medium,HD,M8450
Samsung Galaxy M35 5G,https://mobilecity.vn/dien-thoai/samsung-galaxy-m35-5g-pin-6000-mah.html,6450000.0,Exynos 1380 8 nhân GPU MaliG68 MP5,8.0,256.0,6.6,1080 x 2340,Super AMOLED,120.0,50,3.0,6000.0,Vân tay,Exynos 1380 (5 nm),Samsung,Android,Medium,HD,Exynos 1380 8
Realme GT 10000mAh,https://mobilecity.vn/dien-thoai/realme-gt-10000mah.html,6450000.0,MediaTek Dimensity 7300 8 nhân GPU MaliG615 MC2,16.0,512.0,6.7,1080 x 2400,AMOLED,120.0,50,1.0,10000.0,Mật khẩu,MediaTek Dimensity 7300 (4 nm),Realme,Android,Medium,HD,Dimensity 7300
Xiaomi Redmi Note 13 Pro Plus,https://mobilecity.vn/dien-thoai/xiaomi-redmi-note-13-pro-plus.html,6450000.0,MediaTek Dimensity 7200 Ultra 8 nhân GPU MaliG610 MC4,16.0,512.0,6.67,1220 x 2712,OLED,120.0,200,3.0,5000.0,Mật khẩu,MediaTek Dimensity 7200 Ultra (4 nm),Xiaomi,Android,Medium,HD,Dimensity 7200 ultra
ZTE Nubia Neo 3 GT 5G,https://mobilecity.vn/dien-thoai/zte-nubia-neo-3-gt-5g.html,6450000.0,Unisoc T9100 8 nhân GPU MaliG57,12.0,256.0,6.8,1080 x 2392,AMOLED,120.0,50,2.0,6000.0,Mật khẩu,Unisoc T9100 (6 nm),ZTE,Android,Medium,HD,Unisoc t9100 8
OnePlus Ace 2 Cũ 5G,https://mobilecity.vn/dien-thoai/oneplus-ace-2-cu-chip-sieu-manh.html,6550000.0,Qualcomm SM8475 Snapdragon 8 Gen 1 8 nhân GPU Adreno 730,16.0,512.0,6.74,1240 x 2772,AMOLED,120.0,50,3.0,5000.0,Vân tay,Qualcomm SM8475 Snapdragon 8+ Gen 1 (4 nm),OnePlus,Android,Medium,HD,M8475
Samsung Galaxy M52 Chính hãng,https://mobilecity.vn/samsung/samsung-galaxy-m52.html,6450000.0,Qualcomm SM7325 Snapdragon 778G 5G 8 nhân GPU Adreno 642L,8.0,128.0,6.7,1080 x 2400,Super AMOLED Plus,120.0,64,3.0,5000.0,Mật khẩu,Qualcomm SM7325 Snapdragon 778G 5G (6 nm),Samsung,Android,Medium,HD,M7325
Tecno CAMON 20 Premier 5G Chính hãng,https://mobilecity.vn/dien-thoai/tecno-camon-20-premier-5g-dimensity-8050.html,6490000.0,Mediatek Dimensity 8050 8 nhân GPU MaliG77 MC9,8.0,512.0,6.67,1080 x 2400,AMOLED,120.0,108,3.0,5000.0,Mật khẩu,Mediatek Dimensity 8050 (6 nm),Tecno,Android,Medium,HD,Dimensity 8050
Xiaomi Redmi K50 Gaming Edition,https://mobilecity.vn/xiaomi/xiaomi-redmi-k50-gaming-edition.html,6450000.0,Qualcomm SM8450 Snapdragon 8 Gen 1 8 nhân GPU Adreno 730,12.0,256.0,6.67,1080 x 2400,OLED,120.0,64,3.0,4700.0,Mật khẩu,Qualcomm SM8450 Snapdragon 8 Gen 1 (4 nm),Xiaomi,Android,Medium,HD,M8450
Xiaomi 12 Cũ,https://mobilecity.vn/dien-thoai/xiaomi-12-cu-snapdragon-8-gen-1.html,6500000.0,Qualcomm SM8450 Snapdragon 8 Gen 1 8 nhân GPU Adreno 730,12.0,256.0,6.28,1080 x 2400,AMOLED,120.0,50,3.0,4500.0,Mật khẩu,Qualcomm SM8450 Snapdragon 8 Gen 1 (4 nm),Xiaomi,Android,Medium,HD,M8450
Xiaomi POCO X6 5G,https://mobilecity.vn/dien-thoai/xiaomi-poco-x6-5g-cau-hinh-cao.html,6550000.0,Qualcomm SM7435AB Snapdragon 7s Gen 2 8 nhân GPU Adreno 710,12.0,512.0,6.67,1220 x 2712,AMOLED,120.0,64,3.0,5100.0,Vân tay,Qualcomm SM7435-AB Snapdragon 7s Gen 2 (4 nm),Xiaomi,Android,Medium,HD,M7435
Realme GT Neo 5 5G,https://mobilecity.vn/dien-thoai/realme-gt-neo-5-pin-5000-mah-sac-150w.html,6550000.0,Qualcomm SM8475 Snapdragon 8 Gen 1 8 nhân GPU Adreno 730,16.0,512.0,6.74,1240 x 2772,AMOLED,144.0,50,3.0,5000.0,Vân tay,Qualcomm SM8475 Snapdragon 8+ Gen 1 (4 nm),Realme,Android,Medium,HD,M8475
Realme GT 6T 5G,https://mobilecity.vn/dien-thoai/realme-gt-6t-5g-do-sang-6000nit.html,6550000.0,Qualcomm SM7675 Snapdragon 7 Gen 3 8 nhân GPU Adreno 732,12.0,128.0,6.78,1264 x 2780,LTPO AMOLED,120.0,50,2.0,5500.0,Vân tay,Qualcomm SM7675 Snapdragon 7+ Gen 3 (4 nm),Realme,Android,Medium,HD,M7675
Xiaomi Redmi Note 14S Chính hãng,https://mobilecity.vn/dien-thoai/xiaomi-redmi-note-14s.html,6650000.0,Mediatek Helio G99 Ultra 8 nhân GPU MaliG57 MC2,8.0,256.0,6.67,1080 x 2400,AMOLED,120.0,200,3.0,5000.0,Vân tay,Mediatek Helio G99 Ultra (6 nm),Xiaomi,Android,Medium,HD,Helio G99 ULTRA
OnePlus Nord CE 4 Lite 5G,https://mobilecity.vn/dien-thoai/oneplus-nord-ce-4-lite-5g-cau-hinh-cao.html,6590000.0,Qualcomm SM6375 Snapdragon 695 5G 8 nhân GPU Adreno 619,8.0,256.0,6.67,1080 x 2400,AMOLED,120.0,50,2.0,5500.0,Mật khẩu,Qualcomm SM6375 Snapdragon 695 5G (6 nm),OnePlus,Android,Medium,HD,M6375
OPPO A6 Pro 5G,https://mobilecity.vn/dien-thoai/oppo-a6-pro-5g.html,6650000.0,MediaTek Dimensity 7300 8 nhân GPU MaliG615 MC2,16.0,512.0,6.57,1080 x 2372,AMOLED,120.0,50,2.0,7000.0,Vân tay,MediaTek Dimensity 7300 (4 nm),OPPO,Android,Medium,HD,Dimensity 7300
POCO M8 5G,https://mobilecity.vn/dien-thoai/poco-m8.html,6850000.0,Snapdragon 6 Gen 3 8 nhân GPU Adreno 710,8.0,512.0,6.77,1080 x 2392,AMOLED,120.0,50,1.0,5520.0,Vân tay,Snapdragon 6 Gen 3,Xiaomi,Android,Medium,HD,Snapdragon 6 gen 3
Xiaomi Redmi Note 13R Pro 5G,https://mobilecity.vn/dien-thoai/xiaomi-redmi-note-13r-pro-gia-re.html,6780000.0,Mediatek Dimensity 6080 8 nhân GPU MaliG57 MC2,12.0,256.0,6.67,1080 x 2400,OLED,120.0,108,2.0,5000.0,Mật khẩu,Mediatek Dimensity 6080 (6 nm),Xiaomi,Android,Medium,HD,Dimensity 6080
Realme 13 Plus 5G Global,https://mobilecity.vn/dien-thoai/realme-13-plus-5g-dimensity-7300-energy.html,6850000.0,MediaTek Dimensity 7300 Energy 8 nhân GPU MaliG615 MC2,12.0,256.0,6.67,1080 x 2400,AMOLED,120.0,50,1.0,5000.0,Mật khẩu,MediaTek Dimensity 7300 Energy (4 nm),Realme,Android,Medium,HD,Dimensity 7300
Realme Narzo 60 Pro 5G Chính hãng,https://mobilecity.vn/dien-thoai/realme-narzo-60-pro-chinh-hang.html,6880000.0,Mediatek MT6877V Dimensity 7050 8 nhân GPU MaliG68 MC4,12.0,1024.0,6.7,1080 x 2412,AMOLED,120.0,100,2.0,5000.0,Mật khẩu,Mediatek MT6877V Dimensity 7050 (6 nm),Realme,Android,Medium,HD,Dimensity 7050
Vivo Y300 GT,https://mobilecity.vn/dien-thoai/vivo-y300-gt-pin-trau-gia-re.html,6850000.0,MediaTek Dimensity 8400 8 nhân GPU MaliG720 MC7,12.0,512.0,6.78,1260 x 2800,AMOLED,144.0,50,2.0,7620.0,"Vân tay, Face ID",MediaTek Dimensity 8400 (4 nm),Vivo,Android,Medium,HD,Dimensity 8400
Realme GT 7T,https://mobilecity.vn/dien-thoai/realme-gt-7t-hieu-nang-manh-me.html,6950000.0,MediaTek Dimensity 8400 Max 8 nhân GPU MaliG720 MC7,12.0,128.0,6.8,1280 x 2800,AMOLED,120.0,50,2.0,7000.0,Vân tay,MediaTek Dimensity 8400 Max (4 nm),Realme,Android,Medium,HD,Dimensity 8400 max
Realme 13 Pro Plus 5G,https://mobilecity.vn/dien-thoai/realme-13-pro-plus-thiet-ke-sang-trong.html,6950000.0,Qualcomm SM7435AB Snapdragon 7s Gen 2 8 nhân GPU Adreno 710,12.0,512.0,6.7,1080 x 2412,AMOLED,120.0,50,3.0,5200.0,Vân tay,Qualcomm SM7435-AB Snapdragon 7s Gen 2 (4 nm),Realme,Android,Medium,HD,M7435
OnePlus Nord N30 5G,https://mobilecity.vn/dien-thoai/oneplus-nord-n30-5g.html,6950000.0,Qualcomm SM6375 Snapdragon 695 5G 8 nhân GPU Adreno 619,8.0,128.0,6.72,1080 x 2400,IPS LCD,120.0,108,3.0,5000.0,Mật khẩu,Qualcomm SM6375 Snapdragon 695 5G (6 nm),OnePlus,Android,Medium,HD,M6375
OnePlus Nord CE 4 5G,https://mobilecity.vn/dien-thoai/oneplus-nord-ce-4-5g-snapdragon-7-gen-3.html,6950000.0,Snapdragon 7 Gen 3 8 nhân GPU Adreno 720,8.0,256.0,6.7,1080 x 2412,Fluid AMOLED,120.0,50,2.0,5500.0,Vân tay,Snapdragon 7 Gen 3 (4 nm),OnePlus,Android,Medium,HD,Snapdragon 7 gen 3
Vivo Y100 Chính hãng,https://mobilecity.vn/dien-thoai/vivo-y100-chinh-hang-snapdragon-685.html,6950000.0,Qualcomm SM6225 Snapdragon 685 8 nhân GPU Adreno 610,8.0,256.0,6.67,1080 x 2400,AMOLED E4,120.0,50,2.0,5000.0,Vân tay,Qualcomm SM6225 Snapdragon 685 (6 nm),Vivo,Android,Medium,HD,M6225
OnePlus Nord 4 5G,https://mobilecity.vn/dien-thoai/oneplus-nord-4-hieu-nang-sieu-manh.html,6950000.0,Qualcomm SM7675 Snapdragon 7 Gen 3 8 nhân GPU Adreno 732,16.0,128.0,6.74,1240 x 2772,Fluid AMOLED,120.0,50,2.0,5500.0,Mật khẩu,Qualcomm SM7675 Snapdragon 7+ Gen 3 (4 nm),OnePlus,Android,Medium,HD,M7675
OPPO K15 Turbo 5G,https://mobilecity.vn/dien-thoai/oppo-k15-turbo-5g.html,6950000.0,Dimensity 8500 8 nhân GPU Mali,16.0,512.0,6.59,1280 x 2800,AMOLED,120.0,50,2.0,7000.0,Mật khẩu,Dimensity 8500,OPPO,Android,Medium,HD,Dimensity 8500
Samsung Galaxy A54 5G,https://mobilecity.vn/dien-thoai/samsung-galaxy-a54-5g-pin-5100.html,6950000.0,Exynos 1380 8 nhân GPU MaliG69,8.0,256.0,6.4,1080 x 2340,Super AMOLED,120.0,50,3.0,5000.0,Mật khẩu,Exynos 1380 (5 nm),Samsung,Android,Medium,HD,Exynos 1380 8
Vivo iQOO Neo 9 Pro 5G,https://mobilecity.vn/dien-thoai/vivo-iqoo-neo-9-pro-5g.html,6950000.0,MediaTek Dimensity 9300 8 nhân GPU ImmortalisG720 MC12,16.0,1024.0,6.78,1260 x 2800,LTPO AMOLED,144.0,50,2.0,5160.0,Mật khẩu,MediaTek Dimensity 9300 (4 nm),Vivo,Android,Medium,HD,Dimensity 9300
Realme GT Neo 6 5G,https://mobilecity.vn/dien-thoai/realme-gt-neo-6-chip-sieu-manh.html,6950000.0,Qualcomm SM8635 Snapdragon 8s Gen 3 8 nhân GPU Adreno 735,16.0,1024.0,6.78,1264 x 2780,LTPO AMOLED,120.0,50,2.0,5500.0,Vân tay,Qualcomm SM8635 Snapdragon 8s Gen 3 (4 nm),Realme,Android,Medium,HD,M8635
Samsung Galaxy M44 5G,https://mobilecity.vn/dien-thoai/samsung-galaxy-m44-5g-pin-6000mAh.html,6950000.0,Qualcomm SM8350 Snapdragon 888 5G 8 nhân GPU Adreno 660,8.0,128.0,6.5,1080 x 2340,Super AMOLED,120.0,50,3.0,6000.0,Mật khẩu,Qualcomm SM8350 Snapdragon 888 5G (5 nm),Samsung,Android,Medium,HD,M8350
Vivo V40 Lite 5G - Tích hợp AI,https://mobilecity.vn/dien-thoai/vivo-v40-lite-idn.html,6990000.0,Qualcomm SM4450 Snapdragon 4 Gen 2 8 nhân GPU Adreno 613,12.0,512.0,6.67,1080 x 2400,AMOLED,120.0,50,2.0,5000.0,Vân tay,Qualcomm SM4450 Snapdragon 4 Gen 2 (4 nm),Vivo,Android,Medium,HD,M4450
OPPO Reno13 F Chính hãng,https://mobilecity.vn/dien-thoai/oppo-reno13-f-chinh-hang.html,6990000.0,MediaTek Helio G100 8 nhân GPU MaliG57 MC2,8.0,256.0,6.67,1080 x 2400,AMOLED,120.0,50,3.0,5800.0,Vân tay,MediaTek Helio G100 (6 nm),OPPO,Android,Medium,HD,Helio G100
Nothing Phone 5G,https://mobilecity.vn/dien-thoai/nothing-phone-3a-5g.html,7050000.0,Qualcomm SM7635 Snapdragon 7s Gen 3 8 nhân GPU Adreno 710,12.0,256.0,6.77,1080 x 2392,AMOLED,120.0,50,3.0,5000.0,Mật khẩu,Qualcomm SM7635 Snapdragon 7s Gen 3 (4 nm),Nothing,Android,Medium,HD,M7635
Samsung Galaxy C55 5G,https://mobilecity.vn/dien-thoai/samsung-galaxy-c55-5g-sac-45w.html,7050000.0,Qualcomm SM7450AB Snapdragon 7 Gen 1 8 nhân GPU Adreno 644,12.0,256.0,6.7,1080 x 2400,Super AMOLED+,120.0,50,3.0,5000.0,Vân tay,Qualcomm SM7450-AB Snapdragon 7 Gen 1 (4 nm),Samsung,Android,Medium,HD,M7450
Xiaomi REDMI Note 15 Pro Plus,https://mobilecity.vn/dien-thoai/xiaomi-redmi-note-15-pro-plus.html,7050000.0,Qualcomm SM7635 Snapdragon 7s Gen 4 8 nhân GPU Adreno 810,16.0,512.0,6.83,1220 x 2772,AMOLED,120.0,50,3.0,7500.0,Vân tay,Qualcomm SM7635 Snapdragon 7s Gen 4 (4 nm)),Xiaomi,Android,Medium,HD,M7635
Vivo iQOO Neo 10R 5G,https://mobilecity.vn/dien-thoai/vivo-iqoo-neo-10r-5g.html,7090000.0,Qualcomm Snapdragon 8s Gen 3 8 nhân GPU Adreno 735,12.0,256.0,6.78,1260 x 2800,AMOLED,144.0,50,2.0,6400.0,Vân tay,Qualcomm Snapdragon 8s Gen 3 (4 nm),Vivo,Android,Medium,HD,Snapdragon 8
OPPO Reno13 cũ,https://mobilecity.vn/dien-thoai/oppo-reno13-cu-gia-re.html,7050000.0,MediaTek Dimensity 8350 8 nhân GPU Mali G615MC6,16.0,1024.0,6.59,1256 x 2760,AMOLED,120.0,50,2.0,5600.0,Vân tay,MediaTek Dimensity 8350 (4 nm),OPPO,Android,Medium,HD,Dimensity 8350
Realme 11 Pro Plus 5G,https://mobilecity.vn/dien-thoai/realme-11-pro-plus.html,7150000.0,Mediatek Dimensity 7050 8 nhân GPU MaliG68,12.0,1024.0,6.7,1080 x 2412,AMOLED,120.0,200,3.0,5000.0,Mật khẩu,Mediatek Dimensity 7050,Realme,Android,Medium,HD,Dimensity 7050
Nothing Phone,https://mobilecity.vn/dien-thoai/nothing-phone-2a-chip-manh.html,7150000.0,MediaTek Dimensity 7200 Pro 8 nhân GPU MaliG610 MC4,12.0,256.0,6.7,1080 x 2412,AMOLED,120.0,50,2.0,5000.0,Mật khẩu,MediaTek Dimensity 7200 Pro (4 nm),Nothing,Android,Medium,HD,Dimensity 7200 pro
OPPO K10 5G,https://mobilecity.vn/dien-thoai/oppo-k10.html,7150000.0,MediaTek Dimensity 8000 Max 8 nhân GPU ARM Odin MC6 700MHz,12.0,256.0,6.59,1080 x 2412,IPS LCD,120.0,64,3.0,5000.0,Mật khẩu,MediaTek Dimensity 8000 Max (5 nm),OPPO,Android,Medium,HD,Dimensity 8000 max
OPPO A97,https://mobilecity.vn/dien-thoai/oppo-a97-dimensity-810.html,7200000.0,Dimensity 810 8 nhân GPU MaliG57 MC2,12.0,256.0,6.6,1080 x 2408,"IPS LCD, 90Hz",90.0,48,2.0,5000.0,Mật khẩu,Dimensity 810,OPPO,Android,Medium,HD,Dimensity 810
OnePlus Turbo 6V 5G,https://mobilecity.vn/dien-thoai/oneplus-turbo-6v-sieu-re.html,7250000.0,Snapdragon 7s Gen 4,16.0,256.0,6.78,1264 x 2780,AMOLED,144.0,50,1.0,9000.0,Vân tay,Snapdragon 7s Gen 4,OnePlus,Android,Medium,HD,Snapdragon 7
Google Pixel 6 Pro 5G,https://mobilecity.vn/dien-thoai/google-pixel-6-pro.html,7250000.0,Google Tensor 8 nhân GPU MaliG78 MP20,12.0,512.0,6.7,1440 x 3120,LTPO AMOLED,120.0,50,3.0,5003.0,Vân tay,Google Tensor (5 nm),Google,Android,Medium,FHD,Tensor 8
Realme 13 Pro Extreme Edition,https://mobilecity.vn/dien-thoai/realme-13-pro-extreme-edition.html,7350000.0,Qualcomm SM7435AB Snapdragon 7s Gen 2 8 nhân GPU Adreno 710,12.0,512.0,6.7,1080 x 2412,AMOLED,120.0,50,2.0,5200.0,Vân tay,Qualcomm SM7435-AB Snapdragon 7s Gen 2 (4 nm),Realme,Android,Medium,HD,M7435
"Nubia Red Magic 7 Cũ 5G 99,9%",https://mobilecity.vn/dien-thoai/red-magic-7-cu-snapdragon-8-gen1.html,7350000.0,Qualcomm SM8450 Snapdragon 8 Gen1 8 nhân GPU Adreno 730,18.0,512.0,6.8,1080 x 2400,AMOLED,165.0,64,3.0,4500.0,Mật khẩu,Qualcomm SM8450 Snapdragon 8 Gen1 (4 nm),Nubia,Android,Medium,HD,M8450
Xiaomi Redmi K70,https://mobilecity.vn/dien-thoai/xiaomi-redmi-k70-cau-hinh-manh.html,7350000.0,Qualcomm SM8550AB Snapdragon 8 Gen 2 8 nhân GPU Adreno 740,16.0,1024.0,6.67,1440 x 3200,OLED,120.0,50,3.0,5000.0,Vân tay,Qualcomm SM8550-AB Snapdragon 8 Gen 2 (4 nm),Xiaomi,Android,Medium,FHD,M8550
Xiaomi POCO X4 GT,https://mobilecity.vn/dien-thoai/xiaomi-poco-x4-gt.html,7350000.0,MediaTek Dimensity 8100 8 nhân GPUMaliG610 MC6,8.0,256.0,6.6,1080 x 2460,IPS LCD,144.0,64,3.0,5080.0,Mật khẩu,MediaTek Dimensity 8100 (5 nm),Xiaomi,Android,Medium,HD,Dimensity 8100
Realme 14 Pro 5G Global,https://mobilecity.vn/dien-thoai/realme-14-pro-5g-camera-dep.html,7350000.0,MediaTek Dimensity 7300 Energy 8 nhân GPU MaliG615 MC2,12.0,256.0,6.77,1080 x 2392,OLED,120.0,50,2.0,6000.0,Mật khẩu,MediaTek Dimensity 7300 Energy (4 nm),Realme,Android,Medium,HD,Dimensity 7300
Samsung Galaxy M56 Chính hãng,https://mobilecity.vn/dien-thoai/samsung-galaxy-m56-chinh-hang.html,7450000.0,Exynos 1480 8 nhân GPU Xclipse 530,8.0,256.0,6.74,1080 x 2340,Super AMOLED Plus,120.0,50,3.0,5000.0,Vân tay,Exynos 1480 (4 nm),Samsung,Android,Medium,HD,Exynos 1480 8
OPPO A6 Pro Chính hãng,https://mobilecity.vn/dien-thoai/oppo-a6-pro-chinh-hang-pin-7000mah.html,7450000.0,MediaTek Helio G100 8 nhân GPU MaliG57 MC2,8.0,256.0,6.57,1080 x 2372,AMOLED,120.0,50,2.0,7000.0,Mật khẩu,MediaTek Helio G100 (6 nm),OPPO,Android,Medium,HD,Helio G100
OnePlus Ace 5V,https://mobilecity.vn/dien-thoai/oneplus-ace-5v-chip-manh.html,7450000.0,MediaTek Dimensity 9300 8 nhân GPU ImmortalisG720 MC12,16.0,1024.0,6.74,1240 x 2772,AMOLED,120.0,50,2.0,7000.0,Mật khẩu,MediaTek Dimensity 9300 (4 nm),OnePlus,Android,Medium,HD,Dimensity 9300
Samsung Galaxy A55 Chính hãng,https://mobilecity.vn/dien-thoai/samsung-galaxy-a55-chinh-hang.html,7450000.0,Exynos 1480 8 nhân GPU Samsung Xclipse 530,12.0,256.0,6.6,1080 x 2340,Super AMOLED,120.0,50,3.0,5000.0,Vân tay,Exynos 1480 (4 nm),Samsung,Android,Medium,HD,Exynos 1480 8
Vivo iQOO Neo 6 Cũ,https://mobilecity.vn/dien-thoai/vivo-iqoo-neo-6-cu-snapdragon-8-gen-1-camera-64mp-ois.html,7450000.0,Qualcomm SM8450 Snapdragon 8 Gen 1 8 nhân GPU Adreno 730,12.0,256.0,6.62,1080 x 2400,AMOLED,120.0,64,3.0,4700.0,Vân tay,Qualcomm SM8450 Snapdragon 8 Gen 1 (4 nm),Vivo,Android,Medium,HD,M8450
Samsung Galaxy A34 5G Chính hãng,https://mobilecity.vn/dien-thoai/samsung-galaxy-a34-5g-pin-trau.html,7450000.0,Mediatek MT6877V Dimensity 1080 8 nhân GPU MaliG68 MC4,8.0,256.0,6.6,1080 x 2340,Super AMOLED,120.0,48,3.0,5000.0,Mật khẩu,Mediatek MT6877V Dimensity 1080 (6 nm),Samsung,Android,Medium,HD,Dimensity 1080
Xiaomi POCO F5 5G,https://mobilecity.vn/dien-thoai/xiaomi-poco-f5-5g.html,7450000.0,Qualcomm SM7475AB Snapdragon 7 Gen 2 8 nhân GPU Adreno 725,12.0,256.0,6.67,1080 x 2400,AMOLED,120.0,64,3.0,5000.0,Mật khẩu,Qualcomm SM7475-AB Snapdragon 7+ Gen 2 (4 nm),Xiaomi,Android,Medium,HD,M7475
iPhone 12 mini cũ,https://mobilecity.vn/apple/iphone-12-mini-cu.html,9450000.0,Apple A14 Bionic 6 nhân GPU Apple GPU,4.0,256.0,5.4,1080 x 2340,Super Retina XDR OLED,60.0,12,2.0,2227.0,Mật khẩu,Apple A14 Bionic (5 nm),Apple,iOS,High,HD,A14 Bionic
Samsung Galaxy Note 20 Ultra Cũ 5G,https://mobilecity.vn/samsung/samsung-galaxy-note-20-ultra-cu.html,7450000.0,Exynos 990 Việt Nam 8 nhân GPU Adreno 650 Snapdragon 865 5G Hàn Quốc Mỹ 8 nhân GPU MaliG77 MP11,12.0,512.0,6.9,1440 x 3088,Dynamic AMOLED 2X,120.0,108,3.0,4500.0,Vân tay,Exynos 990 (7 nm+) - Việt Nam,Samsung,Android,Medium,FHD,Snapdragon 865
Samsung Galaxy A53 5G,https://mobilecity.vn/dien-thoai/samsung-galaxy-a53-5g.html,7450000.0,Exynos 1280 8 nhân GPU MaliG68,8.0,128.0,6.5,1080 x 2400,Super AMOLED,120.0,64,4.0,5000.0,Mật khẩu,Exynos 1280 (5nm),Samsung,Android,Medium,HD,Exynos 1280 8
Xiaomi REDMI Turbo 5,https://mobilecity.vn/dien-thoai/xiaomi-redmi-turbo-5.html,7450000.0,MediaTek Dimensity 8500 Ultra 8 nhân GPU MaliG720 MC8,16.0,512.0,6.59,1268 x 2756,AMOLED,120.0,50,2.0,7560.0,Mật khẩu,MediaTek Dimensity 8500 Ultra (4 nm),Xiaomi,Android,Medium,HD,Dimensity 8500 ultra
Samsung Galaxy M55 5G,https://mobilecity.vn/dien-thoai/samsung-galaxy-m55-5g-chip-manh.html,7550000.0,Snapdragon 7 Gen 1 8 nhân GPU Adreno 644,8.0,256.0,6.7,1080 x 2400,Super AMOLED Plus,120.0,50,3.0,5000.0,Mật khẩu,Snapdragon 7 Gen 1,Samsung,Android,Medium,HD,Snapdragon 7 gen 1
Xiaomi POCO X7 Pro Chính hãng,https://mobilecity.vn/dien-thoai/xiaomi-poco-x7-pro-5g.html,7650000.0,MediaTek Dimensity 8400 Ultra 8 nhân GPU MaliG720 MC7,12.0,512.0,6.67,1220 x 2712,AMOLED,120.0,50,2.0,6000.0,Vân tay,MediaTek Dimensity 8400 Ultra (4 nm),Xiaomi,Android,Medium,HD,Dimensity 8400 ultra
Realme P4 Pro 5G,https://mobilecity.vn/dien-thoai/realme-p4-pro-5g.html,7590000.0,Qualcomm SM7750AB Snapdragon 7 Gen 4 8 nhân GPU Adreno 722,12.0,256.0,6.8,1280 x 2800,OLED,144.0,50,2.0,7000.0,Vân tay,Qualcomm SM7750-AB Snapdragon 7 Gen 4 (4 nm),Realme,Android,Medium,HD,M7750
Honor 400 5G cũ,https://mobilecity.vn/dien-thoai/honor-400-5g-cu.html,7800000.0,Qualcomm SM7550AB Snapdragon 7 Gen 3 8 nhân GPU Adreno 720,12.0,512.0,6.55,1264 x 2736,AMOLED,120.0,200,2.0,6000.0,Vân tay,Qualcomm SM7550-AB Snapdragon 7 Gen 3 (4 nm),Honor,Android,Medium,HD,M7550
OnePlus Nord CE 5,https://mobilecity.vn/dien-thoai/oneplus-nord-ce-5-pin-7k.html,7650000.0,MediaTek Dimensity 8350 Apex 8 nhân GPU Mali G615MC6,12.0,256.0,6.77,1080 x 2392,Fluid AMOLED,120.0,50,2.0,5200.0,Vân tay,MediaTek Dimensity 8350 Apex (4 nm),OnePlus,Android,Medium,HD,Dimensity 8350
OnePlus Nord CE 3 5G,https://mobilecity.vn/dien-thoai/oneplus-nord-ce-3-snapdragon-782g.html,7750000.0,Qualcomm Snapdragon 782G 8 nhân GPU Adreno 642L,12.0,256.0,6.7,1080 x 2412,Fluid AMOLED,120.0,50,3.0,5000.0,Mật khẩu,Qualcomm Snapdragon 782G (6 nm),OnePlus,Android,Medium,HD,Snapdragon 782g
POCO M8 Pro,https://mobilecity.vn/dien-thoai/poco-m8-pro-5g-snapdragon.html,7850000.0,Qualcomm SM7635 Snapdragon 7s Gen 4 8 nhân GPU Adreno 810,16.0,512.0,6.83,1220 x 2772,AMOLED,120.0,50,2.0,6500.0,Vân tay,Qualcomm SM7635 Snapdragon 7s Gen 4 (4 nm),Xiaomi,Android,Medium,HD,M7635
Xiaomi 12S Ultra cũ,https://mobilecity.vn/dien-thoai/xiaomi-12s-ultra-cu-snapdragon-8-plus-gen-1.html,7850000.0,Qualcomm SM8475 Snapdragon 8 Gen 1 8 nhân GPU Adreno 730,12.0,512.0,6.73,1440 x 3200,LTPO2 AMOLED,120.0,50,3.0,4860.0,Vân tay,Qualcomm SM8475 Snapdragon 8+ Gen 1 (4 nm),Xiaomi,Android,Medium,FHD,M8475
Xiaomi Redmi Note 13 Pro Plus AAPE Trend Limited Edition,https://mobilecity.vn/dien-thoai/xiaomi-redmi-note-13-pro-plus-aape-trend-limited-edition.html,7850000.0,MediaTek Dimensity 7200 Ultra 8 nhân GPU MaliG610 MC4,12.0,512.0,6.67,1220 x 2712,OLED,120.0,200,3.0,5000.0,Mật khẩu,MediaTek Dimensity 7200 Ultra (4 nm),Xiaomi,Android,Medium,HD,Dimensity 7200 ultra
OPPO K15 Turbo Pro 5G,https://mobilecity.vn/dien-thoai/oppo-k15-turbo-pro-5g.html,7950000.0,Snapdragon 8 Gen 5 8 nhân GPU Adreno,16.0,512.0,6.59,1280 x 2800,AMOLED,120.0,50,2.0,7000.0,Mật khẩu,Snapdragon 8 Gen 5,OPPO,Android,Medium,HD,Snapdragon 8 gen 5
Realme 11 4G Chính hãng,https://mobilecity.vn/dien-thoai/realme-11-4g-chinh-hang.html,7950000.0,Mediatek MT8781 Helio G99 8 nhân GPU MaliG57 MC2,8.0,256.0,6.4,1080 x 2400,Super AMOLED,90.0,108,2.0,5000.0,Mật khẩu,Mediatek MT8781 Helio G99 (6nm),Realme,Android,Medium,HD,Helio G99
Vivo Y31d Chính hãng,https://mobilecity.vn/dien-thoai/vivo-y31d-chinh-hang.html,7950000.0,Snapdragon 6s 4G Gen 2 8 nhân GPU Adreno,8.0,128.0,6.75,720 x 1570,IPS LCD,120.0,50,1.0,7200.0,Vân tay,Snapdragon 6s 4G Gen 2 (6 nm),Vivo,Android,Medium,HD,Snapdragon 6
Realme GT 2 Master Explorer Edition cũ,https://mobilecity.vn/dien-thoai/realme-gt-2-master-cu-pin-5000mah.html,7950000.0,Qualcomm SM8475 Snapdragon 8 Gen 1 8 nhân GPU Adreno 730,12.0,256.0,6.7,1080 x 2400,OLED,120.0,50,3.0,5000.0,Vân tay,Qualcomm SM8475 Snapdragon 8+ Gen 1 (4 nm),Realme,Android,Medium,HD,M8475
OPPO A6 Pro 5G Chính hãng,https://mobilecity.vn/dien-thoai/oppo-a6-pro-5g-chinh-hang.html,7950000.0,MediaTek Dimensity 6300 8 nhân GPU MaliG57 MC2,12.0,256.0,6.57,1080 x 2372,AMOLED,120.0,50,2.0,7000.0,Mật khẩu,MediaTek Dimensity 6300 (6 nm),OPPO,Android,Medium,HD,Dimensity 6300
Xiaomi Redmi K50 Extreme Edition,https://mobilecity.vn/dien-thoai/xiaomi-redmi-k50-extreme-edition.html,7950000.0,Qualcomm SM8475 Snapdragon 8 Gen 1 8 nhân GPU Adreno 730,12.0,512.0,6.67,1220 x 2712,OLED,144.0,108,3.0,5000.0,Vân tay,Qualcomm SM8475 Snapdragon 8+ Gen 1 (4 nm),Xiaomi,Android,Medium,HD,M8475
Xiaomi Mi 11 Lite 5G Chính hãng DGW,https://mobilecity.vn/xiaomi/xiaomi-mi-11-lite-5g-chinh-hang.html,7950000.0,Qualcomm Snapdragon 780G 8 nhân GPU Adreno 642,8.0,256.0,6.55,1080 x 2400,AMOLED,90.0,64,3.0,4250.0,Mật khẩu,"Qualcomm Snapdragon 780G (5 nm),",Xiaomi,Android,Medium,HD,Snapdragon 780g
Xiaomi Redmi K50 Ultra,https://mobilecity.vn/dien-thoai/xiaomi-redmi-k50-ultra.html,7950000.0,Qualcomm SM8475 Snapdragon 8 Gen 1 8 nhân GPU Adreno 730,12.0,512.0,6.67,1220 x 2712,OLED,144.0,108,3.0,5000.0,Vân tay,Qualcomm SM8475 Snapdragon 8+ Gen 1 (4 nm),Xiaomi,Android,Medium,HD,M8475
Honor 60 SE,https://mobilecity.vn/dien-thoai/honor-60-se.html,7950000.0,MediaTek MT6877 Dimensity 900 5G 8 nhân GPU MaliG68 MC4,8.0,265.0,6.67,1080 x 2400,OLED,120.0,64,1.0,4300.0,Vân tay,MediaTek MT6877 Dimensity 900 5G (6 nm),Honor,Android,Medium,HD,Dimensity 900
Xiaomi 12T Cũ DGW,https://mobilecity.vn/dien-thoai/xiaomi-12t-cu-dgw-dimensity-8100-ultra.html,7950000.0,MediaTek Dimensity 8100Ultra 8 nhân GPU MaliG610 MC6,8.0,256.0,6.67,1220 x 2712,AMOLED,120.0,108,3.0,5000.0,Vân tay,MediaTek Dimensity 8100-Ultra,Xiaomi,Android,Medium,HD,Dimensity 8100ultra
Nothing Phone Plus,https://mobilecity.vn/dien-thoai/nothing-phone-3a-plus.html,7950000.0,Mediatek Dimensity 7350 Pro 8 nhân GPU MaliG610 MC4,12.0,256.0,6.7,1080 x 2412,AMOLED,120.0,50,2.0,5000.0,Mật khẩu,Mediatek Dimensity 7350 Pro (4 nm),Nothing,Android,Medium,HD,Dimensity 7350 pro
Xiaomi POCO F4 5G,https://mobilecity.vn/dien-thoai/xiaomi-poco-f4.html,7950000.0,Qualcomm SM8250AC Snapdragon 870 5G 8 nhân GPU Adreno 650,12.0,256.0,6.67,1080 x 2400,AMOLED,120.0,64,3.0,4500.0,Mật khẩu,Qualcomm SM8250-AC Snapdragon 870 5G (7 nm),Xiaomi,Android,Medium,HD,M8250
Honor X9c 5G Chính hãng,https://mobilecity.vn/dien-thoai/honor-x9c-5g-chinh-hang.html,7990000.0,Qualcomm SM6450 Snapdragon 6 Gen 1 8 nhân GPU Adreno 710,12.0,512.0,6.78,1224 x 2700,AMOLED,120.0,108,2.0,6600.0,Vân tay,Qualcomm SM6450 Snapdragon 6 Gen 1 (4 nm),Honor,Android,Medium,HD,M6450
Xiaomi POCO X6 Pro 5G,https://mobilecity.vn/dien-thoai/xiaomi-poco-x6-pro-5g-man-hinh-oled.html,7990000.0,MediaTek Dimensity 8300 Ultra 8 nhân GPU Mali G615MC6,12.0,512.0,6.67,1220 x 2712,AMOLED,120.0,64,3.0,5000.0,Vân tay,MediaTek Dimensity 8300 Ultra (4 nm),Xiaomi,Android,Medium,HD,Dimensity 8300 ultra
OPPO Reno13 F 5G Chính hãng,https://mobilecity.vn/dien-thoai/oppo-reno13-f-5g-chinh-hang.html,7990000.0,Qualcomm SM6450 Snapdragon 6 Gen 1 8 nhân GPU Adreno 710,12.0,256.0,6.67,1080 x 2400,AMOLED,120.0,50,3.0,5800.0,Vân tay,Qualcomm SM6450 Snapdragon 6 Gen 1 (4 nm),OPPO,Android,Medium,HD,M6450
Xiaomi REDMI Turbo 5 Pro,https://mobilecity.vn/dien-thoai/xiaomi-redmi-turbo-5-pro.html,8150000.0,Qualcomm Snapdragon 8s Gen 5 8 nhân GPU Adreno 8xx,16.0,1024.0,6.83,1280 x 2772,AMOLED,120.0,50,2.0,8000.0,Mật khẩu,Qualcomm Snapdragon 8s Gen 5 (4 nm),Xiaomi,Android,High,HD,Snapdragon 8
Realme P3 Ultra,https://mobilecity.vn/dien-thoai/realme-p3-ultra-ip69.html,8150000.0,MediaTek Dimensity 8350 Ultra 8 nhân GPU Mali G615MC6,12.0,256.0,6.83,1272 x 2800,AMOLED,120.0,50,2.0,6000.0,Vân tay,MediaTek Dimensity 8350 Ultra (4 nm),Realme,Android,High,HD,Dimensity 8350 ultra
Realme 14 Pro Plus 5G,https://mobilecity.vn/dien-thoai/realme-14-pro-plus-manh-me.html,8250000.0,Qualcomm SM7635 Snapdragon 7s Gen 3 8 nhân GPU Adreno 710,12.0,512.0,6.83,1272 x 2800,OLED,120.0,50,3.0,6000.0,Mật khẩu,Qualcomm SM7635 Snapdragon 7s Gen 3 (4 nm),Realme,Android,High,HD,M7635
Samsung Galaxy F54,https://mobilecity.vn/dien-thoai/samsung-galaxy-f54-chinh-hang-exynos1380.html,8450000.0,Exynos 1380 8 nhân GPU MaliG68 MP5,8.0,256.0,6.7,1080 x 2400,Super AMOLED Plus,120.0,108,3.0,6000.0,Mật khẩu,Exynos 1380,Samsung,Android,High,HD,Exynos 1380 8
Xiaomi 13T Cũ DGW 99%,https://mobilecity.vn/dien-thoai/xiaomi-13t-cu-dgw-99-dimensity-8200-ultra.html,8450000.0,MediaTek Dimensity 8200 Ultra 8 nhân GPU MaliG610 MC6,12.0,256.0,6.67,1220 x 2712,AMOLED,144.0,50,3.0,5000.0,Mật khẩu,MediaTek Dimensity 8200 Ultra (4 nm),Xiaomi,Android,High,HD,Dimensity 8200 ultra
OPPO Reno12 F 5G Chính hãng,https://mobilecity.vn/dien-thoai/oppo-reno12-f-5g-dimensity-6300.html,8350000.0,MediaTek Dimensity 6300 8 nhân GPU MaliG57 MC2,12.0,256.0,6.67,1080 x 2400,AMOLED,120.0,50,3.0,5000.0,Vân tay,MediaTek Dimensity 6300 (6 nm),OPPO,Android,High,HD,Dimensity 6300
Asus ROG Phone 6 Cũ,https://mobilecity.vn/dien-thoai/asus-rog-phone-6-cu-man-165hz-pin-6000-mah.html,8450000.0,Qualcomm SM8475 Snapdragon 8 Gen 1 8 nhân GPU Adreno 730,16.0,512.0,6.78,1080 x 2448,AMOLED,165.0,50,3.0,6000.0,Mật khẩu,Qualcomm SM8475 Snapdragon 8+ Gen 1 (4 nm),Asus,Android,High,HD,M8475
Xiaomi Redmi Note 12 Turbo Harry Potter,https://mobilecity.vn/dien-thoai/redmi-note-12-turbo-harry-potter.html,8450000.0,Qualcomm SM7475AB Snapdragon 7 Gen 2 8 nhân GPU Adreno 725,12.0,256.0,6.67,1080 x 2400,OLED,120.0,64,3.0,5000.0,Mật khẩu,Qualcomm SM7475-AB Snapdragon 7+ Gen 2 (4 nm),Xiaomi,Android,High,HD,M7475
Vivo iQOO Neo 10S,https://mobilecity.vn/dien-thoai/vivo-iqoo-neo-10s-pin-khung.html,8450000.0,Qualcomm SM8750AB Snapdragon 8 Elite 8 nhân GPU Adreno 830,16.0,1024.0,6.78,2560 x 1440,AMOLED,120.0,50,2.0,7000.0,Vân tay,Qualcomm SM8750-AB Snapdragon 8 Elite (3 nm),Vivo,Android,High,2K,M8750
Nothing Phone Plus,https://mobilecity.vn/dien-thoai/nothing-phone-2a-plus.html,8450000.0,MediaTek Dimensity 7350 Pro 8 nhân GPU MaliG610 MC4,12.0,256.0,6.7,1080 x 2412,AMOLED,120.0,50,2.0,5000.0,Mật khẩu,MediaTek Dimensity 7350 Pro (4 nm),Nothing,Android,High,HD,Dimensity 7350 pro
Nothing Phone Pro,https://mobilecity.vn/dien-thoai/nothing-phone-3a-pro-amoled-120hz.html,8450000.0,Qualcomm SM7635 Snapdragon 7s Gen 3 8 nhân GPU Adreno 710,12.0,256.0,6.77,1080 x 2392,AMOLED,120.0,50,3.0,5000.0,Mật khẩu,Qualcomm SM7635 Snapdragon 7s Gen 3 (4 nm),Nothing,Android,High,HD,M7635
Samsung Galaxy S21 FE 5G,https://mobilecity.vn/samsung/samsung-galaxy-s21-fe.html,8450000.0,Exynos 2100 8 nhân GPU MaliG78 MP14,8.0,256.0,6.4,1080 x 2400,Dynamic AMOLED 2X,120.0,12,3.0,4500.0,Vân tay,Exynos 2100 (5 nm),Samsung,Android,High,HD,Exynos 2100 8
Nubia Red Magic 7,https://mobilecity.vn/zte/nubia-red-magic-7.html,8450000.0,Qualcomm SM8450 Snapdragon 8 Gen1 8 nhân GPU Adreno 730,18.0,512.0,6.8,1080 x 2400,AMOLED,165.0,64,3.0,4500.0,Mật khẩu,Qualcomm SM8450 Snapdragon 8 Gen1 (4 nm),Nubia,Android,High,HD,M8450
Vivo V40e 5G,https://mobilecity.vn/dien-thoai/vivo-v40e-5g-dimensity-7300.html,8550000.0,MediaTek Dimensity 7300 8 nhân GPU MaliG615 MC2,8.0,256.0,6.77,1080 x 2392,AMOLED,120.0,50,2.0,5500.0,Vân tay,MediaTek Dimensity 7300 (4 nm),Vivo,Android,High,HD,Dimensity 7300
Tecno Phantom X2 Pro 5G,https://mobilecity.vn/dien-thoai/tecno-phantom-x2-pro-5g-dimensity-9000.html,8550000.0,MediaTek Dimensity 9000 8 nhân GPU MaliG710 MC10,12.0,256.0,6.8,1080 x 2400,AMOLED,120.0,50,3.0,5160.0,Mật khẩu,MediaTek Dimensity 9000 (4 nm),Tecno,Android,High,HD,Dimensity 9000
Vivo V50e 5G,https://mobilecity.vn/dien-thoai/vivo-v50e-5g-dimensity-7300.html,8650000.0,MediaTek Dimensity 7300 8 nhân GPU MaliG615 MC2,8.0,256.0,6.77,1080 x 2392,AMOLED,120.0,50,2.0,5600.0,Vân tay,MediaTek Dimensity 7300 (4 nm),Vivo,Android,High,HD,Dimensity 7300
OnePlus Turbo 6,https://mobilecity.vn/dien-thoai/oneplus-turbo-6-9000-mah.html,8750000.0,Qualcomm SM8735 Snapdragon 8s Gen 4 8 nhân GPU Adreno 825,16.0,1024.0,6.78,1264 x 2780,AMOLED,165.0,50,1.0,9000.0,Vân tay,Qualcomm SM8735 Snapdragon 8s Gen 4 (4 nm),OnePlus,Android,High,HD,M8735
Xiaomi Redmi K70 Ultra 5G,https://mobilecity.vn/dien-thoai/xiaomi-redmi-k70-ultra-5g.html,8750000.0,MediaTek Dimensity 9300 8 nhân GPU ImmortalisG720 MC12,24.0,1024.0,6.67,1220 x 2712,OLED,144.0,50,3.0,5500.0,Mật khẩu,MediaTek Dimensity 9300+ (4 nm),Xiaomi,Android,High,HD,Dimensity 9300
Google Pixel 8a 5G,https://mobilecity.vn/dien-thoai/google-pixel-8a-5g-tensor-g3.html,8850000.0,Google Tensor G3 9 nhân GPU ImmortalisG715s MC10,8.0,256.0,6.1,1080 x 2400,OLED,120.0,64,2.0,4492.0,Mật khẩu,Google Tensor G3 (4 nm),Google,Android,High,HD,Tensor G3
OPPO Reno13 cũ Chính hãng,https://mobilecity.vn/dien-thoai/oppo-reno13-cu-chinh-hang.html,8900000.0,MediaTek Dimensity 8350 8 nhân GPU Mali G615MC6,16.0,1024.0,6.59,1256 x 2760,AMOLED,120.0,50,2.0,5600.0,Vân tay,MediaTek Dimensity 8350 (4 nm),OPPO,Android,High,HD,Dimensity 8350
Xiaomi Redmi K60 Pro 5G,https://mobilecity.vn/dien-thoai/xiaomi-redmi-k60-pro.html,8950000.0,Qualcomm SM8550 Snapdragon 8 Gen 2 8 nhân GPU Adreno 740,16.0,512.0,6.67,1440 x 3200,OLED,120.0,54,3.0,5000.0,Mật khẩu,Qualcomm SM8550 Snapdragon 8 Gen 2 (4 nm),Xiaomi,Android,High,FHD,M8550
Honor GT2 5G,https://mobilecity.vn/dien-thoai/honor-gt2-5g.html,8950000.0,Qualcomm SM8750AB Snapdragon 8 Elite 8 nhân GPU Adreno 830,16.0,1024.0,6.7,1200 x 2664,LTPO AMOLED,120.0,50,2.0,9000.0,Mật khẩu,Qualcomm SM8750-AB Snapdragon 8 Elite (3 nm),Honor,Android,High,HD,M8750
Realme 12 Pro Plus 5G,https://mobilecity.vn/dien-thoai/realme-12-pro-plus-thiet-ke-dep.html,8950000.0,Qualcomm SM7435AB Snapdragon 7s Gen 2 8 nhân GPU Adreno 710,12.0,256.0,6.7,1080 x 2412,AMOLED,120.0,64,3.0,5000.0,Vân tay,Qualcomm SM7435-AB Snapdragon 7s Gen 2 (4 nm),Realme,Android,High,HD,M7435
OPPO Reno11 F 5G,https://mobilecity.vn/dien-thoai/oppo-reno11-f-5g-dimensity-7050.html,8950000.0,Mediatek Dimensity 7050 8 nhân GPU MaliG68 MC4,8.0,256.0,6.7,1080 x 2412,AMOLED,120.0,64,3.0,5000.0,"Vân tay, Face ID",Mediatek Dimensity 7050 (6 nm),OPPO,Android,High,HD,Dimensity 7050
OnePlus Ace Pro Cũ 5G,https://mobilecity.vn/dien-thoai/oneplus-ace-pro-cu-5g-snapdragon-8-plus-gen-1.html,8950000.0,Qualcomm SM8475 Snapdragon 8 Gen 1 8 nhân GPU Adreno 730,16.0,512.0,6.7,1080 x 2412,Fluid AMOLED,120.0,50,3.0,4800.0,Vân tay,Qualcomm SM8475 Snapdragon 8+ Gen 1 (4 nm),OnePlus,Android,High,HD,M8475
Xiaomi POCO F4 GT Cũ,https://mobilecity.vn/dien-thoai/xiaomi-poco-f4-gt-cu-snapdragon-8-gen-1.html,8950000.0,Qualcomm SM8450 Snapdragon 8 Gen 1 8 nhân GPU Adreno 730,12.0,256.0,6.67,1080 x 2400,AMOLED,120.0,64,3.0,4700.0,Mật khẩu,Qualcomm SM8450 Snapdragon 8 Gen 1 (4 nm),Xiaomi,Android,High,HD,M8450
Vivo V50 Lite Chính hãng,https://mobilecity.vn/dien-thoai/vivo-v50-lite-chinh-hang-sac-90w.html,8950000.0,Qualcomm SM6225 Snapdragon 685 8 nhân GPU Adreno 610,8.0,256.0,6.77,1080 x 2392,AMOLED,120.0,50,2.0,6500.0,Vân tay,Qualcomm SM6225 Snapdragon 685 (6 nm),Vivo,Android,High,HD,M6225
Vivo V60e 5G,https://mobilecity.vn/dien-thoai/vivo-v60e-5g-dimensity-7360-turbo.html,8950000.0,Mediatek Dimensity 7360 Turbo 8 nhân GPU MaliG615 MC2,12.0,256.0,6.77,1080 x 2392,AMOLED,120.0,200,2.0,6500.0,Vân tay,Mediatek Dimensity 7360 Turbo (4 nm),Vivo,Android,High,HD,Dimensity 7360
Vivo V60 Lite Chính hãng,https://mobilecity.vn/dien-thoai/vivo-v60-lite-chinh-hang.html,8950000.0,Qualcomm SM6225 Snapdragon 685 8 nhân GPU Adreno 610,8.0,256.0,6.77,1080 x 2392,AMOLED,120.0,50,2.0,6500.0,Mật khẩu,Qualcomm SM6225 Snapdragon 685 (6 nm),Vivo,Android,High,HD,M6225
POCO X8 Pro Max,https://mobilecity.vn/dien-thoai/poco-x8-pro-max.html,8950000.0,MediaTek Dimensity 9500S 8 nhân GPU ImmortalisG925 12 nhân,12.0,512.0,6.83,1280 x 2772,AMOLED,120.0,50,2.0,8500.0,Mật khẩu,MediaTek Dimensity 9500S (3 nm),Xiaomi,Android,High,HD,Dimensity 9500
Vivo iQOO Neo 10S Pro,https://mobilecity.vn/dien-thoai/vivo-iqoo-neo-10s-pro-sieu-manh.html,8950000.0,Mediatek Dimensity 9400 Plus 8 nhân,16.0,1024.0,6.78,1260 x 2800,LTPO AMOLED,144.0,50,2.0,6100.0,Mật khẩu,Mediatek Dimensity 9400 Plus (3 nm),Vivo,Android,High,HD,Dimensity 9400 plus
OnePlus Ace 3 5G,https://mobilecity.vn/dien-thoai/oneplus-ace-3-chip-sieu-manh.html,8990000.0,Qualcomm SM8550AB Snapdragon 8 Gen 2 8 nhân GPU Adreno 740,16.0,1024.0,6.78,1264 x 2780,LTPO AMOLED,120.0,50,3.0,5500.0,Mật khẩu,Qualcomm SM8550-AB Snapdragon 8 Gen 2 (4 nm),OnePlus,Android,High,HD,M8550
Honor 400 5G,https://mobilecity.vn/dien-thoai/honor-400-5g-selfie-50mp.html,9050000.0,Qualcomm SM7750AB Snapdragon 7 Gen 4 8 nhân GPU Adreno 722,16.0,512.0,6.55,1264 x 2736,AMOLED,120.0,200,2.0,7200.0,Mật khẩu,Qualcomm SM7750-AB Snapdragon 7 Gen 4 (4 nm),Honor,Android,High,HD,M7750
Meizu 21 Note 5G,https://mobilecity.vn/dien-thoai/meizu-21-note-5g.html,9150000.0,Qualcomm SM8550AB Snapdragon 8 Gen 2 8 nhân GPU Adreno 740,16.0,512.0,6.78,1264 x 2780,LTPO OLED,144.0,50,2.0,5500.0,Mật khẩu,Qualcomm SM8550-AB Snapdragon 8 Gen 2 (4 nm),Meizu,Android,High,HD,M8550
Realme GT5 5G,https://mobilecity.vn/dien-thoai/realme-gt5-snapdragon-8-gen-2.html,9150000.0,Qualcomm SM8550AB Snapdragon 8 Gen 2 8 nhân GPU Adreno 740,24.0,1024.0,6.74,1240 x 2772,AMOLED,144.0,50,3.0,4600.0,Mật khẩu,Qualcomm SM8550-AB Snapdragon 8 Gen 2 (4 nm),Realme,Android,High,HD,M8550
Samsung Galaxy A73 5G Chính hãng,https://mobilecity.vn/dien-thoai/samsung-galaxy-a73-5g-chinh-hang.html,9250000.0,Qualcomm SM7325 Snapdragon 778G 5G 8 nhân GPU Adreno 642L,8.0,256.0,6.7,1080 x 2400,Super AMOLED+,120.0,108,4.0,5000.0,Vân tay,Qualcomm SM7325 Snapdragon 778G 5G (6 nm),Samsung,Android,High,HD,M7325
OnePlus Ace 2,https://mobilecity.vn/dien-thoai/oneplus-ace-2-snapdragon-8-plus-gen-1.html,9150000.0,Qualcomm SM8475 Snapdragon 8 Gen 1 8 nhân GPU Adreno 730,16.0,512.0,6.74,1240 x 2772,AMOLED,120.0,50,3.0,5000.0,Vân tay,Qualcomm SM8475 Snapdragon 8+ Gen 1 (4 nm),OnePlus,Android,High,HD,M8475
OnePlus Turbo 5G,https://mobilecity.vn/dien-thoai/oneplus-turbo-cau-hinh-cao.html,9250000.0,Qualcomm Snapdragon 8 Gen 5 8 nhân lên tới 40 GHz CPU Oryon Adreno,16.0,512.0,6.78,1264 x 2780,AMOLED,120.0,50,2.0,7650.0,Mật khẩu,Qualcomm Snapdragon 8 Gen 5 (3 nm),OnePlus,Android,High,HD,Snapdragon 8 gen 5
Xiaomi Redmi Turbo 3 Harry Potter Edition,https://mobilecity.vn/dien-thoai/xiaomi-redmi-turbo-3-harry-potter-edition.html,9350000.0,Qualcomm SM8635 Snapdragon 8s Gen 3 8 nhân GPU Adreno 735,16.0,512.0,6.67,1220 x 2712,AMOLED,120.0,50,2.0,5000.0,Mật khẩu,Qualcomm SM8635 Snapdragon 8s Gen 3 (4 nm),Xiaomi,Android,High,HD,M8635
Honor X9d 5G Chính hãng,https://mobilecity.vn/dien-thoai/honor-x9d-5g-chinh-hang.html,9350000.0,Qualcomm Snapdragon 6 Gen 4 8 nhân GPU Adreno 810,12.0,512.0,6.79,1200 x 2640,AMOLED,120.0,108,2.0,8300.0,Vân tay,Qualcomm Snapdragon 6 Gen 4 (4 nm),Honor,Android,High,HD,Snapdragon 6 gen 4
Xiaomi 13T Chính hãng DGW,https://mobilecity.vn/dien-thoai/xiaomi-13t-chinh-hang-dimensity.html,9450000.0,MediaTek Dimensity 8200 Ultra 8 nhân GPU MaliG610 MC6,12.0,256.0,6.67,1220 x 2712,AMOLED,144.0,50,3.0,5000.0,Mật khẩu,MediaTek Dimensity 8200 Ultra (4 nm),Xiaomi,Android,High,HD,Dimensity 8200 ultra
Realme 14 5G Chính hãng,https://mobilecity.vn/dien-thoai/realme-14-5g-gia-re.html,9450000.0,Qualcomm Snapdragon 6 Gen 4 8 nhân GPU Adreno 810,12.0,512.0,6.67,1080 x 2400,AMOLED,120.0,50,2.0,6000.0,Vân tay,Qualcomm Snapdragon 6 Gen 4 (4 nm),Realme,Android,High,HD,Snapdragon 6 gen 4
Xiaomi 12T Chính hãng DGW,https://mobilecity.vn/dien-thoai/xiaomi-12t.html,9450000.0,MediaTek Dimensity 8100Ultra 8 nhân GPU MaliG610 MC6,8.0,256.0,6.67,1220 x 2712,AMOLED,120.0,108,3.0,5000.0,Vân tay,MediaTek Dimensity 8100-Ultra,Xiaomi,Android,High,HD,Dimensity 8100ultra
Xiaomi 14 Cũ,https://mobilecity.vn/dien-thoai/xiaomi-14-cu-99-gia-sieu-re.html,9450000.0,Qualcomm SM8650AB Snapdragon 8 Gen 3 8 nhân GPU Adreno 750,16.0,1024.0,6.36,1200 x 2670,LTPO OLED,120.0,50,3.0,4610.0,Mật khẩu,Qualcomm SM8650-AB Snapdragon 8 Gen 3 (4 nm),Xiaomi,Android,High,HD,M8650
Xiaomi Redmi K70 Pro,https://mobilecity.vn/dien-thoai/xiaomi-redmi-k70-pro-sieu-manh.html,9550000.0,Qualcomm SM8650AB Snapdragon 8 Gen 3 8 nhân GPU Adreno 750,24.0,1024.0,6.67,1440 x 3200,OLED,120.0,50,3.0,5000.0,Vân tay,Qualcomm SM8650-AB Snapdragon 8 Gen 3 (4 nm),Xiaomi,Android,High,FHD,M8650
Vivo T3 Ultra 5G,https://mobilecity.vn/dien-thoai/vivo-t3-ultra-5g-dimensity-9200-plus.html,9450000.0,Mediatek Dimensity 9200 Plus 8 nhân GPU ImmortalisG715 MC11,12.0,128.0,6.78,1260 x 2800,AMOLED,120.0,50,2.0,5500.0,Vân tay,Mediatek Dimensity 9200 Plus (4 nm),Vivo,Android,High,HD,Dimensity 9200 plus
Realme GT Neo 5 sạc 240W,https://mobilecity.vn/dien-thoai/realme-gt-neo-5-240w-snapdragon-8-gen-1.html,9450000.0,Qualcomm SM8475 Snapdragon 8 Gen 1 8 nhân GPU Adreno 730,16.0,1024.0,6.74,1240 x 2772,AMOLED,144.0,50,3.0,4600.0,Vân tay,Qualcomm SM8475 Snapdragon 8+ Gen 1 (4 nm),Realme,Android,High,HD,M8475
Xiaomi REDMI K80 Ultra,https://mobilecity.vn/dien-thoai/xiaomi-redmi-k80-ultra-sieu-manh.html,9550000.0,MediaTek Dimensity 9400 Plus 8 nhân GPU ImmortalisG925,16.0,1024.0,6.83,1280 x 2772,OLED,144.0,50,2.0,7410.0,Vân tay,MediaTek Dimensity 9400 Plus (4 nm),Xiaomi,Android,High,HD,Dimensity 9400 plus
ZTE Nubia Z50,https://mobilecity.vn/dien-thoai/zte-nubia-z50-man-hinh-144Hz.html,9650000.0,Qualcomm SM8550 Snapdragon 8 Gen 2 8 nhân GPU Adreno 740,16.0,1024.0,6.67,1080 x 2400,AMOLED,144.0,64,2.0,5000.0,Mật khẩu,Qualcomm SM8550 Snapdragon 8 Gen 2 (4 nm),ZTE,Android,High,HD,M8550
Xiaomi POCO F6 5G Chính hãng,https://mobilecity.vn/dien-thoai/xiaomi-poco-f6-5g-chinh-hang.html,9690000.0,Qualcomm SM8635 Snapdragon 8s Gen 3 8 nhân GPU Adreno 735,12.0,512.0,6.67,1220 x 2712,AMOLED,120.0,50,2.0,5000.0,Vân tay,Qualcomm SM8635 Snapdragon 8s Gen 3 (4 nm),Xiaomi,Android,High,HD,M8635
Xiaomi 12 Pro,https://mobilecity.vn/dien-thoai/xiaomi-12-pro-dimensity-9000-plus.html,9750000.0,MediaTek Dimensity 9000 8 nhân GPU MaliG710 MC10,12.0,256.0,6.73,1440 x 3200,LTPO 2.0 AMOLED,120.0,50,3.0,5160.0,Mật khẩu,MediaTek Dimensity 9000+ (4 nm),Xiaomi,Android,High,FHD,Dimensity 9000
Realme 15 Pro 5G,https://mobilecity.vn/dien-thoai/realme-15-pro-ai-party-phone.html,9750000.0,Qualcomm SM7750AB Snapdragon 7 Gen 4 8 nhân GPU Adreno 722,12.0,512.0,6.8,1280 x 2800,OLED,144.0,50,2.0,7000.0,Vân tay,Qualcomm SM7750-AB Snapdragon 7 Gen 4 (4 nm),Realme,Android,High,HD,M7750
Vivo S30 5G,https://mobilecity.vn/dien-thoai/vivo-s30-3g.html,9750000.0,Qualcomm Snapdragon 7 Gen 4 8 nhân GPU Adreno 722,16.0,512.0,1260.0,6 x 67,AMOLED,120.0,50,3.0,6500.0,Vân tay,Qualcomm Snapdragon 7 Gen 4 (4 nm),Vivo,Android,High,HD,Snapdragon 7 gen 4
OnePlus Ace 2 Pro 5G,https://mobilecity.vn/dien-thoai/oneplus-ace-2-pro-sac-sieu-nhanh.html,9850000.0,Qualcomm SM8550AB Snapdragon 8 Gen 2 8 nhân GPU Adreno 740,24.0,1024.0,6.74,1240 x 2772,AMOLED,120.0,50,3.0,5000.0,Mật khẩu,Qualcomm SM8550-AB Snapdragon 8 Gen 2 (4 nm),OnePlus,Android,High,HD,M8550
Vivo V50 Lite 5G Chính hãng,https://mobilecity.vn/dien-thoai/vivo-v50-lite-5g-chinh-hang-pin-6500mah.html,9950000.0,MediaTek Dimensity 6300 8 nhân GPU MaliG57 MC2,12.0,256.0,6.77,1080 x 2392,AMOLED,120.0,50,2.0,6500.0,Vân tay,MediaTek Dimensity 6300 (6 nm),Vivo,Android,High,HD,Dimensity 6300
OnePlus Ace 5s,https://mobilecity.vn/dien-thoai/oneplus-ace-5s-dimensity-9-series.html,9950000.0,MediaTek Dimensity 9300 Plus 8 nhân GPU ImmortalisG720 MC12,16.0,1024.0,6.78,1264 x 2780,LTPO AMOLED,120.0,50,2.0,7000.0,Mật khẩu,MediaTek Dimensity 9300 Plus (4 nm),OnePlus,Android,High,HD,Dimensity 9300 plus
OnePlus Ace Pro,https://mobilecity.vn/dien-thoai/oneplus-ace-pro.html,9950000.0,Qualcomm SM8475 Snapdragon 8 Gen 1 8 nhân GPU Adreno 730,16.0,512.0,6.7,1080 x 2412,Fluid AMOLED,120.0,50,3.0,4800.0,Vân tay,Qualcomm SM8475 Snapdragon 8+ Gen 1 (4 nm),OnePlus,Android,High,HD,M8475
Asus ROG Phone 6D,https://mobilecity.vn/dien-thoai/asus-rog-phone-6d.html,9950000.0,MediaTek Dimensity 9000 8 nhân GPU MaliG710 MC10,16.0,256.0,6.78,1080 x 2448,AMOLED,165.0,50,3.0,6000.0,Mật khẩu,MediaTek Dimensity 9000+ (4 nm),Asus,Android,High,HD,Dimensity 9000
Realme 16 Pro Chính hãng,https://mobilecity.vn/dien-thoai/realme-16-pro-chinh-hang.html,9950000.0,Dimensity 7300 Max 8 nhân GPU MaliG615 MC2,12.0,256.0,6.78,1280 x 2800,AMOLED,60.0,200,2.0,7000.0,Vân tay,Dimensity 7300 Max (4 nm),Realme,Android,High,HD,Dimensity 7300 max
OPPO Reno11 Pro 5G,https://mobilecity.vn/dien-thoai/oppo-reno11-pro-5g.html,9950000.0,Qualcomm SM8475 Snapdragon 8 Gen 1 8 nhân GPU Adreno 730,12.0,512.0,6.74,1240 x 2772,OLED,120.0,50,3.0,4700.0,Vân tay,Qualcomm SM8475 Snapdragon 8+ Gen 1 (4 nm),OPPO,Android,High,HD,M8475
Xiaomi CIVI,https://mobilecity.vn/xiaomi/xiaomi-civi.html,9950000.0,Qualcomm Snapdragon 778G 5G Octacore GPU Adreno 642L,8.0,256.0,6.55,1080 x 2340,AMOLED,120.0,64,3.0,4500.0,Mật khẩu,Qualcomm Snapdragon 778G 5G (6 nm) Octa-core (4x2.4 GHz Kryo 670 & 4x1.8 GHz Kryo 670),Xiaomi,Android,High,HD,Snapdragon 778g
Samsung Galaxy A57 5G,https://mobilecity.vn/dien-thoai/samsung-galaxy-a57-5g-chinh-hang.html,9950000.0,Exynos 1580 8 nhân GPU Xclipse 550,12.0,256.0,6.7,1080 x 2340,Super AMOLED,120.0,50,3.0,5000.0,Mật khẩu,Exynos 1580 (4 nm),Samsung,Android,High,HD,Exynos 1580 8
OnePlus Nord 5,https://mobilecity.vn/dien-thoai/oneplus-nord-5-pin-khung.html,9950000.0,Qualcomm SM8635 Snapdragon 8s Gen 3 8 nhân GPU Adreno 735,12.0,512.0,6.83,1272 x 2800,Swift AMOLED,144.0,50,2.0,5200.0,Vân tay,Qualcomm SM8635 Snapdragon 8s Gen 3 (4 nm),OnePlus,Android,High,HD,M8635
Nothing Phone,https://mobilecity.vn/dien-thoai/nothing-phone-1.html,9950000.0,Qualcomm SM7325AE Snapdragon 778G 5G 8 nhân GPU Adreno 642L,12.0,256.0,6.55,1080 x 2400,OLED,120.0,50,2.0,4500.0,Mật khẩu,Qualcomm SM7325-AE Snapdragon 778G+ 5G (6 nm),Nothing,Android,High,HD,M7325
Honor 500 5G,https://mobilecity.vn/dien-thoai/honor-500-5g-pin-8000mah.html,10050000.0,Qualcomm SM8735 Snapdragon 8s Gen 4 8 nhân GPU Adreno 825,16.0,512.0,6.56,1264 x 2736,AMOLED,120.0,200,2.0,8000.0,Vân tay,Qualcomm SM8735 Snapdragon 8s Gen 4 (4 nm),Honor,Android,High,HD,M8735
Xiaomi POCO F4 GT,https://mobilecity.vn/dien-thoai/xiaomi-poco-f4-gt.html,10450000.0,Qualcomm SM8450 Snapdragon 8 Gen 1 8 nhân GPU Adreno 730,12.0,256.0,6.67,1080 x 2400,OLED,120.0,64,3.0,4700.0,Mật khẩu,Qualcomm SM8450 Snapdragon 8 Gen 1 (4 nm),Xiaomi,Android,High,HD,M8450
Honor Power 2,https://mobilecity.vn/dien-thoai/honor-power-2-pin-khung.html,10150000.0,Mediatek Dimensity 8500 Elite 8 nhân GPU MaliG720 MC8,12.0,512.0,6.79,1200 x 2640,AMOLED,120.0,50,2.0,10080.0,Mật khẩu,Mediatek Dimensity 8500 Elite,Honor,Android,High,HD,Dimensity 8500
Vivo X300 FE 5G,https://mobilecity.vn/dien-thoai/vivo-x300-fe-5g.html,10150000.0,MediaTek Dimensity 9400 Plus 8 nhân GPU ImmortalisG925,16.0,512.0,6.31,1216 x 2640,LTPO AMOLED,120.0,50,3.0,6500.0,Mật khẩu,MediaTek Dimensity 9400 Plus (3 nm),Vivo,Android,High,HD,Dimensity 9400 plus
ZTE Nubia Red Magic 10 Air,https://mobilecity.vn/dien-thoai/zte-nubia-red-magic-10-air.html,10150000.0,Qualcomm SM8650AB Snapdragon 8 Gen 3 8 nhân GPU Adreno 750,16.0,512.0,6.8,1116 x 2480,AMOLED,120.0,50,2.0,6000.0,Mật khẩu,Qualcomm SM8650-AB Snapdragon 8 Gen 3 (4 nm),ZTE,Android,High,HD,M8650
OPPO Reno14 F 5G Chính hãng,https://mobilecity.vn/dien-thoai/oppo-reno14-f-5g-chinh-hang.html,10150000.0,Qualcomm SM6450 Snapdragon 6 Gen 1 8 nhân GPU Adreno 710,12.0,512.0,6.57,1080 x 2372,AMOLED,120.0,50,3.0,6000.0,Vân tay,Qualcomm SM6450 Snapdragon 6 Gen 1 (4 nm),OPPO,Android,High,HD,M6450
Xiaomi POCO F7 5G,https://mobilecity.vn/dien-thoai/xiaomi-poco-f7-5g.html,10450000.0,Qualcomm SM8735 Snapdragon 8s Gen 4 8 nhân GPU Adreno 825,12.0,512.0,6.83,1220 x 2712,AMOLED,120.0,50,2.0,6500.0,Vân tay,Qualcomm SM8735 Snapdragon 8s Gen 4 (4 nm),Xiaomi,Android,High,HD,M8735
Meizu 20 Classic 5G,https://mobilecity.vn/dien-thoai/meizu-20-classic-ram-16gb.html,10450000.0,Qualcomm SM8550AB Snapdragon 8 Gen 2 8 nhân GPU Adreno 740,16.0,512.0,6.55,1080 x 2400,OLED,144.0,50,3.0,4700.0,Mật khẩu,Qualcomm SM8550-AB Snapdragon 8 Gen 2 (4 nm),Meizu,Android,High,HD,M8550
Vivo V40 5G,https://mobilecity.vn/dien-thoai/vivo-v40-5g-snapdragon-7-gen-3.html,10490000.0,Qualcomm SM7550AB Snapdragon 7 Gen 3 8 nhân GPU Adreno 720,12.0,512.0,6.78,1260 x 2800,AMOLED,120.0,50,2.0,5500.0,Vân tay,Qualcomm SM7550-AB Snapdragon 7 Gen 3 (4 nm),Vivo,Android,High,HD,M7550
ZTE Nubia Flip 2,https://mobilecity.vn/dien-thoai/zte-nubia-flip-2-dimensity-7300x.html,10450000.0,Mediatek Dimensity 7300X 8 nhân GPU MaliG615 MC2,12.0,512.0,6.9,1188 x 2790,OLED,120.0,50,2.0,4300.0,Vân tay,Mediatek Dimensity 7300X (4 nm),ZTE,Android,High,HD,Dimensity 7300
ZTE Nubia Z60S Pro 5G,https://mobilecity.vn/dien-thoai/zte-nubia-z60s-pro-5g-cau-hinh-manh.html,10500000.0,Qualcomm SM8550AC Snapdragon 8 Gen 2 Ép xung 8 nhân GPU Adreno 740,16.0,1024.0,6.8,1260 x 2800,AMOLED,120.0,50,3.0,5100.0,Mật khẩu,Qualcomm SM8550-AC Snapdragon 8 Gen 2 (4 nm) - Ép xung,ZTE,Android,High,HD,M8550
Nubia Red Magic 7 Pro Transformers Cũ 99.9%,https://mobilecity.vn/dien-thoai/red-magic-7-pro-transformers-cu-sac-135w.html,10500000.0,Qualcomm SM8450 Snapdragon 8 Gen 1 8 nhân GPU Adreno 730,18.0,1024.0,6.8,1080 x 2400,AMOLED,120.0,64,3.0,5000.0,Mật khẩu,Qualcomm SM8450 Snapdragon 8 Gen 1 (4 nm),Nubia,Android,High,HD,M8450
Google Pixel 7a,https://mobilecity.vn/dien-thoai/google-pixel-7a-tensor-g2.html,10550000.0,Google Tensor G2 8 nhân GPU MaliG710 MP7,8.0,128.0,6.1,1080 x 2400,OLED,90.0,64,2.0,4385.0,Mật khẩu,Google Tensor G2 (5 nm),Google,Android,High,HD,Tensor G2
Xiaomi POCO F6 Pro 5G Chính hãng,https://mobilecity.vn/dien-thoai/xiaomi-poco-f6-pro.html,10750000.0,Qualcomm SM8550AB Snapdragon 8 Gen 2 8 nhân GPU Adreno 740,16.0,1024.0,6.67,1440 x 3200,AMOLED,120.0,50,3.0,5000.0,Vân tay,Qualcomm SM8550-AB Snapdragon 8 Gen 2 (4 nm),Xiaomi,Android,High,FHD,M8550
Xiaomi POCO F5 Pro 5G,https://mobilecity.vn/dien-thoai/xiaomi-poco-f5-pro-5g-chip-manh.html,10850000.0,Qualcomm SM8475 Snapdragon 8 Gen 1 8 nhân GPU Adreno 730,16.0,512.0,6.67,1440 x 3200,AMOLED,120.0,64,3.0,5160.0,Mật khẩu,Qualcomm SM8475 Snapdragon 8+ Gen 1 (4 nm),Xiaomi,Android,High,FHD,M8475
Realme GT7 Pro Racing Edition,https://mobilecity.vn/dien-thoai/realme-gt7-pro-racing-edition.html,10850000.0,Qualcomm SM8750AB Snapdragon 8 Elite 8 nhân GPU Adreno 830,16.0,512.0,6.78,1264 x 2780,LTPO AMOLED (Samsung),120.0,50,2.0,6500.0,Mật khẩu,Qualcomm SM8750-AB Snapdragon 8 Elite (3 nm),Realme,Android,High,HD,M8750
Asus ROG Phone 3 Elite,https://mobilecity.vn/asus/asus-rog-phone-3-strix.html,10750000.0,Qualcomm SM8250 Snapdragon 865,12.0,256.0,6.59,1080 x 2340,AMOLED,144.0,64,3.0,6000.0,Mật khẩu,Qualcomm SM8250 Snapdragon 865 (7 nm+),Asus,Android,High,HD,M8250
Xiaomi 12S,https://mobilecity.vn/dien-thoai/xiaomi-12s.html,10950000.0,Qualcomm SM8475 Snapdragon 8 Gen 1 8 nhân GPU Adreno 730,12.0,512.0,6.0,1080 x 2400,AMOLED,120.0,50,3.0,4500.0,Mật khẩu,Qualcomm SM8475 Snapdragon 8+ Gen 1 (4 nm),Xiaomi,Android,High,HD,M8475
Xiaomi CIVI 5 Pro,https://mobilecity.vn/dien-thoai/xiaomi-civi-5-pro-5g.html,10850000.0,Qualcomm SM8735 Snapdragon 8s Gen 4 8 nhân GPU Adreno 825,16.0,512.0,6.55,1236 x 2750,AMOLED,120.0,50,3.0,6000.0,Vân tay,Qualcomm SM8735 Snapdragon 8s Gen 4 (4 nm),Xiaomi,Android,High,HD,M8735
Xiaomi CIVI 6,https://mobilecity.vn/dien-thoai/xiaomi-civi-6.html,10950000.0,Qualcomm Snapdragon 8s Gen 5 8 nhân GPU Adreno 8xx,16.0,512.0,6.6,1236 x 2750,AMOLED,120.0,50,3.0,6500.0,Mật khẩu,Qualcomm Snapdragon 8s Gen 5,Xiaomi,Android,High,HD,Snapdragon 8
OPPO Reno13 Pro 5G,https://mobilecity.vn/dien-thoai/oppo-reno13-pro-5g.html,10950000.0,MediaTek Dimensity 8350 8 nhân GPU Mali G615MC6,16.0,1024.0,6.83,1272 x 2800,AMOLED,120.0,50,3.0,5800.0,Vân tay,MediaTek Dimensity 8350 (4 nm),OPPO,Android,High,HD,Dimensity 8350
Honor 400 5G Chính hãng,https://mobilecity.vn/dien-thoai/honor-400-5g-chinh-hang.html,10950000.0,Qualcomm SM7550AB Snapdragon 7 Gen 3 8 nhân GPU Adreno 720,12.0,512.0,6.55,1264 x 2736,AMOLED,120.0,200,2.0,6000.0,Vân tay,Qualcomm SM7550-AB Snapdragon 7 Gen 3 (4 nm),Honor,Android,High,HD,M7550
Samsung Galaxy S24 FE 5G Chính hãng,https://mobilecity.vn/dien-thoai/samsung-galaxy-s24-fe-5g-chinh-hang.html,10950000.0,Exynos 2400e 10 nhân GPU Xclipse 940,8.0,512.0,6.7,1080 x 2340,Dynamic AMOLED 2X,120.0,50,3.0,4700.0,Mật khẩu,Exynos 2400e (4 nm),Samsung,Android,High,HD,Exynos 2400
Xiaomi 12S Pro,https://mobilecity.vn/dien-thoai/xiaomi-12s-pro.html,10950000.0,Qualcomm SM8475 Snapdragon 8 Gen 1 8 nhân GPU Adreno 730,12.0,512.0,6.73,1440 x 3200,LTPO AMOLED,120.0,50,3.0,4600.0,Mật khẩu,Qualcomm SM8475 Snapdragon 8+ Gen 1 (4 nm),Xiaomi,Android,High,FHD,M8475
Honor 200 5G Chính hãng,https://mobilecity.vn/dien-thoai/honor-200-5g-chinh-hang.html,10950000.0,Qualcomm SM7550AB Snapdragon 7 Gen 3 8 nhân GPU Adreno 720,12.0,512.0,6.7,1200 x 2664,AMOLED,120.0,50,3.0,5200.0,Vân tay,Qualcomm SM7550-AB Snapdragon 7 Gen 3 (4 nm),Honor,Android,High,HD,M7550
OnePlus Ace 6 Ultra 5G,https://mobilecity.vn/dien-thoai/oneplus-ace-6-ultra-5g.html,10950000.0,Mediatek Dimensity 9500 Plus GPU ImmortalisG9xxx,16.0,1024.0,6.83,1272 x 2800,AMOLED,144.0,50,2.0,7500.0,Mật khẩu,Mediatek Dimensity 9500 Plus (3 nm),OnePlus,Android,High,HD,Dimensity 9500 plus
Samsung Galaxy Note 10 Plus 5G Hàn Quốc,https://mobilecity.vn/samsung/samsung-galaxy-note-10-plus.html,10950000.0,Exynos 9825 8 nhân GPU MaliG76 MP12,12.0,256.0,6.8,1440 x 3040,Dynamic AMOLED,60.0,16,4.0,4300.0,Mật khẩu,Exynos 9825 (7 nm),Samsung,Android,High,FHD,Exynos 9825 8
OPPO Reno14 5G Chính hãng,https://mobilecity.vn/dien-thoai/oppo-reno14-5g-dinh-cao-ai.html,11050000.0,MediaTek Dimensity 8350 8 nhân GPU Mali G615MC6,16.0,1024.0,6.59,1256 x 2760,AMOLED,120.0,50,3.0,6000.0,Vân tay,MediaTek Dimensity 8350 (4 nm),OPPO,Android,High,HD,Dimensity 8350
OnePlus 11R,https://mobilecity.vn/dien-thoai/oneplus-11r-snapdragon-8-plus-gen-1.html,11050000.0,Qualcomm SM8475 Snapdragon 8 Gen 1 8 nhân GPU Adreno 730,16.0,256.0,6.74,1240 x 2772,Fluid AMOLED,120.0,50,3.0,5000.0,Mật khẩu,Qualcomm SM8475 Snapdragon 8+ Gen 1 (4 nm),OnePlus,Android,High,HD,M8475
Vivo iQOO 15 Mini,https://mobilecity.vn/dien-thoai/vivo-iqoo-15-mini.html,11050000.0,Snapdragon 8 Elite 2,16.0,512.0,6.3,1440 x 3168,LTPO AMOLED,120.0,50,3.0,7000.0,Mật khẩu,Snapdragon 8 Elite 2 (3 nm),Vivo,Android,High,FHD,Snapdragon 8 elite
Vivo S50 5G,https://mobilecity.vn/dien-thoai/vivo-s50-5g.html,11250000.0,Qualcomm SM8635 Snapdragon 8s Gen 3 8 nhân GPU Adreno 735,16.0,512.0,6.59,1260 x 2750,AMOLED,120.0,50,3.0,6500.0,Vân tay,Qualcomm SM8635 Snapdragon 8s Gen 3 (4 nm),Vivo,Android,High,HD,M8635
Vivo V60 5G,https://mobilecity.vn/dien-thoai/vivo-v60-5g-snapdragon-7-gen-4.html,11150000.0,Qualcomm SM7750AB Snapdragon 7 Gen 4 8 nhân GPU Adreno 722,16.0,512.0,6.77,1080 x 2392,AMOLED,120.0,50,3.0,6500.0,Vân tay,Qualcomm SM7750-AB Snapdragon 7 Gen 4 (4 nm),Vivo,Android,High,HD,M7750
Sony Xperia 10 V 5G,https://mobilecity.vn/dien-thoai/sony-xperia-10-v-snapdragon-695.html,11250000.0,Qualcomm SM6375 Snapdragon 695 5G 8 nhân GPU Adreno 619,8.0,128.0,6.1,1080 x 2520,OLED,60.0,48,3.0,5000.0,Mật khẩu,Qualcomm SM6375 Snapdragon 695 5G (6 nm),Sony,Android,High,HD,M6375
OPPO Reno15 5G,https://mobilecity.vn/dien-thoai/oppo-reno15-5g.html,11250000.0,MediaTek Dimensity 8450 8 nhân 325 GHz GPU MaliG720 MC7,16.0,1024.0,6.32,1216 x 2640,AMOLED,120.0,200,3.0,6200.0,Vân tay,MediaTek Dimensity 8450 (4 nm),OPPO,Android,High,HD,Dimensity 8450
OnePlus Ace 3 Pro 5G,https://mobilecity.vn/dien-thoai/oneplus-ace-3-pro-5g-hieu-nang-sieu-manh.html,11450000.0,Qualcomm SM8650AB Snapdragon 8 Gen 3 8 nhân GPU Adreno 750,24.0,1024.0,6.78,1264 x 2780,LTPO AMOLED,120.0,50,3.0,6100.0,Vân tay,Qualcomm SM8650-AB Snapdragon 8 Gen 3 (4 nm),OnePlus,Android,High,HD,M8650
Nubia Red Magic 7 Pro,https://mobilecity.vn/zte/nubia-red-magic-7-pro.html,11450000.0,Qualcomm SM8450 Snapdragon 8 Gen1 8 nhân GPU Adreno 730,16.0,1024.0,6.8,1080 x 2400,AMOLED,120.0,64,3.0,5000.0,Mật khẩu,Qualcomm SM8450 Snapdragon 8 Gen1 (4 nm),Nubia,Android,High,HD,M8450
OnePlus 12R 5G,https://mobilecity.vn/dien-thoai/oneplus-12r-hieu-nang-cao.html,11450000.0,Qualcomm SM8550AB Snapdragon 8 Gen 2 8 nhân GPU Adreno 740,16.0,128.0,6.78,1264 x 2780,LTPO4 AMOLED,120.0,50,3.0,5500.0,Vân tay,Qualcomm SM8550-AB Snapdragon 8 Gen 2 (4 nm),OnePlus,Android,High,HD,M8550
Realme GT5 Pro 5G,https://mobilecity.vn/dien-thoai/realme-gt5-pro-sieu-manh.html,11550000.0,Qualcomm SM8650AB Snapdragon 8 Gen 3 8 nhân GPU Adreno 750,16.0,1024.0,6.78,1264 x 2780,AMOLED,144.0,50,3.0,5400.0,Mật khẩu,Qualcomm SM8650-AB Snapdragon 8 Gen 3 (4 nm),Realme,Android,High,HD,M8650
Asus ROG Phone 6 Pro,https://mobilecity.vn/dien-thoai/asus-rog-phone-6-pro.html,11550000.0,Qualcomm SM8475 Snapdragon 8 Gen 1 8 nhân GPU Adreno 730,18.0,512.0,6.78,1080 x 2448,AMOLED,165.0,50,3.0,6000.0,Mật khẩu,Qualcomm SM8475 Snapdragon 8+ Gen 1 (4 nm),Asus,Android,High,HD,M8475
OPPO Reno15 F 5G Chính hãng,https://mobilecity.vn/dien-thoai/oppo-reno15-f-5g-chinh-hang.html,11550000.0,Qualcomm SM6450 Snapdragon 6 Gen 1 8 nhân GPU Adreno 710,12.0,512.0,6.57,1216 x 2640,AMOLED,120.0,50,3.0,6000.0,Vân tay,Qualcomm SM6450 Snapdragon 6 Gen 1 (4 nm),OPPO,Android,High,HD,M6450
OnePlus Nord 3 5G,https://mobilecity.vn/dien-thoai/oneplus-nord-3-hieu-nang-manh.html,11590000.0,Mediatek Dimensity 9000 8 nhân GPU MaliG710 MC10,16.0,256.0,6.74,1240 x 2772,Fluid AMOLED,120.0,50,3.0,5000.0,Vân tay,Mediatek Dimensity 9000 (4 nm),OnePlus,Android,High,HD,Dimensity 9000
iPhone 12 Nhật Bản,https://mobilecity.vn/apple/iphone-12.html,11650000.0,Apple A14 Bionic 6 nhân GPU Apple GPU,4.0,256.0,6.1,1170 x 2532,Super Retina XDR OLED,60.0,12,2.0,2815.0,Mật khẩu,Apple A14 Bionic (5 nm),Apple,iOS,High,HD,A14 Bionic
iPhone 12 CPO Quốc tế,https://mobilecity.vn/dien-thoai/iphone-12-cpo.html,11650000.0,Apple A14 Bionic 6 nhân Apple GPU,4.0,256.0,6.1,1170 x 2532,Super Retina XDR OLED,60.0,12,2.0,2815.0,Mật khẩu,Apple A14 Bionic (5 nm),Apple,iOS,High,HD,A14 Bionic
Xiaomi REDMI K80 Pro cũ,https://mobilecity.vn/dien-thoai/xiaomi-redmi-k80-pro-cu.html,11750000.0,Qualcomm SM8750AB Snapdragon 8 Elite 8 nhân GPU Adreno 830,16.0,1024.0,6.67,1440 x 3200,OLED,120.0,50,3.0,6000.0,Vân tay,Qualcomm SM8750-AB Snapdragon 8 Elite (3 nm),Xiaomi,Android,High,FHD,M8750
Honor GT Pro cũ,https://mobilecity.vn/dien-thoai/honor-gt-pro-cu-gia-re.html,11650000.0,Qualcomm SM8750AB Snapdragon 8 Elite 8 nhân GPU Adreno 830,16.0,1024.0,6.78,1224 x 2800,LTPO AMOLED,144.0,50,3.0,7200.0,Vân tay,Qualcomm SM8750-AB Snapdragon 8 Elite (3 nm),Honor,Android,High,HD,M8750
Nubia Red Magic 7S,https://mobilecity.vn/dien-thoai/nubia-red-magic-7s.html,11750000.0,Qualcomm SM8475 Snapdragon 8 Gen 1 8 nhân GPU Adreno 730,18.0,512.0,6.8,1080 x 2400,AMOLED,165.0,64,3.0,4500.0,Mật khẩu,Qualcomm SM8475 Snapdragon 8+ Gen 1 (4 nm),Nubia,Android,High,HD,M8475
Meizu 21 5G,https://mobilecity.vn/dien-thoai/meizu-21-thiet-ke-sieu-dep.html,11750000.0,Qualcomm SM8650AB Snapdragon 8 Gen 3 8 nhân GPU Adreno 750,12.0,512.0,6.55,1080 x 2340,AMOLED,120.0,200,3.0,4800.0,Mật khẩu,Qualcomm SM8650-AB Snapdragon 8 Gen 3 (4 nm),Meizu,Android,High,HD,M8650
Nubia Red Magic 8 Pro cũ 5G,https://mobilecity.vn/dien-thoai/nubia-red-magic-8-pro-cu.html,11950000.0,Qualcomm SM8550 Snapdragon 8 Gen 2 8 nhân GPU Adreno 740,16.0,512.0,6.8,1116 x 24080,AMOLED,120.0,50,3.0,6000.0,Mật khẩu,Qualcomm SM8550 Snapdragon 8 Gen 2 (4 nm),Nubia,Android,High,HD,M8550
Xiaomi 12T Pro cũ DGW,https://mobilecity.vn/dien-thoai/xiaomi-12t-pro-cu-dgw-snap-8-gen-1.html,11850000.0,Qualcomm SM8475 Snapdragon 8 Gen 1 8 nhân GPU Adreno 730,12.0,256.0,6.67,1220 x 2712,AMOLED,120.0,200,3.0,5000.0,Vân tay,Qualcomm SM8475 Snapdragon 8+ Gen 1 (4 nm),Xiaomi,Android,High,HD,M8475
OnePlus Ace 3 Genshin Impact AI,https://mobilecity.vn/dien-thoai/oneplus-ace-3-genshin-impact.html,11950000.0,Qualcomm SM8550AB Snapdragon 8 Gen 2 8 nhân GPU Adreno 740,16.0,512.0,6.78,1264 x 2780,LTPO AMOLED,120.0,50,3.0,5500.0,Vân tay,Qualcomm SM8550-AB Snapdragon 8 Gen 2 (4 nm),OnePlus,Android,High,HD,M8550
Google Pixel 7,https://mobilecity.vn/dien-thoai/google-pixel-7.html,11950000.0,Google Tensor G2 8 nhân GPU MaliG710 MP7,8.0,256.0,6.3,1080 x 2400,AMOLED,90.0,50,2.0,4355.0,Mật khẩu,Google Tensor G2 (5 nm),Google,Android,High,HD,Tensor G2
Nubia Red Magic 7S Pro,https://mobilecity.vn/dien-thoai/nubia-red-magic-7s-pro.html,11950000.0,Qualcomm SM8450 Snapdragon 8 Gen 1 8 nhân GPU Adreno 730,18.0,1024.0,6.8,1080 x 2400,AMOLED,120.0,64,3.0,5000.0,Mật khẩu,Qualcomm SM8450 Snapdragon 8+ Gen 1 (4 nm),Nubia,Android,High,HD,M8450
OnePlus 11 Cũ,https://mobilecity.vn/dien-thoai/oneplus-11-cu-gia-re.html,11950000.0,Qualcomm SM8550 Snapdragon 8 Gen 2 8 nhân GPU Adreno 740,16.0,128.0,6.7,1440 x 3216,LTPO3 Fluid AMOLED,120.0,50,3.0,5000.0,Mật khẩu,Qualcomm SM8550 Snapdragon 8 Gen 2 (4 nm),OnePlus,Android,High,FHD,M8550
Sony Xperia 10 VII,https://mobilecity.vn/dien-thoai/sony-xperia-10-vii.html,11950000.0,Qualcomm SM6475AB Snapdragon 6 Gen 3 8 nhân GPU Adreno 710,8.0,128.0,6.1,1080 x 2340,OLED,120.0,50,2.0,5000.0,Vân tay,Qualcomm SM6475-AB Snapdragon 6 Gen 3 (4 nm),Sony,Android,High,HD,M6475
Google Pixel 9a,https://mobilecity.vn/dien-thoai/google-pixel-9a.html,11950000.0,Google Tensor G4 8 nhân GPU MaliG715 MP7,8.0,256.0,6.3,1080 x 2424,P-OLED,120.0,48,2.0,5100.0,Mật khẩu,Google Tensor G4 (4 nm),Google,Android,High,HD,Tensor G4
Honor 300 Pro,https://mobilecity.vn/dien-thoai/honor-300-pro-sac-100w.html,11950000.0,Qualcomm SM8650AB Snapdragon 8 Gen 3 8 nhân GPU Adreno 750,16.0,512.0,6.78,1224 x 2700,AMOLED,120.0,50,3.0,5300.0,Mật khẩu,Qualcomm SM8650-AB Snapdragon 8 Gen 3 (4 nm),Honor,Android,High,HD,M8650
ZTE Nubia Z50S Pro,https://mobilecity.vn/dien-thoai/zte-nubia-z50s-pro-man-hinh-144hz.html,12150000.0,Qualcomm SM8550AB Snapdragon 8 Gen 2 8 nhân GPU Adreno 740,16.0,1024.0,6.78,1260 x 2800,AMOLED,120.0,50,3.0,5100.0,Mật khẩu,Qualcomm SM8550-AB Snapdragon 8 Gen 2 (4 nm),ZTE,Android,High,HD,M8550
Vivo V60 Lite 5G Chính hãng,https://mobilecity.vn/dien-thoai/vivo-v60-lite-5g-dimensity-7360-turbo.html,12050000.0,MediaTek Dimensity 7360 Turbo 8 nhân GPU MaliG615 MC2,12.0,256.0,6.77,1080 x 2392,AMOLED,120.0,50,2.0,6500.0,Mật khẩu,MediaTek Dimensity 7360 Turbo (4 nm),Vivo,Android,High,HD,Dimensity 7360
OPPO Reno12 Pro China AI 5G,https://mobilecity.vn/dien-thoai/oppo-reno12-pro-ai-dimensity-9200-plus.html,12250000.0,Mediatek Dimensity 9200 8 nhân GPU ImmortalisG715 MC11,16.0,512.0,6.7,1080 x 2412,AMOLED,120.0,50,3.0,5000.0,Vân tay,Mediatek Dimensity 9200+ (4 nm),OPPO,Android,High,HD,Dimensity 9200
Realme GT 7 Global,https://mobilecity.vn/dien-thoai/realme-gt-7-global.html,12250000.0,MediaTek Dimensity 9400e 8 nhân GPU ImmortalisG720 MC12,12.0,512.0,6.78,1264 x 2780,LTPO AMOLED,120.0,50,3.0,7000.0,Mật khẩu,MediaTek Dimensity 9400e (4 nm),Realme,Android,High,HD,Dimensity 9400
Honor 400 Pro 5G,https://mobilecity.vn/dien-thoai/honor-400-pro-sieu-manh.html,12350000.0,Qualcomm SM8650AB Snapdragon 8 Gen 3 8 nhân GPU Adreno 750,16.0,1024.0,6.55,1264 x 2736,AMOLED,120.0,200,3.0,7200.0,Mật khẩu,Qualcomm SM8650-AB Snapdragon 8 Gen 3 (4 nm),Honor,Android,High,HD,M8650
Vivo iQOO Neo 11 Pro,https://mobilecity.vn/dien-thoai/vivo-iqoo-neo-11-pro-sieu-manh.html,12450000.0,Dimensity 9500 8 nhân,16.0,1024.0,6.78,1440 x 3200,LTPO OLED,144.0,50,2.0,7000.0,Mật khẩu,Dimensity 9500 (3 nm),Vivo,Android,High,FHD,Dimensity 9500
Nubia Red Magic 8 Pro 5G,https://mobilecity.vn/dien-thoai/nubia-red-magic-8-pro-Snapdragon-8-gen-2.html,12450000.0,Qualcomm SM8550 Snapdragon 8 Gen 2 8 nhân GPU Adreno 740,12.0,512.0,6.8,1116 x 24080,AMOLED,120.0,50,3.0,6000.0,Mật khẩu,Qualcomm SM8550 Snapdragon 8 Gen 2 (4 nm),Nubia,Android,High,HD,M8550
Asus ROG Phone 6D Ultimate,https://mobilecity.vn/dien-thoai/asus-rog-phone-6d-ultimate.html,12450000.0,MediaTek Dimensity 9000 8 nhân GPU MaliG710 MC10,16.0,512.0,6.78,1080 x 2448,AMOLED,165.0,50,3.0,6000.0,Mật khẩu,MediaTek Dimensity 9000+ (4 nm),Asus,Android,High,HD,Dimensity 9000
OnePlus 13R,https://mobilecity.vn/dien-thoai/oneplus-13r-pin-6500mah.html,12790000.0,Qualcomm SM8650AB Snapdragon 8 Gen 3 8 nhân GPU Adreno 750,16.0,512.0,6.78,1264 x 2780,LTPO 4.1 AMOLED,120.0,50,3.0,6000.0,Vân tay,Qualcomm SM8650-AB Snapdragon 8 Gen 3 (4 nm),OnePlus,Android,High,HD,M8650
Vivo S30 Pro Mini,https://mobilecity.vn/dien-thoai/vivo-s30-pro-mini.html,12650000.0,MediaTek Dimensity 9300 Plus 8 nhân GPU ImmortalisG720 MC12,16.0,512.0,6.31,1216 x 2640,LTPO AMOLED,120.0,50,3.0,6500.0,Vân tay,MediaTek Dimensity 9300 Plus (4 nm),Vivo,Android,High,HD,Dimensity 9300 plus
Xiaomi POCO F7 Pro,https://mobilecity.vn/dien-thoai/xiaomi-poco-f7-pro.html,12850000.0,Qualcomm SM8650AB Snapdragon 8 Gen 3 8 nhân GPU Adreno 750,12.0,512.0,6.67,1440 x 3200,AMOLED,120.0,50,2.0,6000.0,Vân tay,Qualcomm SM8650-AB Snapdragon 8 Gen 3 (4 nm),Xiaomi,Android,High,FHD,M8650
Xiaomi 12T Pro Chính hãng DGW,https://mobilecity.vn/dien-thoai/xiaomi-12t-pro.html,12850000.0,Qualcomm SM8475 Snapdragon 8 Gen 1 8 nhân GPU Adreno 730,12.0,256.0,6.67,1220 x 2712,AMOLED,120.0,200,3.0,5000.0,Vân tay,Qualcomm SM8475 Snapdragon 8+ Gen 1 (4 nm),Xiaomi,Android,High,HD,M8475
OnePlus 13 Mini,https://mobilecity.vn/dien-thoai/oneplus-13-mini.html,12950000.0,Qualcomm SM8750AB Snapdragon 8 Elite 8 nhân GPU Adreno 830,16.0,1024.0,6.31,1264 x 2780,LTPO OLED,120.0,50,2.0,5600.0,Mật khẩu,Qualcomm SM8750-AB Snapdragon 8 Elite (3 nm),OnePlus,Android,High,HD,M8750
Nubia Red Magic 8 Pro Plus cũ,https://mobilecity.vn/dien-thoai/nubia-red-magic-8-pro-plus-cu.html,12950000.0,Qualcomm SM8550 Snapdragon 8 Gen 2 8 nhân GPU Adreno 740,16.0,1024.0,6.8,1116 x 2480,AMOLED,120.0,50,3.0,5000.0,Mật khẩu,Qualcomm SM8550 Snapdragon 8 Gen 2 (4 nm),Nubia,Android,High,HD,M8550
OPPO Reno14 Pro Chính hãng,https://mobilecity.vn/dien-thoai/oppo-reno14-pro-ip68-ip69.html,12950000.0,MediaTek Dimensity 8450 8 nhân GPU ARM G720 MC7,16.0,1024.0,6.83,1272 x 2800,AMOLED,120.0,50,3.0,6200.0,Vân tay,MediaTek Dimensity 8450 (4 nm),OPPO,Android,High,HD,Dimensity 8450
iPhone 16e Chính hãng VN/A,https://mobilecity.vn/dien-thoai/iphone-16e-apple-a18.html,12950000.0,Apple A18 6 nhân GPU Apple GPU,8.0,512.0,6.1,1170 x 2532,Super Retina XDR OLED,60.0,48,1.0,4005.0,Mật khẩu,Apple A18 (3 nm),Apple,iOS,High,HD,A18 Bionic
ZTE Nubia Z60 Ultra Leading Version AI,https://mobilecity.vn/dien-thoai/zte-nubia-z60-ultra-leading-version.html,12950000.0,Qualcomm SM8650AC Snapdragon 8 Gen 3 Leading Vision 8 nhân GPU Adreno 750,16.0,1024.0,6.8,1116 x 2480,AMOLED,120.0,64,3.0,6000.0,Mật khẩu,Qualcomm SM8650-AC Snapdragon 8 Gen 3 (4 nm) - Leading Vision,ZTE,Android,High,HD,M8650
OnePlus Ace 6 Pro 5G,https://mobilecity.vn/dien-thoai/oneplus-ace-6-pro-5g.html,12950000.0,Qualcomm Snapdragon 8 Elite Gen 5 8 nhân GPU Adreno 840,16.0,1024.0,6.83,1264 x 2780,LTPO AMOLED,165.0,50,2.0,7000.0,Mật khẩu,Qualcomm Snapdragon 8 Elite Gen 5 (3 nm),OnePlus,Android,High,HD,Snapdragon 8 elite gen 5
OnePlus 11,https://mobilecity.vn/dien-thoai/oneplus-11-snapdragon-8-gen-2.html,12950000.0,Qualcomm SM8550 Snapdragon 8 Gen 2 8 nhân GPU Adreno 740,16.0,512.0,6.7,1440 x 3216,LTPO3 AMOLED,120.0,50,3.0,5000.0,Mật khẩu,Qualcomm SM8550 Snapdragon 8 Gen 2 (4 nm),OnePlus,Android,High,FHD,M8550
OnePlus 12,https://mobilecity.vn/dien-thoai/oneplus-12-hieu-nang-sieu-manh.html,12950000.0,Qualcomm SM8650AB Snapdragon 8 Gen 3 8 nhân GPU Adreno 750,24.0,1024.0,6.82,1440 x 3168,LTPO AMOLED,120.0,64,3.0,5400.0,Mật khẩu,Qualcomm SM8650-AB Snapdragon 8 Gen 3 (4 nm),OnePlus,Android,High,FHD,M8650
iPhone SE 4,https://mobilecity.vn/dien-thoai/iphone-se-4.html,12950000.0,Apple A18 6 nhân GPU Apple GPU,8.0,512.0,6.1,1170 x 2532,Super Retina XDR OLED,60.0,48,1.0,3279.0,Face ID,Apple A18 (3 nm),Apple,iOS,High,HD,A18 Bionic
OnePlus 15R,https://mobilecity.vn/dien-thoai/oneplus-15r.html,12990000.0,Qualcomm SM8750AB Snapdragon 8 Elite 8 nhân GPU Adreno 830,16.0,1024.0,6.78,1264 x 2780,LTPO AMOLED,165.0,50,2.0,7000.0,Mật khẩu,Qualcomm SM8750-AB Snapdragon 8 Elite (3 nm),OnePlus,Android,High,HD,M8750
Trump Mobile T1 Phone,https://mobilecity.vn/dien-thoai/trump-mobile-t1-phone.html,13050000.0,Qualcomm Snapdragon 8 nhân,12.0,256.0,6.78,1080 x 2460,AMOLED,120.0,50,3.0,5000.0,Mật khẩu,Qualcomm Snapdragon 8 nhân,Other,Android,High,HD,Snapdragon 8
OPPO Find X8s,https://mobilecity.vn/dien-thoai/oppo-find-x8-mini-5g.html,13050000.0,MediaTek Dimensity 9400 Plus 8 nhân GPU ImmortalisG925 MC12,16.0,1024.0,6.32,1216 x 2640,AMOLED,120.0,50,3.0,5700.0,Vân tay,MediaTek Dimensity 9400 Plus (3 nm),OPPO,Android,High,HD,Dimensity 9400 plus
OPPO Find X8S Plus 5G,https://mobilecity.vn/dien-thoai/oppo-find-x8s-plus-cao-cap.html,13050000.0,MediaTek Dimensity 9400 Plus 8 nhân GPU ImmortalisG925 MC12,16.0,1024.0,6.59,1256 x 2760,AMOLED,120.0,50,3.0,6000.0,Vân tay,MediaTek Dimensity 9400 Plus (3 nm),OPPO,Android,High,HD,Dimensity 9400 plus
ZTE Nubia Z50 Ultra,https://mobilecity.vn/dien-thoai/nubia-z50-ultra-snapdragon-8-gen-2-amoled-1-ty-mau.html,13450000.0,Qualcomm SM8550AB Snapdragon 8 Gen 2 8 nhân GPU Adreno 740,16.0,1024.0,6.8,1116 x 2480,AMOLED,120.0,64,3.0,5000.0,Mật khẩu,Qualcomm SM8550-AB Snapdragon 8 Gen 2 (4 nm),ZTE,Android,High,HD,M8550
Xiaomi 14 CIVI 5G,https://mobilecity.vn/dien-thoai/xiaomi-14-civi-5g-man-amoled-68-ty-mau.html,13550000.0,Qualcomm Snapdragon 8s Gen 3 8 nhân GPU Adreno 735,12.0,512.0,6.55,1236 x 2750,LTPO AMOLED,120.0,50,3.0,4700.0,Mật khẩu,Qualcomm Snapdragon 8s Gen 3 (4 nm),Xiaomi,Android,High,HD,Snapdragon 8
Honor 500 Pro,https://mobilecity.vn/dien-thoai/honor-500-pro.html,13450000.0,Qualcomm SM8750AB Snapdragon 8 Elite 8 nhân GPU Adreno 830,16.0,1024.0,6.56,1264 x 2736,AMOLED,120.0,200,3.0,8000.0,Vân tay,Qualcomm SM8750-AB Snapdragon 8 Elite (3 nm),Honor,Android,High,HD,M8750
OPPO Reno15 Pro 5G,https://mobilecity.vn/dien-thoai/oppo-reno15-pro-5g.html,13750000.0,MediaTek Dimensity 8450 8 nhân 325 GHz GPU MaliG720 MC7,16.0,1024.0,6.78,1272 x 2772,LTPO AMOLED,120.0,200,3.0,6500.0,Vân tay,MediaTek Dimensity 8450 (4 nm),OPPO,Android,High,HD,Dimensity 8450
Honor Magic7,https://mobilecity.vn/dien-thoai/honor-magic7-snapdragon-8-elite.html,13750000.0,Qualcomm SM8750AB Snapdragon 8 Elite 8 nhân GPU Adreno 830,16.0,1024.0,6.78,1264 x 2800,LTPO OLED,120.0,50,3.0,5650.0,Vân tay,Qualcomm SM8750-AB Snapdragon 8 Elite (3 nm),Honor,Android,High,HD,M8750
Vivo S50 Pro Mini,https://mobilecity.vn/dien-thoai/vivo-s50-pro-mini-5g.html,13850000.0,Qualcomm Snapdragon 8 Gen 5 8 nhân GPU Adreno 829,16.0,512.0,6.31,1216 x 2640,LTPO AMOLED,120.0,50,3.0,6500.0,Vân tay,Qualcomm Snapdragon 8 Gen 5 (3 nm),Vivo,Android,High,HD,Snapdragon 8 gen 5
Samsung Galaxy S25 FE Chính hãng,https://mobilecity.vn/dien-thoai/samsung-galaxy-s25-fe-chinh-hang.html,13850000.0,Exynos 2400 10 nhân GPU Xclipse 940,8.0,512.0,6.7,1080 x 2340,Dynamic AMOLED 2X,120.0,50,3.0,4900.0,Vân tay,Exynos 2400 (4 nm),Samsung,Android,High,HD,Exynos 2400 10
Xiaomi 14 Pro Cũ,https://mobilecity.vn/dien-thoai/xiaomi-14-pro-cu-ngoai-hinh-dep-99.html,13950000.0,Qualcomm SM8650AB Snapdragon 8 Gen 3 8 nhân GPU Adreno 750,16.0,1024.0,6.73,1440 x 3200,LTPO AMOLED,120.0,50,3.0,4880.0,Mật khẩu,Qualcomm SM8650-AB Snapdragon 8 Gen 3 (4 nm),Xiaomi,Android,High,FHD,M8650
Asus ROG Phone 5 5G,https://mobilecity.vn/asus/asus-rog-phone-5.html,13950000.0,Qualcomm SM8350 Snapdragon 888 5G 8 nhân GPU Adreno 660,16.0,256.0,6.78,1080 x 2448,AMOLED,144.0,64,3.0,6000.0,Vân tay,Qualcomm SM8350 Snapdragon 888 5G (5 nm),Asus,Android,High,HD,M8350
OnePlus 15T 5G,https://mobilecity.vn/dien-thoai/oneplus-15t-5g.html,13950000.0,Snapdragon 8 Elite 2 8 nhân,16.0,1024.0,6.31,1216 x 2640,LTPO AMOLED,120.0,50,1.0,7000.0,Mật khẩu,Snapdragon 8 Elite 2 (3 nm),OnePlus,Android,High,HD,Snapdragon 8 elite
ZTE Nubia Red Magic 11 Air,https://mobilecity.vn/dien-thoai/zte-nubia-red-magic-11-air-8gen5.html,13950000.0,Qualcomm Snapdragon 8 Elite 8 nhân GPU Adreno 830,16.0,512.0,6.85,1216 x 2688,AMOLED,120.0,50,2.0,7000.0,Mật khẩu,Qualcomm Snapdragon 8 Elite,ZTE,Android,High,HD,Snapdragon 8 elite
Nothing Phone,https://mobilecity.vn/dien-thoai/nothing-phone-2-gia-re.html,14190000.0,Qualcomm SM8475 Snapdragon 8 Gen 1 8 nhân CPU Adreno 730,12.0,512.0,6.7,1080 x 2412,OLED,120.0,50,2.0,4700.0,Mật khẩu,Qualcomm SM8475 Snapdragon 8+ Gen 1 (4 nm),Nothing,Android,High,HD,M8475
ZTE Nubia Z70 Ultra,https://mobilecity.vn/dien-thoai/zte-nubia-z70-ultra-5g.html,13950000.0,Qualcomm SM8750AB Snapdragon 8 Elite 8 nhân GPU Adreno 830,24.0,1024.0,6.85,1216 x 2688,AMOLED,144.0,64,3.0,6150.0,Mật khẩu,Qualcomm SM8750-AB Snapdragon 8 Elite (3 nm),ZTE,Android,High,HD,M8750
OPPO Find X8 Pro,https://mobilecity.vn/dien-thoai/oppo-find-x8-pro-5g.html,14250000.0,MediaTek Dimensity 9400 8 nhân GPU ImmortalisG925,16.0,1024.0,6.78,1264 x 2780,LTPO AMOLED,120.0,50,4.0,5910.0,Vân tay,MediaTek Dimensity 9400,OPPO,Android,High,HD,Dimensity 9400
Nubia Red Magic 8 Pro Plus 5G,https://mobilecity.vn/dien-thoai/nubia-red-magic-8-pro-plus-sac-165w.html,14250000.0,Qualcomm SM8550 Snapdragon 8 Gen 2 8 nhân GPU Adreno 740,16.0,1024.0,6.8,1116 x 2480,AMOLED,120.0,50,3.0,5000.0,Mật khẩu,Qualcomm SM8550 Snapdragon 8 Gen 2 (4 nm),Nubia,Android,High,HD,M8550
Asus ROG Phone 7,https://mobilecity.vn/dien-thoai/asus-rog-phone-7-thiet-ke-dep.html,14450000.0,Qualcomm SM8550AB Snapdragon 8 Gen 2 8 nhân GPU Adreno 740,16.0,512.0,6.78,1080 x 2448,AMOLED,165.0,50,3.0,6000.0,Mật khẩu,Qualcomm SM8550-AB Snapdragon 8 Gen 2 (4 nm),Asus,Android,High,HD,M8550
Asus ROG Phone 5S,https://mobilecity.vn/asus/asus-rog-phone-5s.html,14450000.0,Qualcomm SM8350 Snapdragon 888 5G 8 nhân GPU Adreno 660,16.0,512.0,6.78,1080 x 2448,AMOLED,144.0,64,3.0,6000.0,Vân tay,Qualcomm SM8350 Snapdragon 888+ 5G (5 nm),Asus,Android,High,HD,M8350
Honor GT2 Pro 5G,https://mobilecity.vn/dien-thoai/honor-gt2-pro-5g.html,14650000.0,Qualcomm Snapdragon 8 Elite Gen 5 8 nhân GPU Adreno 840,16.0,1024.0,6.78,1224 x 2800,LTPO AMOLED,144.0,50,3.0,7500.0,Mật khẩu,Qualcomm Snapdragon 8 Elite Gen 5 (3 nm),Honor,Android,High,HD,Snapdragon 8 elite gen 5
Samsung Galaxy S23,https://mobilecity.vn/dien-thoai/samsung-galaxy-s23-chinh-hang.html,14450000.0,Qualcomm SM8550AC Snapdragon 8 Gen 2 8 nhân GPU Adreno 740,8.0,128.0,6.1,1080 x 2340,Dynamic AMOLED 2X,120.0,50,3.0,3900.0,Mật khẩu,Qualcomm SM8550-AC Snapdragon 8 Gen 2 (4 nm),Samsung,Android,High,HD,M8550
ZTE Nubia Z70S Ultra Photographer Edition,https://mobilecity.vn/dien-thoai/nubia-z70s-ultra-photographer-edition.html,14650000.0,Qualcomm SM8750AB Snapdragon 8 Elite 8 nhân GPU Adreno 830,24.0,1024.0,6.85,1216 x 2688,AMOLED,144.0,64,3.0,6600.0,Vân tay,Qualcomm SM8750-AB Snapdragon 8 Elite (3 nm),ZTE,Android,High,HD,M8750
ZTE Nubia Z60 Ultra Photographer Edition,https://mobilecity.vn/dien-thoai/zte-nubia-z60-ultra-photographer-edition.html,14790000.0,Qualcomm SM8650AB Snapdragon 8 Gen 3 8 nhân GPU Adreno 750,16.0,512.0,6.8,1116 x 2480,AMOLED,120.0,64,3.0,6000.0,Mật khẩu,Qualcomm SM8650-AB Snapdragon 8 Gen 3 (4 nm),ZTE,Android,High,HD,M8650
Honor 300 Ultra,https://mobilecity.vn/dien-thoai/honor-300-ultra-snapdragon-8-gen-3.html,14750000.0,Qualcomm SM8650AB Snapdragon 8 Gen 3 8 nhân GPU Adreno 750,16.0,1024.0,6.78,1224 x 2700,AMOLED,120.0,50,3.0,5300.0,Mật khẩu,Qualcomm SM8650-AB Snapdragon 8 Gen 3 (4 nm),Honor,Android,High,HD,M8650
Xiaomi 14 Chính hãng,https://mobilecity.vn/dien-thoai/xiaomi-14-chinh-hang.html,14750000.0,Qualcomm SM8650AB Snapdragon 8 Gen 3 8 nhân GPU Adreno 750,12.0,512.0,6.36,1200 x 2670,LTPO AMOLED,120.0,50,3.0,4610.0,Vân tay,Qualcomm SM8650-AB Snapdragon 8 Gen 3 (4 nm),Xiaomi,Android,High,HD,M8650
Samsung Galaxy Z Flip5 Chính hãng,https://mobilecity.vn/dien-thoai/samsung-galaxy-flip-5-chinh-hang.html,14800000.0,Qualcomm SM8550AB Snapdragon 8 Gen 2 8 nhân GPU Adreno 740,8.0,512.0,6.7,1080 x 2640,Foldable Dynamic AMOLED 2X | Màn phụ: Super AMOLED,120.0,12,2.0,3700.0,Mật khẩu,Qualcomm SM8550-AB Snapdragon 8 Gen 2 (4 nm),Samsung,Android,High,HD,M8550
Xiaomi 12S Ultra,https://mobilecity.vn/dien-thoai/xiaomi-12s-ultra.html,14950000.0,Qualcomm SM8475 Snapdragon 8 Gen 1 8 nhân GPU Adreno 730,12.0,512.0,6.73,1440 x 3200,LTPO2 AMOLED,120.0,50,3.0,4860.0,Mật khẩu,Qualcomm SM8475 Snapdragon 8+ Gen 1 (4 nm),Xiaomi,Android,High,FHD,M8475
ZTE Nubia Z60 Ultra 5G,https://mobilecity.vn/dien-thoai/zte-nubia-z60-ultra-cao-cap-hang-dau.html,14850000.0,Qualcomm SM8650AB Snapdragon 8 Gen 3 8 nhân GPU Adreno 750,16.0,1024.0,6.8,1116 x 2480,AMOLED,120.0,64,3.0,6000.0,Mật khẩu,Qualcomm SM8650-AB Snapdragon 8 Gen 3 (4 nm),ZTE,Android,High,HD,M8650
Xiaomi REDMI K90 Pro,https://mobilecity.vn/dien-thoai/xiaomi-redmi-k90-pro.html,14950000.0,Qualcomm Snapdragon 8 Elite Gen 5 8 nhân GPU Adreno 840,16.0,1024.0,6.67,1440 x 3200,OLED,120.0,50,3.0,7000.0,Mật khẩu,Qualcomm Snapdragon 8 Elite Gen 5 (3 nm),Xiaomi,Android,High,FHD,Snapdragon 8 elite gen 5
Honor 400 Ultra 5G,https://mobilecity.vn/dien-thoai/honor-400-ultra-5g.html,14950000.0,Qualcomm SM8750AB Snapdragon 8 Elite 8 nhân GPU Adreno 830,16.0,1024.0,6.78,1224 x 2700,OLED,120.0,50,3.0,7000.0,Mật khẩu,Qualcomm SM8750-AB Snapdragon 8 Elite (3 nm),Honor,Android,High,HD,M8750
Samsung Galaxy S25 cũ,https://mobilecity.vn/dien-thoai/samsung-galaxy-s25-cu.html,14950000.0,Qualcomm SM8750AB Snapdragon 8 Elite 8 nhân GPU Adreno 830,12.0,512.0,6.2,1080 x 2340,Dynamic LTPO AMOLED 2X,120.0,50,3.0,4000.0,Vân tay,Qualcomm SM8750-AB Snapdragon 8 Elite (3 nm),Samsung,Android,High,HD,M8750
Vivo V40 Pro 5G,https://mobilecity.vn/dien-thoai/vivo-v40-pro-5g-dimensity-9200-plus.html,14990000.0,MediaTek Dimensity 9200 8 nhân GPU ImmortalisG715 MC11,12.0,512.0,6.78,1260 x 2800,AMOLED,120.0,50,3.0,5500.0,Vân tay,MediaTek Dimensity 9200+ (4 nm),Vivo,Android,High,HD,Dimensity 9200
Asus ROG Phone 8 5G,https://mobilecity.vn/dien-thoai/asus-rog-phone-8-gaming-phone-sieu-manh.html,15450000.0,Qualcomm SM8650AB Snapdragon 8 Gen 3 8 nhân GPU Adreno 750,24.0,1024.0,6.78,1080 x 2400,LTPO AMOLED,165.0,50,6.0,5500.0,Vân tay,Qualcomm SM8650-AB Snapdragon 8 Gen 3 (4 nm),Asus,Android,Premium,HD,M8650
Xiaomi REDMI K90 Ultra,https://mobilecity.vn/dien-thoai/xiaomi-redmi-k90-ultra-loa-bose.html,15150000.0,Qualcomm SM8850AC Snapdragon 8 Elite Gen 5 8 nhân GPU Adreno 840,16.0,1024.0,6.9,1200 x 2608,LTPO AMOLED,2560.0,50,3.0,7560.0,Vân tay,Qualcomm SM8850-AC Snapdragon 8 Elite Gen 5 (3 nm),Xiaomi,Android,Premium,HD,M8850
Xiaomi 16,https://mobilecity.vn/dien-thoai/xiaomi-16-5g.html,15250000.0,napdragon 8 Elite 2,16.0,1024.0,6.39,1200 x 2670,OLED,120.0,50,3.0,7000.0,Mật khẩu,napdragon 8 Elite 2 (3 nm),Xiaomi,Android,Premium,HD,Napdragon 8 
Realme GT 2 Pro,https://mobilecity.vn/dien-thoai/realme-gt-2-pro-chinh-hang.html,15450000.0,Qualcomm SM8450 Snapdragon 8 Gen 1 8 nhân GPU Adreno 730,12.0,256.0,6.7,1440 x 3216,LTPO AMOLED,120.0,50,3.0,5000.0,Vân tay,Qualcomm SM8450 Snapdragon 8 Gen 1 (4 nm),Realme,Android,Premium,FHD,M8450
iPhone 15 Chính hãng VN/A,https://mobilecity.vn/dien-thoai/iphone-15-chinh-hang-nho-gon.html,15450000.0,Apple A16 Bionic 6 nhân GPU Apple GPU,6.0,512.0,6.1,1179 x 2556,Super Retina XDR OLED,60.0,48,2.0,3349.0,Mật khẩu,Apple A16 Bionic (4 nm),Apple,iOS,Premium,HD,A16 Bionic
iPhone 16e cũ,https://mobilecity.vn/dien-thoai/iphone-16e-cu-99-dep.html,15450000.0,Apple A18 6 nhân GPU Apple GPU,8.0,512.0,6.1,1170 x 2532,Super Retina XDR OLED,60.0,48,1.0,4005.0,Mật khẩu,Apple A18 (3 nm),Apple,iOS,Premium,HD,A18 Bionic
Samsung Galaxy S22 Chính hãng,https://mobilecity.vn/samsung/samsung-galaxy-s22.html,15650000.0,Qualcomm SM8450 Snapdragon 8 Gen 1 8 nhân GPU Adreno 730,8.0,256.0,6.1,1080 x 2340,Dynamic AMOLED 2X,120.0,50,3.0,3700.0,Mật khẩu,Qualcomm SM8450 Snapdragon 8 Gen 1 (4 nm),Samsung,Android,Premium,HD,M8450
Xiaomi 15 Pro 5G,https://mobilecity.vn/dien-thoai/xiaomi-15-pro-5g-snapdragon-8-gen-4.html,15950000.0,Qualcomm SM8750AB Snapdragon 8 Elite 8 nhân GPU Adreno 830,16.0,1024.0,6.73,1440 x 3200,LTPO AMOLED,120.0,50,3.0,6100.0,Vân tay,Qualcomm SM8750-AB Snapdragon 8 Elite (3 nm),Xiaomi,Android,Premium,FHD,M8750
Samsung Galaxy S24 Chính hãng,https://mobilecity.vn/dien-thoai/samsung-galaxy-s24-chinh-hang.html,15950000.0,Exynos 2400 10 nhân GPU Xclipse 940,8.0,512.0,6.2,1080 x 2340,Dynamic LTPO AMOLED 2X,120.0,50,3.0,4000.0,Vân tay,Exynos 2400 (4 nm),Samsung,Android,Premium,HD,Exynos 2400 10
Vivo X300 Pro Mini,https://mobilecity.vn/dien-thoai/vivo-x300-pro-mini.html,15950000.0,MediaTek Dimensity 9500 8 nhân lên tới 4 GHz GPU ImmortalisG9xx,16.0,1024.0,6.31,1216 x 2640,LTPO AMOLED,120.0,50,3.0,5700.0,Mật khẩu,MediaTek Dimensity 9500 (3 nm),Vivo,Android,Premium,HD,Dimensity 9500
Sony Xperia 1 III 5G,https://mobilecity.vn/dien-thoai/sony-xperia-1-iii-snapdragon-888.html,16150000.0,Qualcomm SM8350 Snapdragon 888 5G 8 nhân GPU Adreno 660,12.0,512.0,6.5,1644 x 3840,OLED,120.0,12,4.0,4500.0,Mật khẩu,Qualcomm SM8350 Snapdragon 888 5G (5 nm),Sony,Android,Premium,FHD,M8350
Xiaomi 13T Pro Chính hãng,https://mobilecity.vn/dien-thoai/xiaomi-13t-pro-chinh-hang.html,15990000.0,Mediatek Dimensity 9200 8 nhân GPU ImmortalisG715 MC11,16.0,1024.0,6.67,1220 x 2712,AMOLED,144.0,50,3.0,5000.0,Mật khẩu,Mediatek Dimensity 9200+ (4 nm),Xiaomi,Android,Premium,HD,Dimensity 9200
Xiaomi 16 Pro,https://mobilecity.vn/dien-thoai/xiaomi-16-pro-snapdragon-sieu-manh.html,16250000.0,Qualcomm Snapdragon 8 Elite 2 8 nhân x GHz GPU Adreno 830,16.0,1024.0,6.73,1440 x 3200,LTPO AMOLED,120.0,50,3.0,7000.0,Mật khẩu,Qualcomm Snapdragon 8 Elite 2 (3 nm),Xiaomi,Android,Premium,FHD,Snapdragon 8 elite
OPPO Find X9 5G,https://mobilecity.vn/dien-thoai/oppo-find-x9-5g.html,16350000.0,MediaTek Dimensity 9500 8 nhân GPU Arm G1Ultra,16.0,1024.0,6.59,1256 x 2760,AMOLED,120.0,50,3.0,7025.0,Vân tay,MediaTek Dimensity 9500 (3 nm),OPPO,Android,Premium,HD,Dimensity 9500
Asus Zenfone 9,https://mobilecity.vn/dien-thoai/asus-zenfone-9.html,16450000.0,Qualcomm SM8475 Snapdragon 8 Gen 1 8 nhân GPU Adreno 730,16.0,256.0,5.9,1080 x 2400,Super AMOLED,120.0,50,2.0,4300.0,Mật khẩu,Qualcomm SM8475 Snapdragon 8+ Gen 1 (4 nm),Asus,Android,Premium,HD,M8475
Xiaomi POCO F7 Ultra,https://mobilecity.vn/dien-thoai/xiaomi-poco-f7-ultra.html,16590000.0,Qualcomm SM8750AB Snapdragon 8 Elite 8 nhân GPU Adreno 830,16.0,512.0,6.67,1440 x 3200,AMOLED,120.0,50,3.0,5300.0,Vân tay,Qualcomm SM8750-AB Snapdragon 8 Elite (3 nm),Xiaomi,Android,Premium,FHD,M8750
Honor Magic8 5G,https://mobilecity.vn/dien-thoai/honor-magic8-gia-re.html,16650000.0,Qualcomm SM8850AC Snapdragon 8 Elite Gen 5 8 nhân GPU Adreno 840,16.0,1024.0,6.58,1265 x 2760,LTPO OLED,120.0,64,3.0,7000.0,Vân tay,Qualcomm SM8850-AC Snapdragon 8 Elite Gen 5 (3 nm),Honor,Android,Premium,HD,M8850
Vivo X200 FE,https://mobilecity.vn/dien-thoai/vivo-x200-fe-quoc-te.html,16850000.0,MediaTek Dimensity 9300 8 nhân GPU ImmortalisG720 MC12,12.0,512.0,6.31,1216 x 2640,LTPO AMOLED,120.0,50,3.0,6500.0,Vân tay,MediaTek Dimensity 9300+ (4 nm),Vivo,Android,Premium,HD,Dimensity 9300
OPPO Find X9 Plus,https://mobilecity.vn/dien-thoai/oppo-find-x9-plus.html,16950000.0,MediaTek Dimensity 9500 8 nhân lên tới 4 GHz GPU ImmortalisG9xx,16.0,1024.0,6.78,1256 x 2760,AMOLED,120.0,50,3.0,6000.0,Mật khẩu,MediaTek Dimensity 9500 (3 nm),OPPO,Android,Premium,HD,Dimensity 9500
Google Pixel 8 5G,https://mobilecity.vn/dien-thoai/google-pixel-8-5g.html,17050000.0,Google Tensor G3 9 nhân GPU ImmortalisG715s MC10,8.0,256.0,6.2,1080 x 2400,OLED,120.0,50,2.0,4575.0,Mật khẩu,Google Tensor G3 (4 nm),Google,Android,Premium,HD,Tensor G3
Xiaomi 18,https://mobilecity.vn/dien-thoai/xiaomi-18-flagship.html,17150000.0,Qualcomm Snapdragon 8 Elite Gen 6 8 nhân GPU Adreno 850,16.0,512.0,6.3,1220 x 2656,LTPO AMOLED,120.0,50,3.0,7500.0,Vân tay,Qualcomm Snapdragon 8 Elite Gen 6 (3 nm),Xiaomi,Android,Premium,HD,Snapdragon 8 elite gen 6
OPPO Find N3 Flip 5G,https://mobilecity.vn/dien-thoai/oppo-find-n3-flip-5g-chinh-hang.html,17450000.0,MediaTek Dimensity 9200 8 nhân GPU ImmortalisG715 MC11,12.0,512.0,6.8,1080 x 2520,Foldable LTPO AMOLED | Màn phụ: AMOLED,120.0,50,3.0,4300.0,Mật khẩu,MediaTek Dimensity 9200 (4 nm),OPPO,Android,Premium,HD,Dimensity 9200
OPPO Find X7 Ultra 5G,https://mobilecity.vn/dien-thoai/oppo-find-x7-pro-5g.html,17250000.0,Qualcomm SM8650AB Snapdragon 8 Gen 3 8 nhân GPU Adreno 750,16.0,512.0,6.82,1440 x 3168,LTPO AMOLED,120.0,50,4.0,5000.0,Vân tay,Qualcomm SM8650-AB Snapdragon 8 Gen 3 (4 nm),OPPO,Android,Premium,FHD,M8650
iPhone 15 Plus Chính hãng VN/A,https://mobilecity.vn/dien-thoai/iphone-15-plus-chinh-hang-man-hinh-rong.html,17550000.0,Apple A16 Bionic 6 nhân GPU Apple GPU,6.0,512.0,6.7,1290 x 2796,Super Retina XDR OLED,60.0,48,2.0,4383.0,Mật khẩu,Apple A16 Bionic (4 nm),Apple,iOS,Premium,HD,A16 Bionic
Honor 400 Pro 5G Chính hãng,https://mobilecity.vn/dien-thoai/honor-400-pro-5g-chinh-hang.html,17490000.0,Qualcomm SM8650AB Snapdragon 8 Gen 3 8 nhân GPU Adreno 750,12.0,512.0,6.7,1280 x 2800,AMOLED,120.0,200,3.0,6000.0,Vân tay,Qualcomm SM8650-AB Snapdragon 8 Gen 3 (4 nm),Honor,Android,Premium,HD,M8650
iPhone 13 Chính hãng VN/A,https://mobilecity.vn/apple/iphone-13-chinh-hang-vn-a.html,17450000.0,Apple A15 Bionic 6 nhân GPU Apple GPU,4.0,512.0,6.1,1170 x 2532,Super Retina,60.0,12,2.0,3240.0,Mật khẩu,Apple A15 Bionic (5 nm),Apple,iOS,Premium,HD,A15 Bionic
Vivo X100s Pro 5G,https://mobilecity.vn/dien-thoai/vivo-x100s-pro-5g-dimensity-9300-plus.html,17650000.0,MediaTek Dimensity 9300 8 nhân GPU ImmortalisG720 MC12,16.0,1024.0,6.78,1260 x 2800,LTPO AMOLED,120.0,50,3.0,5400.0,Mật khẩu,MediaTek Dimensity 9300+ (4 nm),Vivo,Android,Premium,HD,Dimensity 9300
Xiaomi POCO F8 Ultra,https://mobilecity.vn/dien-thoai/xiaomi-poco-f8-ultra.html,17950000.0,Qualcomm Snapdragon 8 Elite Gen 5 8 nhân GPU Adreno 840,16.0,512.0,6.9,1200 x 2608,AMOLED,120.0,50,3.0,6500.0,Vân tay,Qualcomm Snapdragon 8 Elite Gen 5 (3 nm),Xiaomi,Android,Premium,HD,Snapdragon 8 elite gen 5
Samsung Galaxy S25 Chính hãng,https://mobilecity.vn/dien-thoai/samsung-galaxy-s25-chinh-hang.html,17550000.0,Qualcomm SM8750AB Snapdragon 8 Elite 8 nhân GPU Adreno 830,12.0,512.0,6.2,1080 x 2340,Dynamic LTPO AMOLED 2X,120.0,50,3.0,4000.0,Vân tay,Qualcomm SM8750-AB Snapdragon 8 Elite (3 nm),Samsung,Android,Premium,HD,M8750
Nubia Red Magic 10 Pro Plus,https://mobilecity.vn/dien-thoai/nubia-red-magic-10-pro-plus.html,17950000.0,Qualcomm SM8750AB Snapdragon 8 Elite 8 nhân GPU Adreno 830,24.0,1024.0,6.85,1216 x 2688,AMOLED,144.0,50,3.0,7050.0,Mật khẩu,Qualcomm SM8750-AB Snapdragon 8 Elite (3 nm),Nubia,Android,Premium,HD,M8750
Honor Magic7 Pro,https://mobilecity.vn/dien-thoai/honor-magic7-pro.html,17950000.0,Qualcomm SM8750AB Snapdragon 8 Elite 8 nhân GPU Adreno 830,16.0,1024.0,6.8,1280 x 2800,LTPO OLED,120.0,200,3.0,5850.0,"Vân tay, Face ID",Qualcomm SM8750-AB Snapdragon 8 Elite (3 nm),Honor,Android,Premium,HD,M8750
Google Pixel 9 5G,https://mobilecity.vn/dien-thoai/google-pixel-9-man-oled-120hz.html,18050000.0,Google Tensor G4 8 nhân GPU MaliG715 MC7,12.0,256.0,6.3,1080 x 2424,OLED,120.0,50,2.0,4700.0,Vân tay,Google Tensor G4 (4 nm),Google,Android,Premium,HD,Tensor G4
ZTE Nubia Red Magic 10S Pro,https://mobilecity.vn/dien-thoai/zte-nubia-red-magic-10s-pro.html,18050000.0,Qualcomm Snapdragon 8 Elite Leading 8 nhân GPU Adreno 830,16.0,512.0,6.85,1216 x 2688,AMOLED,144.0,50,3.0,7050.0,Mật khẩu,Qualcomm Snapdragon 8 Elite (3 nm) - Leading,ZTE,Android,Premium,HD,Snapdragon 8 elite
Xiaomi 16 Pro Max,https://mobilecity.vn/dien-thoai/xiaomi-16-pro-max.html,18250000.0,Qualcomm Snapdragon 8 Elite 2 8 nhân x GHz GPU Adreno 830,16.0,1024.0,6.83,1440 x 3200,LTPO AMOLED,120.0,50,3.0,7500.0,Mật khẩu,Qualcomm Snapdragon 8 Elite 2 (3 nm),Xiaomi,Android,Premium,FHD,Snapdragon 8 elite
Samsung Galaxy S22 Ultra,https://mobilecity.vn/samsung/samsung-galaxy-s22-ultra.html,18450000.0,Qualcomm SM8450 Snapdragon 8 Gen1 8 nhân GPU Adreno 730,12.0,1024.0,6.8,1440 x 3088,Dynamic AMOLED 2X,120.0,108,4.0,5000.0,Vân tay,Qualcomm SM8450 Snapdragon 8 Gen1 (4 nm),Samsung,Android,Premium,FHD,M8450
ZTE Nubia Red Magic 11 Pro,https://mobilecity.vn/dien-thoai/zte-nubia-red-magic-11-pro.html,18550000.0,Qualcomm SM8850AC Snapdragon 8 Elite Gen 5 8 nhân GPU Adreno 840,16.0,512.0,6.85,1216 x 2688,AMOLED,144.0,50,3.0,8000.0,Vân tay,Qualcomm SM8850-AC Snapdragon 8 Elite Gen 5 (3 nm),ZTE,Android,Premium,HD,M8850
ZTE Nubia Z80 Ultra,https://mobilecity.vn/dien-thoai/zte-nubia-z80-ultra-snapdragon-8-elite-2.html,18550000.0,Qualcomm SM8850AC Snapdragon 8 Elite Gen 5 8 nhân GPU Adreno 840,16.0,1024.0,6.85,1216 x 2688,AMOLED,144.0,64,3.0,7200.0,Vân tay,Qualcomm SM8850-AC Snapdragon 8 Elite Gen 5 (3 nm),ZTE,Android,Premium,HD,M8850
OPPO Reno15 Pro Max,https://mobilecity.vn/dien-thoai/oppo-reno15-pro-max.html,18650000.0,Mediatek Dimensity 8500 8 nhân GPU ARM G7xx,16.0,1024.0,6.83,1272 x 2800,AMOLED,120.0,200,3.0,6500.0,Mật khẩu,Mediatek Dimensity 8500 (3 nm),OPPO,Android,Premium,HD,Dimensity 8500
Honor Magic8 Pro Air,https://mobilecity.vn/dien-thoai/honor-magic8-pro-air.html,18950000.0,Mediatek Dimensity 9500 8 nhân GPU Arm G1Ultra,16.0,1024.0,6.31,1216 x 2640,LTPO OLED,120.0,64,3.0,5500.0,Vân tay,Mediatek Dimensity 9500 (3 nm),Honor,Android,Premium,HD,Dimensity 9500
OPPO Find X8 Ultra,https://mobilecity.vn/dien-thoai/oppo-find-x8-ultra-5g.html,18950000.0,Qualcomm SM8750AB Snapdragon 8 Elite 8 nhân GPU Adreno 830,16.0,1024.0,6.82,1440 x 3168,LTPO AMOLED,120.0,50,4.0,6100.0,Vân tay,Qualcomm SM8750-AB Snapdragon 8 Elite (3 nm),OPPO,Android,Premium,FHD,M8750
ZTE Nubia Red Magic 10 Ultra,https://mobilecity.vn/dien-thoai/zte-nubia-red-magic-10-ultra.html,18950000.0,Qualcomm SM8750AB Snapdragon 8 Elite 8 nhân 2x432 GHz,24.0,1024.0,7.0,,AMOLED,120.0,50,3.0,7000.0,Mật khẩu,Qualcomm SM8750-AB Snapdragon 8 Elite (3 nm),ZTE,Android,Premium,Unknown,M8750
Samsung Galaxy S24 Plus Chính hãng,https://mobilecity.vn/dien-thoai/samsung-galaxy-s24-plus-thiet-ke-dep.html,18950000.0,Exynos 2400 10 nhân GPU Xclipse 940,12.0,512.0,6.7,1440 x 3120,Dynamic LTPO AMOLED 2X,120.0,50,3.0,4900.0,Vân tay,Exynos 2400 (4 nm),Samsung,Android,Premium,FHD,Exynos 2400 10
Sony Xperia 5 IV 5G,https://mobilecity.vn/dien-thoai/sony-xperia-5-iv.html,18995000.0,Qualcomm SM8475 Snapdragon 8 Gen 1 8 nhân GPU Adreno 730,8.0,512.0,6.1,1080 x 2520,OLED,120.0,12,3.0,5000.0,Mật khẩu,Qualcomm SM8475 Snapdragon 8 Gen 1 (4 nm),Sony,Android,Premium,HD,M8475
Google Pixel 7 Pro 5G,https://mobilecity.vn/dien-thoai/google-pixel-7-pro.html,18990000.0,Google Tensor G2 8 nhân GPU MaliG710 MP7,12.0,512.0,6.7,1440 x 3120,LTPO AMOLED,120.0,50,3.0,5000.0,Mật khẩu,Google Tensor G2 (5 nm),Google,Android,Premium,FHD,Tensor G2
Xiaomi MIX Flip 5G,https://mobilecity.vn/dien-thoai/xiaomi-mix-flip-dien-thoai-gap.html,19150000.0,Qualcomm SM8650AB Snapdragon 8 Gen 3 8 nhân GPU Adreno 750,16.0,1024.0,6.86,1224 x 2912,Foldable LTPO AMOLED | Màn hình phụ: AMOLED,120.0,50,2.0,4780.0,Mật khẩu,Qualcomm SM8650-AB Snapdragon 8 Gen 3 (4 nm),Xiaomi,Android,Premium,HD,M8650
Samsung Galaxy S25 Ultra cũ,https://mobilecity.vn/dien-thoai/samsung-galaxy-s25-ultra-cu.html,19450000.0,Qualcomm SM8750AB Snapdragon 8 Elite 8 nhân GPU Adreno 830,12.0,1024.0,6.9,1440 x 3120,Dynamic LTPO AMOLED 2X,120.0,200,4.0,5000.0,Vân tay,Qualcomm SM8750-AB Snapdragon 8 Elite (3 nm) (For Galaxy),Samsung,Android,Premium,FHD,M8750
Xiaomi 13 Ultra,https://mobilecity.vn/dien-thoai/xiaomi-13-ultra-chua-te-camera.html,19450000.0,Qualcomm SM8550AB Snapdragon 8 Gen 2 8 nhân GPU Adreno 740,16.0,1024.0,6.73,1440 x 3200,LTPO OLED,120.0,50,4.0,5000.0,Mật khẩu,Qualcomm SM8550-AB Snapdragon 8 Gen 2 (4 nm),Xiaomi,Android,Premium,FHD,M8550
OPPO Find X9 Pro,https://mobilecity.vn/dien-thoai/oppo-find-x9-pro-sieu-manh.html,19650000.0,MediaTek Dimensity 9500 8 nhân GPU Arm G1Ultra,16.0,1024.0,6.78,1272 x 2772,LTPO AMOLED,120.0,200,3.0,7500.0,Vân tay,MediaTek Dimensity 9500 (3 nm),OPPO,Android,Premium,HD,Dimensity 9500
Samsung Galaxy S25 Plus cũ,https://mobilecity.vn/dien-thoai/samsung-galaxy-s25-plus-cu.html,19850000.0,Qualcomm SM8750AB Snapdragon 8 Elite 8 nhân GPU Adreno 830,12.0,512.0,6.7,1440 x 3120,Dynamic LTPO AMOLED 2X,120.0,50,3.0,4900.0,Vân tay,Qualcomm SM8750-AB Snapdragon 8 Elite (3 nm),Samsung,Android,Premium,FHD,M8750
Xiaomi 15S Pro,https://mobilecity.vn/dien-thoai/xiaomi-15s-pro-cau-hinh-cao.html,19950000.0,Xring O1 10 nhân GPU ImmortalisG925 MC16,16.0,1024.0,6.73,1440 x 3200,LTPO AMOLED,120.0,50,3.0,6100.0,Vân tay,Xring O1 (3 nm),Xiaomi,Android,Premium,FHD,O1 10 
Samsung Galaxy Z Flip 6 5G Chính hãng,https://mobilecity.vn/dien-thoai/samsung-galaxy-z-flip6-5G-chinh-hang.html,19950000.0,Qualcomm SM8650AC Snapdragon 8 Gen 3 8 nhân GPU Adreno 750,12.0,512.0,6.7,1080 x 2640,Foldable Dynamic LTPO AMOLED 2X | Màn phụ: Super AMOLED,120.0,50,2.0,4000.0,Mật khẩu,Qualcomm SM8650-AC Snapdragon 8 Gen 3 (4 nm),Samsung,Android,Premium,HD,M8650
Samsung Galaxy Z Flip 7 FE,https://mobilecity.vn/dien-thoai/samsung-galaxy-z-flip-fe.html,19950000.0,Exynos 2400 10 nhân GPU Xclipse 940,8.0,512.0,6.7,1080 x 2640,Foldable Dynamic LTPO AMOLED 2X | Màn phụ: Super AMOLED,120.0,12,2.0,4000.0,Vân tay,Exynos 2400 (4 nm),Samsung,Android,Premium,HD,Exynos 2400 10
OPPO Find X6 Pro,https://mobilecity.vn/dien-thoai/oppo-find-x6-pro.html,19950000.0,Qualcomm SM8550AC Snapdragon 8 Gen 2 8 nhân GPU Adreno 740,16.0,512.0,6.82,1440 x 3168,LTPO3 AMOLED,120.0,50,3.0,5000.0,Mật khẩu,Qualcomm SM8550-AC Snapdragon 8 Gen 2 (4 nm),OPPO,Android,Premium,FHD,M8550
iPhone 17 cũ Chính hãng,https://mobilecity.vn/dien-thoai/iphone-17-cu-chinh-hang-dep-99.html,19950000.0,Apple A19 6 nhân GPU Apple GPU,8.0,512.0,6.3,1206 x 2622,LTPO Super Retina XDR OLED,120.0,48,2.0,3692.0,Face ID,Apple A19 (3 nm),Apple,iOS,Premium,HD,A19 Bionic
iPhone 16 Plus cũ Chính hãng,https://mobilecity.vn/dien-thoai/iphone-16-plus-cu-chinh-hang.html,19950000.0,Apple A18 6 nhân Apple GPU,8.0,512.0,6.7,1290 x 2796,Super Retina XDR OLED,60.0,48,2.0,3561.0,Mật khẩu,Apple A18 (3 nm),Apple,iOS,Premium,HD,A18 Bionic
Nubia Red Magic 8 Pro Plus Transformers Leader Edition,https://mobilecity.vn/dien-thoai/red-magic-8-pro-plus-transformers.html,19950000.0,Qualcomm SM8550AB Snapdragon 8 Gen 2 8 nhân GPU Adreno 740,12.0,512.0,6.8,1116 x 2480,AMOLED,120.0,50,3.0,5000.0,Mật khẩu,Qualcomm SM8550-AB Snapdragon 8 Gen 2 (4 nm),Nubia,Android,Premium,HD,M8550
Xiaomi 16 Ultra,https://mobilecity.vn/dien-thoai/xiaomi-16-ultra-dinh-cao-nhiep-anh.html,19950000.0,Qualcomm Snapdragon 8 Elite 2 8 nhân x GHz GPU Adreno 840,16.0,1024.0,6.85,1440 x 3200,LTPO AMOLED,120.0,200,4.0,70500.0,Mật khẩu,Qualcomm Snapdragon 8 Elite 2 (3 nm),Xiaomi,Android,Premium,FHD,Snapdragon 8 elite
Xiaomi 14 Ultra 5G,https://mobilecity.vn/dien-thoai/xiaomi-14-ultra.html,19950000.0,Qualcomm SM8650AB Snapdragon 8 Gen 3 8 nhân GPU Adreno 750,16.0,1024.0,6.73,1440 x 3200,LTPO AMOLED,120.0,50,4.0,5300.0,Mật khẩu,Qualcomm SM8650-AB Snapdragon 8 Gen 3 (4 nm),Xiaomi,Android,Premium,FHD,M8650
Sony Xperia 1 IV 5G,https://mobilecity.vn/dien-thoai/sony-xperia-1-iv.html,19950000.0,Qualcomm SM8450 Snapdragon 8 Gen 1 8 nhân GPU Adreno 730,12.0,512.0,6.5,1644 x 3840,OLED,120.0,12,4.0,5000.0,Mật khẩu,Qualcomm SM8450 Snapdragon 8 Gen 1 (4 nm),Sony,Android,Premium,FHD,M8450
Xiaomi Mi MIX Fold,https://mobilecity.vn/xiaomi/xiaomi-mi-mix-fold.html,20100000.0,Qualcomm Snapdragon 888,16.0,512.0,6.52,840 x 2520,"Foldable AMOLED, 1B colors, HDR10+, Dolby Vision, 900 nits",90.0,108,3.0,5020.0,Mật khẩu,Qualcomm Snapdragon 888 (5 nm),Xiaomi,Android,Premium,HD,Snapdragon 888
Vivo X100 Ultra 5G,https://mobilecity.vn/dien-thoai/vivo-x100-ultra-5g-ket-noi-ve-tinh.html,19950000.0,Qualcomm SM8650AB Snapdragon 8 Gen 3 8 nhân GPU Adreno 750,16.0,1024.0,6.78,1440 x 3200,LTPO AMOLED,120.0,200,3.0,5500.0,Vân tay,Qualcomm SM8650-AB Snapdragon 8 Gen 3 (4 nm),Vivo,Android,Premium,FHD,M8650
Samsung Galaxy S25 Edge,https://mobilecity.vn/dien-thoai/samsung-galaxy-s25-slim.html,19950000.0,Qualcomm SM87503AB Snapdragon 8 Elite 8 nhân GPU Adreno 830,12.0,512.0,6.7,1440 x 3120,LTPO AMOLED 2X,120.0,200,2.0,3900.0,Vân tay,Qualcomm SM8750-3-AB Snapdragon 8 Elite (3 nm),Samsung,Android,Premium,FHD,M87503
iPhone 16 Chính hãng VN/A,https://mobilecity.vn/dien-thoai/iphone-16-chinh-hang-nho-gon.html,20150000.0,Apple A18 6 nhân Apple GPU,8.0,512.0,6.1,1179 x 2556,Super Retina XDR OLED,60.0,48,2.0,3561.0,Mật khẩu,Apple A18 (3 nm),Apple,iOS,Premium,HD,A18 Bionic
ZTE Nubia Red Magic 9S Pro Plus 5G,https://mobilecity.vn/dien-thoai/zte-nubia-red-magic-9s-pro-plus-5g-ai.html,20250000.0,Qualcomm SM8650AC Snapdragon 8 Gen 3 8 nhân GPU Adreno 750,24.0,1024.0,6.8,1116 x 2480,AMOLED,120.0,50,3.0,5500.0,Mật khẩu,Qualcomm SM8650-AC Snapdragon 8 Gen 3 (4 nm),ZTE,Android,Premium,HD,M8650
Asus Zenfone 10 5G,https://mobilecity.vn/dien-thoai/asus-zenfone-10-gia-re.html,20490000.0,Qualcomm SM8550AB Snapdragon 8 Gen 2 8 nhân GPU Adreno 740,16.0,512.0,5.92,1080 x 2400,Super AMOLED,144.0,50,2.0,4300.0,Mật khẩu,Qualcomm SM8550-AB Snapdragon 8 Gen 2 (4 nm),Asus,Android,Premium,HD,M8550
Xiaomi 15 Ultra cũ,https://mobilecity.vn/dien-thoai/xiaomi-15-ultra-cu.html,20500000.0,Qualcomm SM8750AB Snapdragon 8 Elite 8 nhân GPU Adreno 830,16.0,1024.0,6.73,1440 x 3200,LTPO AMOLED,120.0,200,4.0,5410.0,Mật khẩu,Qualcomm SM8750-AB Snapdragon 8 Elite (3 nm),Xiaomi,Android,Premium,FHD,M8750
iPhone 13 Pro Max,https://mobilecity.vn/apple/iphone-13-pro-max-chinh-hang-vn-a.html,20950000.0,Apple A15 Bionic 6 nhân GPU Apple GPU,6.0,1024.0,6.7,1284 x 2778,Super Retina,120.0,12,3.0,4352.0,Mật khẩu,Apple A15 Bionic (5 nm),Apple,iOS,Premium,HD,A15 Bionic
Honor Magic8 Pro,https://mobilecity.vn/dien-thoai/honor-magic8-pro-5g.html,21050000.0,Qualcomm SM8850AC Snapdragon 8 Elite Gen 5 8 nhân GPU Adreno 840,16.0,1024.0,6.71,1256 x 2808,LTPO OLED,120.0,200,3.0,7100.0,"Vân tay, Face ID",Qualcomm SM8850-AC Snapdragon 8 Elite Gen 5 (3 nm),Honor,Android,Premium,HD,M8850
Google Pixel 10,https://mobilecity.vn/dien-thoai/google-pixel-10.html,21050000.0,Google Tensor G5 8 nhân GPU PowerVR DXT481536,12.0,256.0,6.3,1080 x 2424,OLED,120.0,48,3.0,4970.0,Vân tay,Google Tensor G5 (3 nm),Google,Android,Premium,HD,Tensor G5
iPhone 14 Chính hãng VN/A,https://mobilecity.vn/dien-thoai/iphone-14.html,21450000.0,Apple A15 Bionic 6 nhân GPU Apple GPU,6.0,128.0,6.1,1170 x 2532,Super Retina XDR OLED,60.0,12,2.0,3279.0,Mật khẩu,Apple A15 Bionic (5 nm),Apple,iOS,Premium,HD,A15 Bionic
ZTE Nubia Red Magic 11 Pro Plus,https://mobilecity.vn/dien-thoai/zte-nubia-red-magic-11-pro-plus.html,21150000.0,Qualcomm SM8850AC Snapdragon 8 Elite Gen 5 8 nhân GPU Adreno 840,24.0,1024.0,6.85,1216 x 2688,AMOLED,144.0,50,3.0,7500.0,Vân tay,Qualcomm SM8850-AC Snapdragon 8 Elite Gen 5 (3 nm),ZTE,Android,Premium,HD,M8850
Vivo iQOO 15 Ultra,https://mobilecity.vn/dien-thoai/vivo-iqoo-15-ultra-cao-cap-IP68.html,21350000.0,Snapdragon 8 Elite Gen 5 8 nhân GPU Adreno 840,16.0,1024.0,6.85,1440 x 3168,LTPO AMOLED,144.0,50,3.0,7400.0,Mật khẩu,Snapdragon 8 Elite Gen 5 (3 nm),Vivo,Android,Premium,FHD,Snapdragon 8 elite gen 5
Nubia Red Magic 8S Pro Plus Bumblebee Edition,https://mobilecity.vn/dien-thoai/nubia-red-magic-8s-pro-plus-bumblebee-edition.html,21550000.0,Qualcomm Snapdragon 8 Gen 2 8 nhân GPU Adreno 740,24.0,1024.0,6.8,1116 x 2480,AMOLED,120.0,50,3.0,5000.0,Mật khẩu,Qualcomm Snapdragon 8+ Gen 2 (4 nm),Nubia,Android,Premium,HD,Snapdragon 8 gen 2
ZTE Nubia Red Magic 10S Pro Plus,https://mobilecity.vn/dien-thoai/zte-nubia-red-magic-10s-pro-plus.html,21650000.0,Qualcomm SM8750AB Snapdragon 8 Elite Leading 8 nhân GPU Adreno 830,24.0,1024.0,6.85,1216 x 2688,AMOLED,144.0,50,3.0,7500.0,Mật khẩu,Qualcomm SM8750-AB Snapdragon 8 Elite (3 nm) - Leading,ZTE,Android,Premium,HD,M8750
Xiaomi MIX Flip 2,https://mobilecity.vn/dien-thoai/xiaomi-mix-flip-2.html,21850000.0,Qualcomm SM8750AB Snapdragon 8 Elite 8 nhân GPU Adreno 830,16.0,1024.0,6.86,1224 x 2912,Foldable LTPO AMOLED | Màn hình phụ: AMOLED,120.0,50,2.0,5165.0,Vân tay,Qualcomm SM8750-AB Snapdragon 8 Elite (3 nm),Xiaomi,Android,Premium,HD,M8750
Sony Xperia 1 VI 5G,https://mobilecity.vn/dien-thoai/sony-xperia-1-vi-1-mark-6-5g.html,21950000.0,Qualcomm SM8650AB Snapdragon 8 Gen 3 8 nhân GPU Adreno 750,12.0,256.0,6.5,1080 x 2340,LTPO OLED,120.0,48,3.0,5000.0,Mật khẩu,Qualcomm SM8650-AB Snapdragon 8 Gen 3 (4 nm),Sony,Android,Premium,HD,M8650
OPPO Find X5 Pro,https://mobilecity.vn/oppo/oppo-find-x5-pro.html,21950000.0,MediaTek Dimensity 9000 8 nhân Qualcomm SM8450 Snapdragon 8 Gen 1 8 nhân GPU MaliG710 MP10 hoặc Adreno 730,12.0,512.0,6.7,1440 x 3216,LTPO2 AMOLED,120.0,50,3.0,5000.0,Mật khẩu,MediaTek Dimensity 9000 (4 nm),OPPO,Android,Premium,FHD,M8450
Samsung Galaxy S25 Plus Chính hãng,https://mobilecity.vn/dien-thoai/samsung-galaxy-s25-plus-chinh-hang.html,22150000.0,Qualcomm SM8750AB Snapdragon 8 Elite 8 nhân GPU Adreno 830,12.0,512.0,6.7,1440 x 3120,Dynamic LTPO AMOLED 2X,120.0,50,3.0,4900.0,Vân tay,Qualcomm SM8750-AB Snapdragon 8 Elite (3 nm),Samsung,Android,Premium,FHD,M8750
Nubia Red Magic 9 Pro Plus Bumblebee Transformers Edition,https://mobilecity.vn/dien-thoai/nubia-red-magic-9-pro-plus-bumblebee-transformers-edition.html,22790000.0,Qualcomm SM8650AB Snapdragon 8 Gen 3 8 nhân GPU Adreno 750,16.0,512.0,6.8,1116 x 2480,AMOLED,120.0,50,3.0,5500.0,Mật khẩu,Qualcomm SM8650-AB Snapdragon 8 Gen 3 (4 nm),Nubia,Android,Premium,HD,M8650
Asus ROG Phone 9 FE,https://mobilecity.vn/dien-thoai/asus-rog-phone-9-fe.html,22450000.0,Qualcomm SM8650AB Snapdragon 8 Gen 3 8 nhân GPU Adreno 750,16.0,256.0,6.78,1080 x 2400,LTPO SAMSUNG Flexible AMOLED,165.0,50,3.0,5500.0,Vân tay,Qualcomm SM8650-AB Snapdragon 8 Gen 3 (4 nm),Asus,Android,Premium,HD,M8650
Samsung Galaxy Z Flip 7 Chính hãng,https://mobilecity.vn/dien-thoai/samsung-galaxy-z-flip-7-chinh-hang.html,23450000.0,Exynos 2500 10 nhân GPU Xclipse 950,12.0,512.0,6.9,1080 x 2520,Foldable Dynamic LTPO AMOLED 2X | Màn phụ: Super AMOLED,120.0,50,2.0,4300.0,Vân tay,Exynos 2500 (3 nm),Samsung,Android,Premium,HD,Exynos 2500 10
Honor Magic 4,https://mobilecity.vn/dien-thoai/honor-magic-4.html,23450000.0,Qualcomm SM8450 Snapdragon 8 Gen 1 8 nhân GPU Adreno 730,12.0,512.0,6.81,1224 x 2664,LTPO OLED,120.0,50,3.0,4800.0,Vân tay,Qualcomm SM8450 Snapdragon 8 Gen 1 (4 nm),Honor,Android,Premium,HD,M8450
iPhone 15 Pro Chính hãng VN/A,https://mobilecity.vn/dien-thoai/iphone-15-pro-chinh-hang-vn-a.html,23950000.0,Apple A17 Pro 6 nhân GPU Apple GPU,8.0,1024.0,6.1,1179 x 2556,LTPO Super Retina XDR OLED,120.0,48,3.0,3274.0,Mật khẩu,Apple A17 Pro (3 nm),Apple,iOS,Premium,HD,A17 Bionic
Google Pixel 8 Pro 5G,https://mobilecity.vn/dien-thoai/google-pixel-8-pro-chip-tensor-3.html,24390000.0,Google Tensor G3 9 nhân GPU ImmortalisG715s MC10,12.0,256.0,6.7,1344 x 2992,LTPO OLED,120.0,50,3.0,5050.0,Mật khẩu,Google Tensor G3 (4 nm),Google,Android,Premium,HD,Tensor G3
Nothing Phone,https://mobilecity.vn/dien-thoai/nothing-phone-3-man-oled.html,24590000.0,Qualcomm SM8735 Snapdragon 8s Gen 4 8 nhân GPU Adreno 825,16.0,512.0,6.67,1260 x 2800,OLED,120.0,50,3.0,5150.0,Mật khẩu,Qualcomm SM8735 Snapdragon 8s Gen 4 (4 nm),Nothing,Android,Premium,HD,M8735
iPhone 14 Pro Chính hãng VN/A,https://mobilecity.vn/dien-thoai/iphone-14-pro.html,24850000.0,Apple A16 Bionic 6 nhân GPU Apple GPU 16core Neural Engine,6.0,1024.0,6.1,1179 x 2556,LTPO Super Retina XDR OLED,120.0,48,3.0,3200.0,Mật khẩu,Apple A16 Bionic (4 nm),Apple,iOS,Premium,HD,A16 Bionic
Google Pixel 9 Pro 5G,https://mobilecity.vn/dien-thoai/google-pixel-9-pro-5g.html,24950000.0,Google Tensor G4 8 nhân GPU MaliG715 MC7,16.0,1024.0,6.3,1280 x 2856,LTPO OLED,120.0,50,3.0,4700.0,Vân tay,Google Tensor G4 (4 nm),Google,Android,Premium,HD,Tensor G4
OPPO Find X9 Ultra,https://mobilecity.vn/dien-thoai/oppo-find-x9-ultra.html,24950000.0,Qualcomm Snapdragon 8 Elite Gen 5 8 nhân GPU Adreno 840,16.0,1024.0,6.82,1440 x 3168,LTPO AMOLED,120.0,50,4.0,6500.0,Mật khẩu,Qualcomm Snapdragon 8 Elite Gen 5 (3 nm),OPPO,Android,Premium,FHD,Snapdragon 8 elite gen 5
iPhone 16 Pro Chính hãng VN/A,https://mobilecity.vn/dien-thoai/iphone-16-pro-chinh-hang-vn-a.html,25500000.0,Apple A18 Pro 6 nhân Apple GPU,8.0,1024.0,6.3,1206 x 2622,LTPO Super Retina XDR OLED,120.0,48,3.0,3582.0,Mật khẩu,Apple A18 Pro (3 nm),Apple,iOS,Premium,HD,A18 Bionic
iPhone 17 Chính hãng,https://mobilecity.vn/dien-thoai/iphone-17-chinh-hang.html,24990000.0,Apple A19 6 nhân GPU Apple GPU,8.0,512.0,6.3,1206 x 2622,LTPO Super Retina XDR OLED,120.0,48,2.0,3692.0,Face ID,Apple A19 (3 nm),Apple,iOS,Premium,HD,A19 Bionic
iPhone Air cũ Chính hãng,https://mobilecity.vn/dien-thoai/iphone-17-air-cu-gia-re.html,25550000.0,Apple A19 Pro 6 nhân Apple GPU,12.0,1024.0,6.5,1260 x 2736,LTPO Super Retina XDR OLED,120.0,48,1.0,3149.0,Mật khẩu,Apple A19 Pro (3 nm),Apple,iOS,Premium,HD,A19 Bionic
Vivo X Fold 5,https://mobilecity.vn/dien-thoai/vivo-x-fold-5-sieu-nhe.html,25550000.0,Qualcomm SM8650AB Snapdragon 8 Gen 3 8 nhân GPU Adreno 750,16.0,1024.0,8.03,2200 x 2480,Foldable LTPO AMOLED (màn chính) | LTPO AMOLED (màn phụ),120.0,50,3.0,6000.0,Mật khẩu,Qualcomm SM8650-AB Snapdragon 8 Gen 3 (4 nm),Vivo,Android,Premium,2K,M8650
iPhone 12 Pro Max Chính hãng,https://mobilecity.vn/apple/iphone-12-pro-max.html,28550000.0,Apple A14 Bionic,6.0,512.0,6.7,1284 x 2778,Super Retina XDR OLED,60.0,12,3.0,3687.0,Mật khẩu,Apple A14 Bionic (5 nm),Apple,iOS,Premium,HD,A14 Bionic
Nothing Fold,https://mobilecity.vn/dien-thoai/nothing-fold-1-sieu-dep.html,25750000.0,MediaTek Dimensity 9400 8 nhân GPU ImmortalisG925,16.0,512.0,8.0,2880 x 1620,Foldable LTPO AMOLED,120.0,50,3.0,5500.0,Mật khẩu,MediaTek Dimensity 9400 (3 nm),Nothing,Android,Premium,2.5K,Dimensity 9400
Xiaomi 17 Ultra,https://mobilecity.vn/dien-thoai/xiaomi-17-ultra-5g.html,25950000.0,Qualcomm Snapdragon 8 Elite Gen 5 8 nhân GPU Adreno 840,16.0,1024.0,6.9,1200 x 2608,LTPO AMOLED,120.0,200,3.0,6800.0,Vân tay,Qualcomm Snapdragon 8 Elite Gen 5 (3 nm),Xiaomi,Android,Premium,HD,Snapdragon 8 elite gen 5
Asus Zenfone 11 Ultra 5G,https://mobilecity.vn/dien-thoai/asus-zenfone-11-ultra.html,25950000.0,Qualcomm SM8650AB Snapdragon 8 Gen 3 8 nhân GPU Adreno 750,16.0,512.0,6.78,1080 x 2400,LTPO AMOLED,144.0,50,3.0,5500.0,Vân tay,Qualcomm SM8650-AB Snapdragon 8 Gen 3 (4 nm),Asus,Android,Premium,HD,M8650
Sony Xperia 5 V 5G,https://mobilecity.vn/dien-thoai/sony-xperia-5-v-snapdragon-8-gen-2.html,25950000.0,Qualcomm SM8550AB Snapdragon 8 Gen 2 8 nhân GPU Adreno 740,8.0,256.0,6.1,1080 x 2520,OLED,120.0,48,2.0,5000.0,Mật khẩu,Qualcomm SM8550-AB Snapdragon 8 Gen 2 (4 nm),Sony,Android,Premium,HD,M8550
Honor Magic 4 Pro,https://mobilecity.vn/dien-thoai/honor-magic-4-pro.html,25950000.0,Qualcomm SM8450 Snapdragon 8 Gen 1 8 nhân GPU Adreno 730,12.0,512.0,6.81,1312 x 2848,LTPO OLED,120.0,64,3.0,4600.0,Mật khẩu,Qualcomm SM8450 Snapdragon 8 Gen 1 (4 nm),Honor,Android,Premium,HD,M8450
Google Pixel 10 Pro,https://mobilecity.vn/dien-thoai/google-pixel-10-pro.html,26350000.0,Google Tensor G5 8 nhân GPU PowerVR DXT481536,16.0,1024.0,6.3,1280 x 2856,LTPO OLED,120.0,50,3.0,4870.0,Vân tay,Google Tensor G5 (3 nm),Google,Android,Premium,HD,Tensor G5
OPPO Find N3 5G,https://mobilecity.vn/dien-thoai/oppo-find-n3-5g-dien-thoai-gap.html,26650000.0,Qualcomm SM8550AB Snapdragon 8 Gen 2 8 nhân GPU Adreno 740,16.0,1024.0,7.82,2268 x 2440,Màn hình trong: Foldable LTPO3 OLED | Màn hình ngoài: LTPO3 OLED,120.0,64,3.0,4805.0,Mật khẩu,Qualcomm SM8550-AB Snapdragon 8 Gen 2 (4 nm),OPPO,Android,Premium,2K,M8550
OPPO Find X7 Ultra Satellite Edition,https://mobilecity.vn/dien-thoai/oppo-find-x7-ultra-satellite-edition.html,26790000.0,Qualcomm SM8650AB Snapdragon 8 Gen 3 8 nhân GPU Adreno 750,16.0,1024.0,6.82,1440 x 3168,LTPO AMOLED,120.0,50,4.0,5000.0,Vân tay,Qualcomm SM8650-AB Snapdragon 8 Gen 3 (4 nm),OPPO,Android,Premium,FHD,M8650
Asus Zenfone 12 Ultra,https://mobilecity.vn/dien-thoai/asus-zenfone-12-ultra-5g.html,26950000.0,Qualcomm SM8750AB Snapdragon 8 Elite 8 nhân GPU Adreno 830,16.0,512.0,6.78,1080 x 2400,LTPO AMOLED,144.0,50,3.0,5500.0,Mật khẩu,Qualcomm SM8750-AB Snapdragon 8 Elite (3 nm),Asus,Android,Premium,HD,M8750
Samsung Galaxy Z Fold5 Chính hãng,https://mobilecity.vn/dien-thoai/samsung-galaxy-z-fold-5-sieu-sang-trong.html,27250000.0,Qualcomm SM8550AC Snapdragon 8 Gen 2 8 nhân GPU Adreno 740,12.0,1024.0,7.6,1812 x 2176,Chính: Foldable Dynamic AMOLED 2X | Phụ: Dynamic AMOLED 2X,120.0,50,3.0,4400.0,Mật khẩu,Qualcomm SM8550-AC Snapdragon 8 Gen 2 (4 nm),Samsung,Android,Premium,FHD,M8550
Honor Magic7 RSR Porsche Design,https://mobilecity.vn/dien-thoai/honor-magic7-rsr-snapdragon-8-elite.html,27950000.0,Qualcomm SM8750AB Snapdragon 8 Elite 8 nhân GPU Adreno 830,24.0,1024.0,6.8,1280 x 2800,LTPO OLED,120.0,200,3.0,5850.0,Face ID,Qualcomm SM8750-AB Snapdragon 8 Elite (3 nm),Honor,Android,Premium,HD,M8750
Google Pixel 9 Pro XL,https://mobilecity.vn/dien-thoai/google-pixel-9-pro-xl-chip-tensor-g4.html,27550000.0,Google Tensor G4 8 nhân GPU MaliG715 MC7,16.0,1024.0,6.8,1344 x 2992,LTPO OLED,120.0,50,3.0,5060.0,Vân tay,Google Tensor G4 (4 nm),Google,Android,Premium,HD,Tensor G4
Asus ROG Phone 9 Pro,https://mobilecity.vn/dien-thoai/asus-rog-phone-9-pro.html,27950000.0,Qualcomm SM8750AB Snapdragon 8 Elite 8 nhân GPU Adreno 830,24.0,1024.0,6.78,1080 x 2400,LTPO AMOLED,165.0,50,3.0,5800.0,Mật khẩu,Qualcomm SM8750-AB Snapdragon 8 Elite (3 nm),Asus,Android,Premium,HD,M8750
Sony Xperia 1 VII,https://mobilecity.vn/dien-thoai/sony-xperia-1-vii-camera-52MP.html,29550000.0,Qualcomm SM8750AB Snapdragon 8 Elite 8 nhân GPU Adreno 830,12.0,512.0,6.5,1080 x 2340,LTPO OLED,120.0,48,3.0,5000.0,Vân tay,Qualcomm SM8750-AB Snapdragon 8 Elite (3 nm),Sony,Android,Premium,HD,M8750
iPhone 17 Pro cũ Chính hãng,https://mobilecity.vn/dien-thoai/iphone-17-pro-cu-dep-99.html,29950000.0,Apple A19 Pro 6 nhân Apple GPU,12.0,1024.0,6.3,1206 x 2622,LTPO Super Retina XDR OLED,120.0,48,3.0,3988.0,Face ID,Apple A19 Pro (3 nm),Apple,iOS,Premium,HD,A19 Bionic
Honor Magic V2 Chính hãng,https://mobilecity.vn/dien-thoai/honor-magic-v2-snapdragon-8-gen-2-chinh-hang.html,29700000.0,Snapdragon 8 Gen 2 8 nhân GPU Adreno 740,16.0,1024.0,7.92,2156 x 2344,Foldable LTPO OLED (màn hình chính) | LTPO OLED (màn hình phụ),120.0,50,3.0,5000.0,Mật khẩu,Snapdragon 8 Gen 2 (4 nm),Honor,Android,Premium,2K,Snapdragon 8 gen 2
Xiaomi MIX Fold 4 5G,https://mobilecity.vn/dien-thoai/xiaomi-mix-fold-4-snapdragon-8-gen-3.html,31250000.0,Qualcomm SM8650AB Snapdragon 8 Gen 3 8 nhân GPU Adreno 750,16.0,1024.0,7.98,2224 x 2488,Foldable LTPO AMOLED (chính) | LTPO AMOLED (phụ),120.0,50,4.0,5100.0,Vân tay,Qualcomm SM8650-AB Snapdragon 8 Gen 3 (4 nm),Xiaomi,Android,Premium,2K,M8650
Honor Magic V3 Chính hãng,https://mobilecity.vn/dien-thoai/honor-magic-v3-chinh-hang.html,30950000.0,Qualcomm SM8650AB Snapdragon 8 Gen 3 8 nhân GPU Adreno 750,16.0,1024.0,7.92,2156 x 2344,Foldable LTPO AMOLED (màn chính) | LTPO OLED (màn phụ),120.0,50,3.0,5150.0,Mật khẩu,Qualcomm SM8650-AB Snapdragon 8 Gen 3 (4 nm),Honor,Android,Premium,2K,M8650
Asus ROG Phone 7 Ultimate,https://mobilecity.vn/dien-thoai/asus-rog-phone-7-ultimate-dung-luong-pin-cao.html,31550000.0,Qualcomm SM8550AB Snapdragon 8 Gen 2 8 nhân GPU Adreno 740,16.0,512.0,6.78,1080 x 2448,AMOLED,165.0,50,3.0,6000.0,Mật khẩu,Qualcomm SM8550-AB Snapdragon 8 Gen 2 (4 nm),Asus,Android,Premium,HD,M8550
Xiaomi MIX Fold 2,https://mobilecity.vn/dien-thoai/xiaomi-mix-fold-2.html,31450000.0,Qualcomm SM8475 Snapdragon 8 Gen 1 8 nhân GPU Adreno 730,12.0,1024.0,8.02,1914 x 2160,Foldable LTPO2 OLED | AMOLED,120.0,50,3.0,4500.0,Vân tay,Qualcomm SM8475 Snapdragon 8+ Gen 1 (4 nm),Xiaomi,Android,Premium,FHD,M8475
Google Pixel 10 Pro XL,https://mobilecity.vn/dien-thoai/google-pixel-10-pro-xl.html,31650000.0,Google Tensor G5 8 nhân GPU PowerVR DXT481536,16.0,1024.0,6.8,1344 x 2992,LTPO OLED,120.0,50,3.0,5200.0,Vân tay,Google Tensor G5 (3 nm),Google,Android,Premium,HD,Tensor G5
OnePlus Open 2,https://mobilecity.vn/dien-thoai/oneplus-open-2-cao-cap.html,32890000.0,Qualcomm SM8750AB Snapdragon 8 Elite 8 nhân GPU Adreno 830,16.0,256.0,7.82,2268 x 2440,Foldable LTPO3 Flexi-fluid AMOLED | Màn phụ: LTPO3 Super Fluid OLED,120.0,64,3.0,5000.0,Mật khẩu,Qualcomm SM8750-AB Snapdragon 8 Elite (3 nm),OnePlus,Android,Premium,2K,M8750
Honor Magic V5,https://mobilecity.vn/dien-thoai/honor-magic-v5-pin-6100mah.html,32950000.0,Qualcomm SM8750AB Snapdragon 8 Elite 8 nhân GPU Adreno 830,16.0,1024.0,7.95,2172 x 2352,Foldable LTPO AMOLED (chính) | LTPO OLED (phụ),120.0,64,3.0,5820.0,Mật khẩu,Qualcomm SM8750-AB Snapdragon 8 Elite (3 nm),Honor,Android,Premium,2K,M8750
iPhone 17 Pro Max cũ Chính hãng,https://mobilecity.vn/dien-thoai/iphone-17-pro-max-cu.html,32950000.0,Apple A19 Pro 6 nhân Apple GPU,12.0,2048.0,6.9,1320 x 2868,LTPO Super Retina XDR OLED,120.0,48,3.0,4832.0,Face ID,Apple A19 Pro (3 nm),Apple,iOS,Premium,HD,A19 Bionic
Samsung Galaxy Z Fold 6 5G Chính hãng,https://mobilecity.vn/dien-thoai/samsung-galaxy-z-fold6-5g.html,33950000.0,Qualcomm SM8650AC Snapdragon 8 Gen 3 8 nhân GPU Adreno 750,12.0,1024.0,7.6,1856 x 2160,Chính: Foldable Dynamic LTPO AMOLED 2X | Phụ: Dynamic LTPO AMOLED 2X,120.0,50,3.0,4400.0,Mật khẩu,Qualcomm SM8650-AC Snapdragon 8 Gen 3 (4 nm),Samsung,Android,Premium,FHD,M8650
Vivo X Fold 3 Pro 5G,https://mobilecity.vn/dien-thoai/vivo-x-fold-3-pro-5g.html,34350000.0,Qualcomm SM8650AB Snapdragon 8 Gen 3 8 nhân GPU Adreno 750,16.0,1024.0,8.03,2200 x 2480,Foldable LTPO AMOLED E7,120.0,64,3.0,5700.0,Mật khẩu,Qualcomm SM8650-AB Snapdragon 8 Gen 3 (4 nm),Vivo,Android,Premium,2K,M8650
iPhone 17 Pro Chính hãng,https://mobilecity.vn/dien-thoai/iphone-17-pro-chinh-hang.html,34999000.0,Apple A19 Pro 6 nhân Apple GPU,12.0,1024.0,6.3,1206 x 2622,LTPO Super Retina XDR OLED,120.0,48,3.0,3988.0,Face ID,Apple A19 Pro (3 nm),Apple,iOS,Premium,HD,A19 Bionic
OPPO Find N5 Chính hãng,https://mobilecity.vn/dien-thoai/oppo-find-n5.html,36450000.0,Qualcomm SM87503AB Snapdragon 8 Elite 7 nhân GPU Adreno 830,16.0,1024.0,8.12,2248 x 2480,Màn hình trong: Foldable LTPO OLED | Màn hình ngoài: LTPO OLED,120.0,50,3.0,5600.0,Mật khẩu,Qualcomm SM8750-3-AB Snapdragon 8 Elite (3 nm),OPPO,Android,Premium,2K,M87503
OnePlus Open 5G,https://mobilecity.vn/dien-thoai/oneplus-open-fold-dien-thoai-gap.html,36890000.0,Qualcomm SM8550AB Snapdragon 8 Gen 2 8 nhân GPU Adreno 740,16.0,512.0,7.82,2268 x 2440,Foldable LTPO3 Flexi-fluid AMOLED | Màn phụ: LTPO3 Super Fluid OLED,120.0,64,3.0,4805.0,Mật khẩu,Qualcomm SM8550-AB Snapdragon 8 Gen 2 (4 nm),OnePlus,Android,Premium,2K,M8550
Google Pixel Fold,https://mobilecity.vn/dien-thoai/google-pixel-fold.html,39890000.0,Google Tensor G2 8 nhân GPU MaliG710 MP7,12.0,512.0,7.6,1840 x 2208,OLED,120.0,48,3.0,4821.0,Mật khẩu,Google Tensor G2 (5 nm),Google,Android,Premium,FHD,Tensor G2
Google Pixel 9 Pro Fold,https://mobilecity.vn/dien-thoai/google-pixel-9-pro-fold.html,42250000.0,Google Tensor G4 8 nhân GPU MaliG715 MC7,16.0,512.0,8.0,2076 x 2152,Foldable LTPO OLED | Màn phụ: OLED,120.0,48,3.0,4650.0,Mật khẩu,Google Tensor G4 (4 nm),Google,Android,Premium,2K,Tensor G4
Samsung Galaxy Z Fold Special Edition,https://mobilecity.vn/dien-thoai/samsung-galaxy-z-fold-special-edition.html,51250000.0,Qualcomm SM8650AC Snapdragon 8 Gen 3 For Galaxy 8 nhân GPU Adreno 750,16.0,512.0,8.0,1968 x 2184,Màn trong: Foldable Dynamic LTPO AMOLED 2X | Màn ngoài: Dynamic LTPO AMOLED 2X,120.0,200,3.0,4400.0,Mật khẩu,Qualcomm SM8650-AC Snapdragon 8 Gen 3 (4 nm) - For Galaxy,Samsung,Android,Premium,FHD,M8650
